url,label,source,registered_domain,tld,url_length,hostname_length,path_length,query_length,url_entropy,hostname_entropy,has_ip,num_subdomains,num_dots,num_hyphens,num_digits,num_special_chars,digit_ratio,has_at_symbol,is_https,is_shortened,num_suspicious_keywords,has_suspicious_keyword,domain_age_days
https://itcommunication.co.za/outlook3/,1,phishtank,itcommunication.co.za,co.za,39,21,10,0,3.8847,3.2369,0,0,2,0,1,1,0.0256,0,1,0,1,1,-1
https://kleinanzelgen.de.57561718.my/getpayment/13060108,1,phishtank,57561718.my,my,56,28,20,0,4.432,3.8963,0,2,3,0,16,1,0.2857,0,1,0,1,1,29
https://tdeignan0.wixstudio.com/tomdeignan,1,phishtank,wixstudio.com,com,42,23,11,0,4.1096,3.882,0,1,2,0,1,1,0.0238,0,1,0,0,0,-1
https://pub-fd6c0ef7433f4684983b2fc8d72bc9c2.r2.dev/imag.html,1,phishtank,r2.dev,dev,61,43,10,0,4.6842,4.0827,0,1,3,1,20,1,0.3279,0,1,0,0,0,-1
https://zapost-id2981.firebaseapp.com/,1,phishtank,firebaseapp.com,com,38,29,1,0,4.3264,4.1852,0,1,2,1,4,1,0.1053,0,1,0,0,0,5027
https://pub-f93f0e86a9444bacbe8b4f015f8c7ce6.r2.dev/link.html,1,phishtank,r2.dev,dev,61,43,10,0,4.7869,4.2284,0,1,3,1,18,1,0.2951,0,1,0,0,0,-1
https://scalibur.io/,0,tranco,scalibur.io,io,20,11,1,0,3.7842,3.2776,0,0,1,0,0,1,0.0,0,1,0,0,0,406
https://my.visme.co/view/310rrdp4-d3o26vqrrvx6lgxw?gclid=EAIaIQobChMI9YCSvvuc_QIVu0BIAB01UwmBEAAYAiAAEgKpIvD_BwE,1,phishtank,visme.co,co,112,11,31,61,5.3243,3.0958,0,1,2,1,12,3,0.1071,0,1,0,0,0,4582
https://betpawa.mw/,0,tranco,betpawa.mw,mw,19,10,1,0,3.4316,2.9219,0,0,1,0,0,1,0.0,0,1,0,0,0,-1
https://sonicwall.com/,0,tranco,sonicwall.com,com,22,13,1,0,3.7888,3.2389,0,0,1,0,0,1,0.0,0,1,0,0,0,10289
https://new.express.adobe.com/webpage/UDfQFkRsLZcEO,1,phishtank,adobe.com,com,51,21,22,0,4.6328,3.5945,0,2,3,0,0,1,0.0,0,1,0,0,0,14492
https://walmart.com.mx/,0,tranco,walmart.com.mx,com.mx,23,14,1,0,3.7294,3.182,0,0,2,0,0,1,0.0,0,1,0,0,0,9840
https://dndbeyond.com/,0,tranco,dndbeyond.com,com,22,13,1,0,3.7544,3.027,0,0,1,0,0,1,0.0,0,1,0,0,0,3455
https://ctrltech.ai/,0,tranco,ctrltech.ai,ai,20,11,1,0,3.4842,3.0958,0,0,1,0,0,1,0.0,0,1,0,0,0,335
https://qrco.de/bfOBJU,1,phishtank,qrco.de,de,22,7,7,0,4.1524,2.8074,0,0,1,0,0,1,0.0,0,1,0,0,0,-1
https://aoeygkwcfzrq.021110f6-5146-4ad7-abf0-b91adf8d5ff3.click/ab753813-65b8-4970-99d4-b2b2abc212e6.php,1,phishtank,021110f6-5146-4ad7-abf0-b91adf8d5ff3.click,click,104,55,41,0,4.7922,4.5198,0,1,3,8,41,1,0.3942,0,1,0,0,0,55
https://ada.org/,0,tranco,ada.org,org,16,7,1,0,3.4528,2.5216,0,0,1,0,0,1,0.0,0,1,0,0,0,11842
https://olmpgrd.weebly.com/,1,phishtank,weebly.com,com,27,18,1,0,4.0603,3.6144,0,1,2,0,0,1,0.0,0,1,0,0,0,7420
https://forms.sendpulse.com/adeab5fb27/,1,phishtank,sendpulse.com,com,39,19,12,0,4.2917,3.5766,0,1,2,0,3,1,0.0769,0,1,0,0,0,4197
https://pdflib.com/,0,tranco,pdflib.com,com,19,10,1,0,3.7871,3.3219,0,0,1,0,0,1,0.0,0,1,0,0,0,9832
https://qrco.de/bfEoE4,1,phishtank,qrco.de,de,22,7,7,0,3.9706,2.8074,0,0,1,0,1,1,0.0455,0,1,0,0,0,-1
https://logmeininc.com/,0,tranco,logmeininc.com,com,23,14,1,0,3.7951,3.0931,0,0,1,0,0,1,0.0,0,1,0,0,0,4382
https://easying-f2b8c.web.app/,1,phishtank,web.app,app,30,21,1,0,4.1899,3.9161,0,1,2,1,2,1,0.0667,0,1,0,0,0,-1
https://nexthink.cloud/,0,tranco,nexthink.cloud,cloud,23,14,1,0,3.9362,3.6645,0,0,1,0,0,1,0.0,0,1,0,0,0,2872
https://digital-services.solutions/,0,tranco,digital-services.solutions,solutions,35,26,1,0,4.0332,3.7774,0,0,1,1,0,1,0.0,0,1,0,1,1,-1
https://cuty.io/P1nTlpd,1,phishtank,cuty.io,io,23,7,8,0,4.0231,2.8074,0,0,1,0,1,1,0.0435,0,1,0,0,0,1737
https://torombolorombi-ux.github.io/torombolorombi098/,1,phishtank,github.io,io,54,27,19,0,3.8795,3.4579,0,1,2,1,3,1,0.0556,0,1,0,0,0,4883
https://nnfems.com/Webmail/16/Webmail/webmail.php,1,phishtank,nnfems.com,com,49,10,31,0,4.1679,2.9219,0,0,2,0,2,1,0.0408,0,1,0,0,0,5969
http://auth.sellerjobchile.com/,1,phishtank,sellerjobchile.com,com,31,23,1,0,3.9937,3.7623,0,1,2,0,0,1,0.0,0,0,0,1,1,382
https://hscoscdn10.net/,0,tranco,hscoscdn10.net,net,23,14,1,0,3.6425,3.3788,0,0,1,0,2,1,0.087,0,1,0,0,0,3262
https://cervantesvirtual.com/,0,tranco,cervantesvirtual.com,com,29,20,1,0,4.0044,3.7219,0,0,1,0,0,1,0.0,0,1,0,0,0,9883
https://qrco.de/bfB5ZM,1,phishtank,qrco.de,de,22,7,7,0,4.1524,2.8074,0,0,1,0,1,1,0.0455,0,1,0,0,0,-1
https://toto12sena.com/,0,tranco,toto12sena.com,com,23,14,1,0,3.6753,3.3249,0,0,1,0,2,1,0.087,0,1,0,0,0,84
https://support-auth-network-login.web.app/,1,phishtank,web.app,app,43,34,1,0,4.1359,4.0209,0,1,2,3,0,1,0.0,0,1,0,3,1,-1
https://ros.ie/,0,tranco,ros.ie,ie,15,6,1,0,3.3232,2.585,0,0,1,0,0,1,0.0,0,1,0,0,0,9505
https://tkmaxx.com/,0,tranco,tkmaxx.com,com,19,10,1,0,3.5369,2.9219,0,0,1,0,0,1,0.0,0,1,0,0,0,11029
https://mission.wasmer.app/es,1,phishtank,wasmer.app,app,29,18,3,0,3.7159,3.3502,0,1,2,0,0,1,0.0,0,1,0,0,0,-1
https://www.rajr-sroc.pt/ace/,1,phishtank,rajr-sroc.pt,pt,29,16,5,0,3.7454,3.2806,0,1,2,1,0,1,0.0,0,1,0,0,0,-1
https://railway.app/,0,tranco,railway.app,app,20,11,1,0,3.5087,2.8454,0,0,1,0,0,1,0.0,0,1,0,0,0,-1
https://beanywhere.com/,0,tranco,beanywhere.com,com,23,14,1,0,3.9362,3.4677,0,0,1,0,0,1,0.0,0,1,0,0,0,8357
https://bipcompras-ar.webcindario.com/inicio.html,1,phishtank,webcindario.com,com,49,29,12,0,4.1291,3.7623,0,1,3,1,0,1,0.0,0,1,0,0,0,9275
https://verfdyeuihsi.weebly.com/,1,phishtank,weebly.com,com,32,23,1,0,4.2264,3.9149,0,1,2,0,0,1,0.0,0,1,0,0,0,7420
https://ssoappcomstartt.wixstudio.com/en-us,1,phishtank,wixstudio.com,com,43,29,6,0,4.0186,3.6166,0,1,2,1,0,1,0.0,0,1,0,0,0,-1
https://runconverge.com/,0,tranco,runconverge.com,com,24,15,1,0,3.8868,3.2402,0,0,1,0,0,1,0.0,0,1,0,0,0,1667
https://pluxee.app/,0,tranco,pluxee.app,app,19,10,1,0,3.3661,2.6464,0,0,1,0,0,1,0.0,0,1,0,0,0,-1
https://amazon.de/,0,tranco,amazon.de,de,18,9,1,0,3.6835,2.9477,0,0,1,0,0,1,0.0,0,1,0,1,1,-1
https://bitly.cx/VrgnD,1,phishtank,bitly.cx,cx,22,8,6,0,4.0272,3.0,0,0,1,0,0,1,0.0,0,1,0,0,0,949
https://nocdirect.com/,0,tranco,nocdirect.com,com,22,13,1,0,3.7201,3.1808,0,0,1,0,0,1,0.0,0,1,0,0,0,8956
https://www.dpdlocoye.top/com,1,phishtank,dpdlocoye.top,top,29,17,4,0,3.7194,3.1751,0,1,2,0,0,1,0.0,0,1,0,0,0,68
https://logly.co.jp/,0,tranco,logly.co.jp,co.jp,20,11,1,0,3.5842,2.914,0,0,2,0,0,1,0.0,0,1,0,0,0,7335
https://allegrolokalnie.prywatna-oferta901.sbs/oferta/Kingston-Fury-RAM-DDR5-64GB-(2x32GB)-!OKAZJA!/119039595,1,phishtank,prywatna-oferta901.sbs,sbs,109,38,63,0,5.2107,4.146,0,1,2,7,18,3,0.1651,0,1,0,0,0,58
https://damai6rt.com/,1,phishtank,damai6rt.com,com,21,12,1,0,3.749,3.2516,0,0,1,0,1,1,0.0476,0,1,0,0,0,67
https://qrco.de/bgbYsf,1,phishtank,qrco.de,de,22,7,7,0,3.9706,2.8074,0,0,1,0,0,1,0.0,0,1,0,0,0,-1
https://yuewen.com/,0,tranco,yuewen.com,com,19,10,1,0,3.7871,3.1219,0,0,1,0,0,1,0.0,0,1,0,0,0,7293
https://l.ead.me/bfGHO9,1,phishtank,ead.me,me,23,8,7,0,4.056,2.5,0,1,2,0,1,1,0.0435,0,1,0,0,0,3928
https://catsonictp.com/,0,tranco,catsonictp.com,com,23,14,1,0,3.5014,3.182,0,0,1,0,0,1,0.0,0,1,0,0,0,639
https://ipv6.back2backinstall.co.nz/bz/comxx/comfile/,1,phishtank,back2backinstall.co.nz,co.nz,53,27,18,0,4.3241,3.8562,0,1,3,0,2,1,0.0377,0,1,0,0,0,3264
https://prudential.com/,0,tranco,prudential.com,com,23,14,1,0,4.0231,3.8074,0,0,1,0,0,1,0.0,0,1,0,0,0,11718
https://bestwestern.com/,0,tranco,bestwestern.com,com,24,15,1,0,3.6573,3.3232,0,0,1,0,0,1,0.0,0,1,0,0,0,11586
https://t.co/SCboJVZ9Df,1,phishtank,t.co,co,23,4,11,0,4.0231,2.0,0,0,1,0,1,1,0.0435,0,1,1,0,0,5931
https://yt2mp3.sc/,0,tranco,yt2mp3.sc,sc,18,9,1,0,3.4194,3.1699,0,0,1,0,2,1,0.1111,0,1,0,0,0,105
https://q-r.to/bfJrYb,1,phishtank,q-r.to,to,21,6,7,0,3.749,2.585,0,0,1,1,0,1,0.0,0,1,0,0,0,5285
https://1.gravatar.com/avatar/7ea388e99c030d31512d04b191b5d02b05a1eef2af925064c17c2850a1a07541,1,phishtank,gravatar.com,com,94,14,72,0,4.459,3.182,0,1,2,0,45,1,0.4787,0,1,0,0,0,8041
https://ak-is2.net/,0,tranco,ak-is2.net,net,19,10,1,0,3.6421,3.3219,0,0,1,1,1,1,0.0526,0,1,0,0,0,2829
https://videlly.space/,0,tranco,videlly.space,space,22,13,1,0,3.7888,3.3927,0,0,1,0,0,1,0.0,0,1,0,0,0,73
https://qrco.de/bfFa1b,1,phishtank,qrco.de,de,22,7,7,0,4.0615,2.8074,0,0,1,0,1,1,0.0455,0,1,0,0,0,-1
https://new.express.adobe.com/webpage/HeZPFEg4UnsT8,1,phishtank,adobe.com,com,51,21,22,0,4.5124,3.5945,0,2,3,0,2,1,0.0392,0,1,0,0,0,14492
https://ripple.com/,0,tranco,ripple.com,com,19,10,1,0,3.6421,3.1219,0,0,1,0,0,1,0.0,0,1,0,0,0,10358
https://correio24horas.com.br/,0,tranco,correio24horas.com.br,com.br,30,21,1,0,3.8817,3.4399,0,0,2,0,2,1,0.0667,0,1,0,0,0,6593
https://infomart.co.jp/,0,tranco,infomart.co.jp,co.jp,23,14,1,0,3.8492,3.5216,0,0,2,0,0,1,0.0,0,1,0,0,0,10397
https://asmhentai.com/,0,tranco,asmhentai.com,com,22,13,1,0,3.6635,3.3927,0,0,1,0,0,1,0.0,0,1,0,0,0,3994
https://sites.google.com/view/acessor-conta-cooperativa,1,phishtank,google.com,com,55,16,31,0,4.0498,3.2028,0,1,2,2,0,1,0.0,0,1,0,0,0,10537
https://aajtak.in/,0,tranco,aajtak.in,in,18,9,1,0,3.3774,2.6416,0,0,1,0,0,1,0.0,0,1,0,0,0,7867
https://q-r.to/bgarx6,1,phishtank,q-r.to,to,21,6,7,0,3.8442,2.585,0,0,1,1,1,1,0.0476,0,1,0,0,0,5285
https://apachetoday.com/,0,tranco,apachetoday.com,com,24,15,1,0,3.6573,3.3232,0,0,1,0,0,1,0.0,0,1,0,0,0,9688
http://www.vintagevoltageengineering.com/laqamelculturalsociety/justinlasloopendocaccess.html,1,phishtank,vintagevoltageengineering.com,com,93,33,53,0,4.2924,3.6165,0,1,3,0,0,1,0.0,0,0,0,0,0,5195
https://monetate.net/,0,tranco,monetate.net,net,21,12,1,0,3.2914,2.6258,0,0,1,0,0,1,0.0,0,1,0,0,0,6829
https://colorado.gov/,0,tranco,colorado.gov,gov,21,12,1,0,3.6897,2.9183,0,0,1,0,0,1,0.0,0,1,0,0,0,9349
https://credi-probucando.webcindario.com,1,phishtank,webcindario.com,com,40,32,0,0,4.1653,3.7417,0,1,2,1,0,1,0.0,0,1,0,0,0,9275
https://vgtimes.ru/,0,tranco,vgtimes.ru,ru,19,10,1,0,3.6421,3.3219,0,0,1,0,0,1,0.0,0,1,0,0,0,5847
https://cb2gosecure.weebly.com/,1,phishtank,weebly.com,com,31,22,1,0,4.0668,3.6069,0,1,2,0,1,1,0.0323,0,1,0,1,1,7420
https://frtiiips.sviluppo.host/serafi/page/index.php,1,phishtank,sviluppo.host,host,52,22,22,0,3.9957,3.3908,0,1,3,0,0,1,0.0,0,1,0,0,0,3358
https://ttwstatic.com/,0,tranco,ttwstatic.com,com,22,13,1,0,3.3565,2.9312,0,0,1,0,0,1,0.0,0,1,0,0,0,1720
https://trthaber.com/,0,tranco,trthaber.com,com,21,12,1,0,3.5945,3.2516,0,0,1,0,0,1,0.0,0,1,0,0,0,8307
https://mercadopago.com/,0,tranco,mercadopago.com,com,24,15,1,0,3.7721,3.1899,0,0,1,0,0,1,0.0,0,1,0,0,0,8407
https://vishal07xi.github.io/Netflix-clone/,1,phishtank,github.io,io,43,20,15,0,4.3305,3.7219,0,1,2,1,2,1,0.0465,0,1,0,0,0,4883
https://samregion.ru/,0,tranco,samregion.ru,ru,21,12,1,0,3.8802,3.4183,0,0,1,0,0,1,0.0,0,1,0,0,0,7639
https://telmexla.net.co/,0,tranco,telmexla.net.co,net.co,24,15,1,0,3.6887,3.1899,0,0,2,0,0,1,0.0,0,1,0,0,0,8218
https://q1.com/,0,tranco,q1.com,com,15,6,1,0,3.4566,2.585,0,0,1,0,1,1,0.0667,0,1,0,0,0,11179
https://docs.google.com/presentation/d/e/2PACX-1vScHA7zGQ--sE77Vj2CrEcrHoKmy0s7qWdxSwJDJg6I0t47ZRvGCXKaMCz_miZqIAjDXPZAQm-ejvAQ/pub?start=false&loop=false&delayms=3000,1,phishtank,google.com,com,167,15,108,35,5.5473,2.9736,0,1,2,4,16,7,0.0958,0,1,0,0,0,10537
https://24videos.space/,0,tranco,24videos.space,space,23,14,1,0,3.8492,3.5216,0,0,1,0,2,1,0.087,0,1,0,0,0,272
https://broadband0.godaddysites.com/,1,phishtank,godaddysites.com,com,36,27,1,0,4.0759,3.7505,0,1,2,0,1,1,0.0278,0,1,0,0,0,4628
https://q-r.to/bgc520,1,phishtank,q-r.to,to,21,6,7,0,3.9395,2.585,0,0,1,1,3,1,0.1429,0,1,0,0,0,5285
https://e-form.dana-dibekukan.my.id/,1,phishtank,dana-dibekukan.my.id,my.id,36,27,1,0,4.2527,3.7821,0,1,3,2,0,1,0.0,0,1,0,0,0,-1
https://scotiabank.com/,0,tranco,scotiabank.com,com,23,14,1,0,3.7623,3.3788,0,0,1,0,0,1,0.0,0,1,0,1,1,11061
https://new.express.adobe.com/webpage/g7omBpyUzGS58,1,phishtank,adobe.com,com,51,21,22,0,4.5396,3.5945,0,2,3,0,3,1,0.0588,0,1,0,0,0,14492
https://instanthq.com/,0,tranco,instanthq.com,com,22,13,1,0,3.6069,3.3927,0,0,1,0,0,1,0.0,0,1,0,0,0,9244
https://q-r.to/bgcBDR,1,phishtank,q-r.to,to,21,6,7,0,3.9395,2.585,0,0,1,1,0,1,0.0,0,1,0,0,0,5285
https://docs.google.com/presentation/d/e/2PACX-1vTTrRDMhC-hPzHDE8VhGbyjT0a0HEQEEhbvdoHNjtV7izbzFxwpB6KK9_RWZMM_H6Dsy5-763-YCjCM/pub?start=false&amp;loop=false&amp;delayms=3000,1,phishtank,google.com,com,175,15,108,43,5.6256,2.9736,0,1,2,4,17,9,0.0971,0,1,0,0,0,10537
https://linkin.bio/01inge/,1,phishtank,linkin.bio,bio,26,10,8,0,3.8253,2.6464,0,0,1,0,2,1,0.0769,0,1,0,0,0,-1
https://knumerciharrisonmerciharrisononline.weebly.com/,1,phishtank,weebly.com,com,55,46,1,0,4.1429,3.8312,0,1,2,0,0,1,0.0,0,1,0,0,0,7420
http://msncodereceiver.webcindario.com/,1,phishtank,webcindario.com,com,39,31,1,0,4.0385,3.6034,0,1,2,0,0,1,0.0,0,0,0,0,0,9275
https://paybank.cuiqggm.cn/,1,phishtank,cuiqggm.cn,cn,27,18,1,0,4.0603,3.6144,0,1,2,0,0,1,0.0,0,1,0,1,1,382
https://venmo.com/,0,tranco,venmo.com,com,18,9,1,0,3.5724,2.7255,0,0,1,0,0,1,0.0,0,1,0,0,0,6416
https://docs.google.com/presentation/d/e/2PACX-1vQ-_TNJoyqAhjZ44xfvXaFP6diR7m7ZSYKi10sW0JGb2ml6M-ivGRLJED09_kupCoxm8bjUIzlkWTEK/pub?start=false&amp;loop=false&amp;delayms=3000,1,phishtank,google.com,com,175,15,108,43,5.6779,2.9736,0,1,2,3,19,9,0.1086,0,1,0,0,0,10537
https://otto.de/,0,tranco,otto.de,de,16,7,1,0,3.0778,2.2359,0,0,1,0,0,1,0.0,0,1,0,0,0,-1
https://lectormangass.net/,0,tranco,lectormangass.net,net,26,17,1,0,3.7962,3.4992,0,0,1,0,0,1,0.0,0,1,0,0,0,46
https://cdnhwcaip122.cn/,0,tranco,cdnhwcaip122.cn,cn,24,15,1,0,3.7721,3.3232,0,0,1,0,3,1,0.125,0,1,0,0,0,1616
https://sites.google.com/view/banruwebuser/inicio,1,phishtank,google.com,com,49,16,25,0,4.1538,3.2028,0,1,2,0,0,1,0.0,0,1,0,0,0,10537
https://www.simonpowerline.com/wp-xmlrpc/HJuKSAf2Jy867G23e2I3Cm3rpxlSkAa9/?id=0b0837e39ab2d884e63269468dc65f30&email=james.mcsorley7@btinternet.com&mailer=co-leg,1,phishtank,simonpowerline.com,com,161,22,44,86,5.2421,3.4251,0,1,4,2,34,8,0.2112,1,1,0,0,0,4158
https://auctor.tv/,0,tranco,auctor.tv,tv,18,9,1,0,3.4613,2.9477,0,0,1,0,0,1,0.0,0,1,0,0,0,5314
https://docs.google.com/presentation/d/e/2PACX-1vQm8B7WVED7V3ngm753ESnSbMrTyOuzEAhjbFvUGSg2djZIn9L6eVDOPugWbOnorbEJRZpIqUl-0E_U/pub?start=false&amp;loop=false&amp;delayms=3000&amp;slide=id.p,1,phishtank,google.com,com,190,15,108,58,5.6031,2.9736,0,1,3,2,17,12,0.0895,0,1,0,0,0,10537
https://allegro.pry43096582120.click,1,phishtank,pry43096582120.click,click,36,28,0,0,4.5934,4.2804,0,1,2,0,11,1,0.3056,0,1,0,0,0,16
https://maxpreps.com/,0,tranco,maxpreps.com,com,21,12,1,0,3.6538,3.2516,0,0,1,0,0,1,0.0,0,1,0,0,0,8464
http://allegro-lokalnie.c01c9c18v.sbs,1,phishtank,c01c9c18v.sbs,sbs,37,30,0,0,4.4323,4.0817,0,1,2,1,5,1,0.1351,0,0,0,0,0,141
https://bancointer.com.br/,0,tranco,bancointer.com.br,com.br,26,17,1,0,3.8731,3.3816,0,0,2,0,0,1,0.0,0,1,0,0,0,3360
https://runnr.in/,0,tranco,runnr.in,in,17,8,1,0,3.2928,2.1556,0,0,1,0,0,1,0.0,0,1,0,0,0,4135
https://jtstreeter.com/pipe/entry,1,phishtank,jtstreeter.com,com,33,14,11,0,3.6314,2.9852,0,0,1,0,0,1,0.0,0,1,0,0,0,4368
https://inhabitat.com/,0,tranco,inhabitat.com,com,22,13,1,0,3.6069,3.2389,0,0,1,0,0,1,0.0,0,1,0,0,0,9551
https://l.ead.me/bgbuLR,1,phishtank,ead.me,me,23,8,7,0,3.969,2.5,0,1,2,0,0,1,0.0,0,1,0,0,0,3928
https://adsurge.com/,0,tranco,adsurge.com,com,20,11,1,0,3.8842,3.4594,0,0,1,0,0,1,0.0,0,1,0,0,0,9550
https://aktualizaciazabezpecenia.web.app/,1,phishtank,web.app,app,41,32,1,0,3.8778,3.5026,0,1,2,0,0,1,0.0,0,1,0,0,0,-1
https://hookspf.com/,0,tranco,hookspf.com,com,20,11,1,0,3.4464,3.0272,0,0,1,0,0,1,0.0,0,1,0,0,0,357
https://sinn.ru/,0,tranco,sinn.ru,ru,16,7,1,0,3.3278,2.5216,0,0,1,0,0,1,0.0,0,1,0,0,0,10481
https://travian.com/,0,tranco,travian.com,com,20,11,1,0,3.7464,3.2776,0,0,1,0,0,1,0.0,0,1,0,0,0,8772
https://nordkurier.de/,0,tranco,nordkurier.de,de,22,13,1,0,3.7544,3.027,0,0,1,0,0,1,0.0,0,1,0,0,0,-1
https://bnfpruebaa.webcindario.com/index1.html,1,phishtank,webcindario.com,com,46,26,12,0,4.3923,3.7962,0,1,3,0,1,1,0.0217,0,1,0,0,0,9275
https://express.co.uk/,0,tranco,express.co.uk,co.uk,22,13,1,0,3.6635,3.2389,0,0,2,0,0,1,0.0,0,1,0,0,0,10947
https://qrco.de/bfF4jI,1,phishtank,qrco.de,de,22,7,7,0,4.1524,2.8074,0,0,1,0,1,1,0.0455,0,1,0,0,0,-1
https://cultura.gov.it/,0,tranco,cultura.gov.it,gov.it,23,14,1,0,3.7951,3.3788,0,0,2,0,0,1,0.0,0,1,0,0,0,1476
https://asm.org/,0,tranco,asm.org,org,16,7,1,0,3.4528,2.8074,0,0,1,0,0,1,0.0,0,1,0,0,0,10428
https://q-r.to/bfMSbu,1,phishtank,q-r.to,to,21,6,7,0,3.8442,2.585,0,0,1,1,0,1,0.0,0,1,0,0,0,5285
https://docs.google.com/presentation/d/e/2PACX-1vTrUeFp_Pa7-cGvrVb76Y5zgBP30jOgpUJ4Av2En20zbckU2DSOiwCDiFtOr6cOLWDRBSAqtZ70oQNT/pub?start=true&amp;loop=true&amp;delayms=1000,1,phishtank,google.com,com,173,15,108,41,5.6047,2.9736,0,1,2,2,20,9,0.1156,0,1,0,0,0,10537
https://v2ex.com/,0,tranco,v2ex.com,com,17,8,1,0,3.6901,3.0,0,0,1,0,1,1,0.0588,0,1,0,0,0,7698
https://springer.com/,0,tranco,springer.com,com,21,12,1,0,3.7849,3.4183,0,0,1,0,0,1,0.0,0,1,0,0,0,10646
https://broadwayworld.com/,0,tranco,broadwayworld.com,com,26,17,1,0,3.9501,3.3372,0,0,1,0,0,1,0.0,0,1,0,0,0,8646
https://sites.google.com/view/jkhh8/home,1,phishtank,google.com,com,40,16,16,0,3.9939,3.2028,0,1,2,0,1,1,0.025,0,1,0,0,0,10537
https://data.gov.uk/,0,tranco,data.gov.uk,gov.uk,20,11,1,0,3.6464,3.0958,0,0,2,0,0,1,0.0,0,1,0,0,0,10947
https://websitesource.com/,0,tranco,websitesource.com,com,26,17,1,0,3.8151,3.4548,0,0,1,0,0,1,0.0,0,1,0,0,0,10323
https://hdporncomics.com/,0,tranco,hdporncomics.com,com,25,16,1,0,3.6733,3.2806,0,0,1,0,0,1,0.0,0,1,0,0,0,3686
https://86315924.xyz/k0tfyftc/z5WxWj/JiITGR,1,phishtank,86315924.xyz,xyz,43,12,23,0,4.6912,3.585,0,0,1,0,10,1,0.2326,0,1,0,0,0,152
https://manageaccountsupdatehjvcyugiwl.wqrgvb6hvuiwk9cnikql.com/?yyy,1,phishtank,wqrgvb6hvuiwk9cnikql.com,com,68,55,1,3,4.692,4.5198,0,1,2,0,2,2,0.0294,0,1,0,2,1,-1
http://allegro-lokalnie.20120oe.shop/,1,phishtank,20120oe.shop,shop,37,29,1,0,4.1416,3.8664,0,1,2,1,5,1,0.1351,0,0,0,0,0,-1
https://forter.com/,0,tranco,forter.com,com,19,10,1,0,3.5369,2.9219,0,0,1,0,0,1,0.0,0,1,0,0,0,9309
https://ninite.com/,0,tranco,ninite.com,com,19,10,1,0,3.5369,2.9219,0,0,1,0,0,1,0.0,0,1,0,0,0,6123
https://unil.ch/,0,tranco,unil.ch,ch,16,7,1,0,3.4528,2.8074,0,0,1,0,0,1,0.0,0,1,0,0,0,-1
https://qrco.de/bfNj1M,1,phishtank,qrco.de,de,22,7,7,0,4.1524,2.8074,0,0,1,0,1,1,0.0455,0,1,0,0,0,-1
https://sc-apps.com/,0,tranco,sc-apps.com,com,20,11,1,0,3.4087,2.914,0,0,1,1,0,1,0.0,0,1,0,0,0,2087
https://microutlooke.webcindario.com,1,phishtank,webcindario.com,com,36,28,0,0,4.1734,3.7674,0,1,2,0,0,1,0.0,0,1,0,1,1,9275
https://btvcxvxg.weebly.com/,1,phishtank,weebly.com,com,28,19,1,0,4.0391,3.6163,0,1,2,0,0,1,0.0,0,1,0,0,0,7420
https://moviruedas.com/folder/,1,phishtank,moviruedas.com,com,30,14,8,0,4.0817,3.5216,0,0,1,0,0,1,0.0,0,1,0,0,0,-1
https://vmware.com/,0,tranco,vmware.com,com,19,10,1,0,3.7871,3.1219,0,0,1,0,0,1,0.0,0,1,0,0,0,10400
https://byte008.com/,0,tranco,byte008.com,com,20,11,1,0,3.7464,3.2776,0,0,1,0,3,1,0.15,0,1,0,0,0,2052
https://xnalgas.com/,0,tranco,xnalgas.com,com,20,11,1,0,3.7842,3.2776,0,0,1,0,0,1,0.0,0,1,0,0,0,3716
https://scanned.page/Bd2Des,1,phishtank,scanned.page,page,27,12,7,0,3.8562,3.085,0,0,1,0,1,1,0.037,0,1,0,0,0,-1
https://corretorabm.com.br/taSTGpnNs21IMm1mDrui3M2TZEEIByGR/?email=david.walsh@dwamortgages.com&mailer=raolegal,1,phishtank,corretorabm.com.br,com.br,111,18,34,50,4.9762,3.0169,0,0,4,0,5,6,0.045,1,1,0,0,0,743
https://writeablog.net/,0,tranco,writeablog.net,net,23,14,1,0,3.882,3.5216,0,0,1,0,0,1,0.0,0,1,0,0,0,2741
http://43.159.37.67/ServiceLogin?passive=1209600&amp;continue=https://accounts.google.com/?&amp;xrealip=35.203.245.120&amp;followup=https://accounts.google.com/?,1,phishtank,43.159.37.67,none,161,12,13,128,4.9236,2.8554,1,0,10,0,27,16,0.1677,0,0,0,3,1,-1
http://allegro.r3882f923g023.sbs/?id=6x5h2l3o5m8g9v1z6b5a3g6s6w2d1s1d,1,phishtank,r3882f923g023.sbs,sbs,69,25,1,35,4.7788,3.7835,0,1,2,0,26,3,0.3768,0,0,0,0,0,131
https://2f63f0.share-eu1.hsforms.com/2X6xNhQMASE6e07LhC-jF7A,1,phishtank,hsforms.com,com,60,28,24,0,4.8838,3.9408,0,2,3,2,11,1,0.1833,0,1,0,0,0,4690
https://grafeio-voitheias.firebaseapp.com/,1,phishtank,firebaseapp.com,com,42,33,1,0,4.0644,3.87,0,1,2,1,0,1,0.0,0,1,0,0,0,5027
https://docs.google.com/presentation/d/e/2PACX-1vTMZXPGH-xkXd-x6I-ramWfL-Q1nsnecbirjywuMpObr5xgIy5AekAqP1iPou8t05h2YsU8xCOl5JKR/pub?start=false&amp;loop=false&amp;delayms=3000,1,phishtank,google.com,com,175,15,108,43,5.5275,2.9736,0,1,2,5,17,9,0.0971,0,1,0,0,0,10537
https://vizio.com/,0,tranco,vizio.com,com,18,9,1,0,3.5724,2.7255,0,0,1,0,0,1,0.0,0,1,0,0,0,10980
https://gnome.org/,0,tranco,gnome.org,org,18,9,1,0,3.5724,2.7255,0,0,1,0,0,1,0.0,0,1,0,0,0,10591
https://zstaticcdn.com/,0,tranco,zstaticcdn.com,com,23,14,1,0,3.6753,3.3249,0,0,1,0,0,1,0.0,0,1,0,0,0,822
https://firebasestorage.googleapis.com/v0/b/thtnwallnwdmn11.appspot.com/o/new-nnmmdnnmfm.html?alt=media&token=487b252e-cc56-4598-854c-7bd9c4d3350c,1,phishtank,googleapis.com,com,146,30,55,52,4.9187,3.6981,0,1,5,5,25,5,0.1712,0,1,0,1,1,7847
https://nuro.jp/,0,tranco,nuro.jp,jp,16,7,1,0,3.4528,2.8074,0,0,1,0,0,1,0.0,0,1,0,0,0,5007
https://www.wonderwallperu.com/wp/?q=3DUlBpZXJjZUByaHJpbnRlcm5hdGlvbmFsLmNvbQ0=3D,1,phishtank,wonderwallperu.com,com,81,22,4,46,5.1363,3.4772,0,1,2,0,4,4,0.0494,0,1,0,0,0,4834
https://twomerge.com/,0,tranco,twomerge.com,com,21,12,1,0,3.6538,3.085,0,0,1,0,0,1,0.0,0,1,0,0,0,1050
https://readli.net/,0,tranco,readli.net,net,19,10,1,0,3.6421,3.1219,0,0,1,0,0,1,0.0,0,1,0,0,0,3983
https://docs.google.com/presentation/d/1a4QM_K8UtR_TG3DFhU9EcAQTKLdktz3CNrvbhXpVZiE/pub?start=false&loop=false&delayms=3000&slide=idp,1,phishtank,google.com,com,133,15,64,45,5.3005,2.9736,0,1,2,0,10,9,0.0752,0,1,0,0,0,10537
https://conrad.de/,0,tranco,conrad.de,de,18,9,1,0,3.6835,2.9477,0,0,1,0,0,1,0.0,0,1,0,0,0,-1
https://l.ead.me/bfQp4b,1,phishtank,ead.me,me,23,8,7,0,3.882,2.5,0,1,2,0,1,1,0.0435,0,1,0,0,0,3928
https://eftydns.com/,0,tranco,eftydns.com,com,20,11,1,0,3.7464,3.4594,0,0,1,0,0,1,0.0,0,1,0,0,0,4360
https://haskell.org/,0,tranco,haskell.org,org,20,11,1,0,3.6842,3.2776,0,0,1,0,0,1,0.0,0,1,0,0,0,10814
https://us12.campaign-archive.com/?u=aef292575d3da8e60abab87a1&id=2a19f9e0d3,1,phishtank,campaign-archive.com,com,76,25,1,41,4.8492,4.0235,0,1,2,1,21,5,0.2763,0,1,0,0,0,7139
https://aamc.org/,0,tranco,aamc.org,org,17,8,1,0,3.5725,2.75,0,0,1,0,0,1,0.0,0,1,0,0,0,11983
https://eventbrite.ca/,0,tranco,eventbrite.ca,ca,22,13,1,0,3.6635,3.1808,0,0,1,0,0,1,0.0,0,1,0,0,0,6969
https://4rwebr.weebly.com/,1,phishtank,weebly.com,com,26,17,1,0,3.9501,3.3372,0,1,2,0,1,1,0.0385,0,1,0,0,0,7420
https://grupoloading.com/,0,tranco,grupoloading.com,com,25,16,1,0,4.0235,3.5778,0,0,1,0,0,1,0.0,0,1,0,0,0,7869
https://bafkreibf6mx7li6y5bwb42cvyv5xyhfdbqah32wxmkfoatpjbgyuzmh4pu.ipfs.dweb.link/,1,phishtank,dweb.link,link,83,74,1,0,4.9136,4.8135,0,2,3,0,10,1,0.1205,0,1,0,0,0,3435
https://new-ledzercdn.wixstudio.com/en-start,1,phishtank,wixstudio.com,com,44,27,9,0,4.2633,3.9582,0,1,2,2,0,1,0.0,0,1,0,0,0,-1
https://milfat.com/,0,tranco,milfat.com,com,19,10,1,0,3.6421,3.1219,0,0,1,0,0,1,0.0,0,1,0,0,0,1296
https://soport1deusuario.webcindario.com,1,phishtank,webcindario.com,com,40,32,0,0,4.1562,3.9025,0,1,2,0,1,1,0.025,0,1,0,0,0,9275
https://bit.ly/4d7lEeQ,1,phishtank,bit.ly,ly,22,6,8,0,3.9363,2.585,0,0,1,0,2,1,0.0909,0,1,1,0,0,6639
https://vodupload.com/,0,tranco,vodupload.com,com,22,13,1,0,3.7544,3.1808,0,0,1,0,0,1,0.0,0,1,0,0,0,1595
https://boosty.to/,0,tranco,boosty.to,to,18,9,1,0,3.086,2.4194,0,0,1,0,0,1,0.0,0,1,0,0,0,945
https://service1011.weebly.com/,1,phishtank,weebly.com,com,31,22,1,0,4.1313,3.6978,0,1,2,0,4,1,0.129,0,1,0,1,1,7420
https://anwap.today/,0,tranco,anwap.today,today,20,11,1,0,3.5087,3.0272,0,0,1,0,0,1,0.0,0,1,0,0,0,-1
https://podoga9090.short.gy/a9,1,phishtank,short.gy,gy,30,19,3,0,3.8062,3.5766,0,1,2,0,5,1,0.1667,0,1,0,0,0,2008
https://dmv.org/,0,tranco,dmv.org,org,16,7,1,0,3.5778,2.8074,0,0,1,0,0,1,0.0,0,1,0,0,0,10004
https://plejada.pl/,0,tranco,plejada.pl,pl,19,10,1,0,3.4316,2.7219,0,0,1,0,0,1,0.0,0,1,0,0,0,8988
https://apps-trezo-cd.wixstudio.com/en-us,1,phishtank,wixstudio.com,com,41,27,6,0,4.2107,3.9862,0,1,2,3,0,1,0.0,0,1,0,0,0,-1
https://l.ead.me/bfO5Oe,1,phishtank,ead.me,me,23,8,7,0,3.8492,2.5,0,1,2,0,1,1,0.0435,0,1,0,0,0,3928
https://salemove.com/,0,tranco,salemove.com,com,21,12,1,0,3.6897,3.085,0,0,1,0,0,1,0.0,0,1,0,0,0,5277
https://docs.google.com/presentation/d/e/2PACX-1vT7POGzhhbgHeFLSOb79Vwrxm9dnRH3tHBjUDaKXiZjtr6ZjiQ0KLWZ9jMWKEjss7j0hFkgMVJco3tg/pub?start=false&amp;loop=false&amp;delayms=3000,1,phishtank,google.com,com,175,15,108,43,5.5857,2.9736,0,1,2,1,17,9,0.0971,0,1,0,0,0,10537
https://site-exouds_webs.teachable.com/p/home,1,phishtank,teachable.com,com,45,30,7,0,4.1359,3.9614,0,1,2,1,0,1,0.0,0,1,0,0,0,8499
https://cuisineaz.com/,0,tranco,cuisineaz.com,com,22,13,1,0,3.8797,3.3927,0,0,1,0,0,1,0.0,0,1,0,0,0,9813
https://vinmec.com/,0,tranco,vinmec.com,com,19,10,1,0,3.6819,2.9219,0,0,1,0,0,1,0.0,0,1,0,0,0,5602
https://joelosteen12645-creator.github.io/ok/#%5Bemail%C2%A0,1,phishtank,github.io,io,60,33,4,0,4.7679,4.2336,0,1,2,1,8,5,0.1333,0,1,0,0,0,4883
https://nic.ir/,0,tranco,nic.ir,ir,15,6,1,0,3.3232,2.2516,0,0,1,0,0,1,0.0,0,1,0,0,0,-1
https://powerreviews.com/,0,tranco,powerreviews.com,com,25,16,1,0,3.7835,3.3278,0,0,1,0,0,1,0.0,0,1,0,0,0,7801
https://yadro.ru/,0,tranco,yadro.ru,ru,17,8,1,0,3.5725,2.75,0,0,1,0,0,1,0.0,0,1,0,0,0,9345
http://allegrolokalnie.pl-oferta1293756.click,1,phishtank,pl-oferta1293756.click,click,45,38,0,0,4.4134,4.2012,0,1,2,1,7,1,0.1556,0,0,0,0,0,26
https://script.google.com/macros/s/AKfycbwyAiERlvrEugny-q8BqbhIUQRK1R-q69jDX_XskTfk0i6_RmuR5ZgeJRLivShknz2P/exec,1,phishtank,google.com,com,112,17,87,0,5.4723,3.4548,0,1,2,2,8,1,0.0714,0,1,0,0,0,10537
http://3uzbh-q38ov-3s82s4-vjpj2m.pages.dev/,1,phishtank,pages.dev,dev,43,35,1,0,4.4372,4.243,0,1,2,3,8,1,0.186,0,0,0,0,0,-1
https://listcrawler.eu/,0,tranco,listcrawler.eu,eu,23,14,1,0,3.7623,3.3788,0,0,1,0,0,1,0.0,0,1,0,0,0,-1
https://q-r.to/bfNjaN,1,phishtank,q-r.to,to,21,6,7,0,3.8442,2.585,0,0,1,1,0,1,0.0,0,1,0,0,0,5285
https://www.dropbox.com/scl/fi/22xwthqugz27uq8evvhw6/UPDATE-BT-SECURITY-SERVICE.papert?rlkey=5k7nfz72p9dznt2y6rwkun6t2&dl=0,1,phishtank,dropbox.com,com,123,15,63,36,5.4611,3.1396,0,1,3,3,16,5,0.1301,0,1,0,3,1,11347
https://instiz.net/,0,tranco,instiz.net,net,19,10,1,0,3.2608,2.7219,0,0,1,0,0,1,0.0,0,1,0,0,0,6197
https://qrco.de/bfMSOa,1,phishtank,qrco.de,de,22,7,7,0,4.1524,2.8074,0,0,1,0,0,1,0.0,0,1,0,0,0,-1
https://auspost.customerserviceqh.com/,1,phishtank,customerserviceqh.com,com,38,29,1,0,3.9156,3.7454,0,1,2,0,0,1,0.0,0,1,0,2,1,33
https://xcvxcvxcvxc234234234nmvb.pages.dev/,1,phishtank,pages.dev,dev,43,34,1,0,4.1093,3.7382,0,1,2,0,9,1,0.2093,0,1,0,0,0,-1
https://bit.ly/3Y0yJ4E,1,phishtank,bit.ly,ly,22,6,8,0,3.9363,2.585,0,0,1,0,3,1,0.1364,0,1,1,0,0,6639
https://recoveryticket-11345.com/,1,phishtank,recoveryticket-11345.com,com,33,24,1,0,4.1879,3.8554,0,0,1,1,5,1,0.1515,0,1,0,1,1,175
https://pdfcoffee.com/,0,tranco,pdfcoffee.com,com,22,13,1,0,3.5726,2.8731,0,0,1,0,0,1,0.0,0,1,0,0,0,2842
https://holcim.com/,0,tranco,holcim.com,com,19,10,1,0,3.4714,2.7219,0,0,1,0,0,1,0.0,0,1,0,0,0,9416
https://qrco.de/bgby1p,1,phishtank,qrco.de,de,22,7,7,0,3.9706,2.8074,0,0,1,0,1,1,0.0455,0,1,0,0,0,-1
https://workdeadlinededicate.com/,0,tranco,workdeadlinededicate.com,com,33,24,1,0,4.0289,3.585,0,0,1,0,0,1,0.0,0,1,0,0,0,687
https://rp.mockplus.com/run/N2AN5NsM7S/az6GWcores/H6Zmo98t6y?cps=hide,1,phishtank,mockplus.com,com,69,15,37,8,4.9072,3.2402,0,1,2,0,8,3,0.1159,0,1,0,0,0,4563
https://bit.ly/4fJirnb,1,phishtank,bit.ly,ly,22,6,8,0,3.8454,2.585,0,0,1,0,1,1,0.0455,0,1,1,0,0,6639
https://yimg.com/,0,tranco,yimg.com,com,17,8,1,0,3.5725,2.75,0,0,1,0,0,1,0.0,0,1,0,0,0,10661
https://docs.google.com/presentation/d/1XZQwsX2pAgkxxk9LKkXABrDjZTEWBOW-G9-ndXsCCBU/pub?start=false&amp;loop=false&amp;delayms=3000&amp;slide=id.p,1,phishtank,google.com,com,146,15,64,58,5.2703,2.9736,0,1,3,2,8,12,0.0548,0,1,0,0,0,10537
https://ms-canis.securen.net/,1,phishtank,securen.net,net,29,20,1,0,3.7883,3.4087,0,1,2,1,0,1,0.0,0,1,0,1,1,7157
https://www.kali.secure-curious-shield-d0ccbd13.dh4.onhexcorearena.com/,1,phishtank,onhexcorearena.com,com,71,62,1,0,4.4996,4.2782,0,4,5,3,4,1,0.0563,0,1,0,1,1,299
https://whiteboard.ms/,0,tranco,whiteboard.ms,ms,22,13,1,0,3.8454,3.7004,0,0,1,0,0,1,0.0,0,1,0,0,0,3375
https://iranintl.com/,0,tranco,iranintl.com,com,21,12,1,0,3.749,3.2516,0,0,1,0,0,1,0.0,0,1,0,0,0,3726
https://qrco.de/bgcWdr,1,phishtank,qrco.de,de,22,7,7,0,3.8797,2.8074,0,0,1,0,0,1,0.0,0,1,0,0,0,-1
https://smrtb.com/,0,tranco,smrtb.com,com,18,9,1,0,3.4194,2.9477,0,0,1,0,0,1,0.0,0,1,0,0,0,4608
https://sp5ct-halek-biz8-surem-forix.pages.dev/,1,openphish,pages.dev,dev,47,38,1,0,4.5277,4.4386,0,1,2,4,2,1,0.0426,0,1,0,0,0,-1
https://lasprovincias.es/,0,tranco,lasprovincias.es,es,25,16,1,0,3.8137,3.4528,0,0,1,0,0,1,0.0,0,1,0,0,0,-1
https://italhandel.com/404.php,1,phishtank,italhandel.com,com,30,14,8,0,4.0062,3.5216,0,0,2,0,3,1,0.1,0,1,0,0,0,9416
https://bafkreid3hkhchzopyxrbmbjuu4jgpuhleptzg4xjc4jcjde7bilayjdsw4.ipfs.dweb.link/,1,phishtank,dweb.link,link,83,74,1,0,4.7319,4.6298,0,2,3,0,6,1,0.0723,0,1,0,0,0,3435
https://cyberprotector.online/,0,tranco,cyberprotector.online,online,30,21,1,0,3.8062,3.4273,0,0,1,0,0,1,0.0,0,1,0,0,0,2290
https://qrco.de/bfIxOl,1,phishtank,qrco.de,de,22,7,7,0,4.1524,2.8074,0,0,1,0,0,1,0.0,0,1,0,0,0,-1
https://theice.com/,0,tranco,theice.com,com,19,10,1,0,3.4316,2.9219,0,0,1,0,0,1,0.0,0,1,0,0,0,9719
https://simply.com/,0,tranco,simply.com,com,19,10,1,0,3.5766,3.1219,0,0,1,0,0,1,0.0,0,1,0,0,0,-1
https://krebson.ru/,0,tranco,krebson.ru,ru,19,10,1,0,3.6819,3.1219,0,0,1,0,0,1,0.0,0,1,0,0,0,382
https://isc.org/,0,tranco,isc.org,org,16,7,1,0,3.4528,2.8074,0,0,1,0,0,1,0.0,0,1,0,0,0,11797
https://allafrica.com/,0,tranco,allafrica.com,com,22,13,1,0,3.7544,3.027,0,0,1,0,0,1,0.0,0,1,0,0,0,9750
https://espncricinfo.com/,0,tranco,espncricinfo.com,com,25,16,1,0,3.7835,3.3278,0,0,1,0,0,1,0.0,0,1,0,0,0,7076
https://google.ae/,0,tranco,google.ae,ae,18,9,1,0,3.4613,2.5033,0,0,1,0,0,1,0.0,0,1,0,0,0,-1
https://eu.jotform.com/app/251213173421342,1,phishtank,jotform.com,com,42,14,20,0,4.2252,3.182,0,1,2,0,15,1,0.3571,0,1,0,0,0,7559
https://dropcatch.com/,0,tranco,dropcatch.com,com,22,13,1,0,3.5383,3.1808,0,0,1,0,0,1,0.0,0,1,0,0,0,8331
https://meta-helps.start.page/,1,phishtank,start.page,page,30,21,1,0,3.5941,3.4273,0,1,2,1,0,1,0.0,0,1,0,0,0,-1
https://88-web-shaw.weebly.com/,1,phishtank,weebly.com,com,31,22,1,0,4.0424,3.6635,0,1,2,2,2,1,0.0645,0,1,0,0,0,7420
https://arnaldolanches.blogspot.com/,1,phishtank,blogspot.com,com,36,27,1,0,4.0095,3.8101,0,1,2,0,0,1,0.0,0,1,0,0,0,9486
https://bafkreiborrnzapenkn7txzdfj6me5ru2rjhghjxjs3youadmvunv3agopi.ipfs.dweb.link/,1,phishtank,dweb.link,link,83,74,1,0,4.8386,4.733,0,2,3,0,6,1,0.0723,0,1,0,0,0,3435
https://sites.google.com/view/sitehashfile/,1,phishtank,google.com,com,43,16,19,0,3.8835,3.2028,0,1,2,0,0,1,0.0,0,1,0,0,0,10537
https://mijn.host/,0,tranco,mijn.host,host,18,9,1,0,3.4194,3.1699,0,0,1,0,0,1,0.0,0,1,0,0,0,4256
https://workable.com/,0,tranco,workable.com,com,21,12,1,0,3.9754,3.4183,0,0,1,0,0,1,0.0,0,1,0,0,0,9352
https://ru.net/,0,tranco,ru.net,net,15,6,1,0,3.2729,2.585,0,0,1,0,0,1,0.0,0,1,0,0,0,11495
https://docs.google.com/presentation/d/e/2PACX-1vT4tu-5_opadcRy6RAsLYE6m0-9M2yKKber2UE-2F5miVfFsh2y4ITBXGosT7jE237hWAe_x_ro2PEX/pub?start=false&amp;loop=false&amp;delayms=3000,1,phishtank,google.com,com,175,15,108,43,5.4813,2.9736,0,1,2,4,23,9,0.1314,0,1,0,0,0,10537
https://allegro.pl/,0,tranco,allegro.pl,pl,19,10,1,0,3.5369,2.8464,0,0,1,0,0,1,0.0,0,1,0,0,0,9765
https://jupitter-apps.wixstudio.com/en-us,1,phishtank,wixstudio.com,com,41,27,6,0,4.1411,3.9303,0,1,2,2,0,1,0.0,0,1,0,0,0,-1
https://money.pl/,0,tranco,money.pl,pl,17,8,1,0,3.5725,3.0,0,0,1,0,0,1,0.0,0,1,0,0,0,9190
https://docs.google.com/presentation/d/e/2PACX-1vQJLorJu4ffYvr2eowuTbzXP4ji7i_7XJtlQmWJyxemB8QZpF8tsFfSFbwviPsb6aXQHkFEtYHxqfUf/pub?start=false&amp;loop=false&amp;delayms=3000,1,phishtank,google.com,com,175,15,108,43,5.4934,2.9736,0,1,2,1,14,9,0.08,0,1,0,0,0,10537
https://www.dropbox.com/scl/fi/bpqgejmor0gijuuwwr5qo/BtType-something-to-get-started.paper?rlkey=vvbb4eti4nydbyl9vthgbl4e9&dl=0,1,phishtank,dropbox.com,com,127,15,67,36,4.9411,3.1396,0,1,3,4,8,5,0.063,0,1,0,0,0,11347
https://new.express.adobe.com/webpage/lsyCfnehvSd3O/,1,phishtank,adobe.com,com,52,21,23,0,4.4548,3.5945,0,2,3,0,1,1,0.0192,0,1,0,0,0,14492
https://sites.google.com/view/yahoo-currently-att/update,1,phishtank,google.com,com,56,16,32,0,4.2718,3.2028,0,1,2,2,0,1,0.0,0,1,0,1,1,10537
https://bafkreiamvszhdy37ndsw45furcoi7yk7eao2fbw47a7k2opnjgofpjphxu.ipfs.dweb.link/,1,phishtank,dweb.link,link,83,74,1,0,4.8465,4.7162,0,2,3,0,11,1,0.1325,0,1,0,0,0,3435
https://foggymorningmist.com/,0,tranco,foggymorningmist.com,com,29,20,1,0,3.8313,3.4087,0,0,1,0,0,1,0.0,0,1,0,0,0,593
https://awsdns-12.co.uk/,0,tranco,awsdns-12.co.uk,co.uk,24,15,1,0,4.0221,3.6402,0,0,2,1,2,1,0.0833,0,1,0,0,0,5753
https://ancestry.com/,0,tranco,ancestry.com,com,21,12,1,0,3.749,3.4183,0,0,1,0,0,1,0.0,0,1,0,0,0,11390
https://cio467681299.web.app/,1,phishtank,web.app,app,29,20,1,0,4.2542,3.9219,0,1,2,0,9,1,0.3103,0,1,0,0,0,-1
https://jexliberty.wixstudio.com/us-en,1,phishtank,wixstudio.com,com,38,24,6,0,4.3264,3.9702,0,1,2,1,0,1,0.0,0,1,0,0,0,-1
https://cnn.co.jp/,0,tranco,cnn.co.jp,co.jp,18,9,1,0,3.3502,2.5033,0,0,2,0,0,1,0.0,0,1,0,0,0,4192
https://dyndns.biz/,0,tranco,dyndns.biz,biz,19,10,1,0,3.5766,2.9219,0,0,1,0,0,1,0.0,0,1,0,0,0,9014
https://sinclair0054.weebly.com/,1,phishtank,weebly.com,com,32,23,1,0,4.3514,4.0018,0,1,2,0,4,1,0.125,0,1,0,0,0,7420
https://mangabuff.ru/,0,tranco,mangabuff.ru,ru,21,12,1,0,3.7849,3.085,0,0,1,0,0,1,0.0,0,1,0,0,0,1258
https://l.wl.co/l?u=https://qr-codes.io/MRvgBP,1,phishtank,wl.co,co,46,7,2,28,4.4251,2.2359,0,1,3,1,0,4,0.0,0,1,0,0,0,5931
https://q-r.to/bgc6yf,1,phishtank,q-r.to,to,21,6,7,0,3.9395,2.585,0,0,1,1,1,1,0.0476,0,1,0,0,0,5285
https://mt.gov/,0,tranco,mt.gov,gov,15,6,1,0,3.2729,2.585,0,0,1,0,0,1,0.0,0,1,0,0,0,9122
https://qrco.de/bfJWbu,1,phishtank,qrco.de,de,22,7,7,0,4.0615,2.8074,0,0,1,0,0,1,0.0,0,1,0,0,0,-1
https://amzaboprime005.pro/,1,phishtank,amzaboprime005.pro,pro,27,18,1,0,3.9582,3.5033,0,0,1,0,3,1,0.1111,0,1,0,0,0,-1
http://homepage-trezxr-us.wixstudio.com/eng-us,1,phishtank,wixstudio.com,com,46,32,7,0,4.3111,4.1403,0,1,2,3,0,1,0.0,0,0,0,0,0,-1
https://ufrn.br/,0,tranco,ufrn.br,br,16,7,1,0,3.4528,2.5216,0,0,1,0,0,1,0.0,0,1,0,0,0,11525
https://advanced-web-analytics.com/,0,tranco,advanced-web-analytics.com,com,35,26,1,0,4.2074,3.9022,0,0,1,2,0,1,0.0,0,1,0,0,0,6089
https://strpst.com/,0,tranco,strpst.com,com,19,10,1,0,3.2211,2.9219,0,0,1,0,0,1,0.0,0,1,0,0,0,1878
https://passkey.com/,0,tranco,passkey.com,com,20,11,1,0,3.6464,3.2776,0,0,1,0,0,1,0.0,0,1,0,0,0,10635
https://maxisba.com/maxis,1,phishtank,maxisba.com,com,25,11,6,0,3.6431,3.0958,0,0,1,0,0,1,0.0,0,1,0,0,0,21
https://awsdns-56.net/,0,tranco,awsdns-56.net,net,22,13,1,0,3.7201,3.3927,0,0,1,1,2,1,0.0909,0,1,0,0,0,5752
https://basalam.com/,0,tranco,basalam.com,com,20,11,1,0,3.5464,2.8454,0,0,1,0,0,1,0.0,0,1,0,0,0,9412
https://qrco.de/bgb7Fx,1,phishtank,qrco.de,de,22,7,7,0,4.0615,2.8074,0,0,1,0,1,1,0.0455,0,1,0,0,0,-1
https://vr2yzll95.ukit.me/,1,phishtank,ukit.me,me,26,17,1,0,4.1808,3.8522,0,1,2,0,3,1,0.1154,0,1,0,0,0,3509
https://treccani.it/,0,tranco,treccani.it,it,20,11,1,0,3.4842,2.914,0,0,1,0,0,1,0.0,0,1,0,0,0,10695
https://answerthepublic.com/,0,tranco,answerthepublic.com,com,28,19,1,0,4.1106,4.0374,0,0,1,0,0,1,0.0,0,1,0,0,0,4280
https://docs.google.com/presentation/d/e/2PACX-1vTD1RUZApIE13FMMANaHWh5eFIG-OZZfYVO5APxsz4UM2Os36bkXJCa2tTSjFqyZX7VMasz9Hxvgjs6/pub?start=false&amp;loop=false&amp;delayms=3000,1,phishtank,google.com,com,175,15,108,43,5.6467,2.9736,0,1,2,2,19,9,0.1086,0,1,0,0,0,10537
https://bizjournals.com/,0,tranco,bizjournals.com,com,24,15,1,0,4.1368,3.7736,0,0,1,0,0,1,0.0,0,1,0,0,0,9645
https://michaels.com/,0,tranco,michaels.com,com,21,12,1,0,3.6897,3.2516,0,0,1,0,0,1,0.0,0,1,0,0,0,11387
https://anota.ai/,0,tranco,anota.ai,ai,17,8,1,0,3.2484,2.4056,0,0,1,0,0,1,0.0,0,1,0,0,0,2959
https://wsp.com/,0,tranco,wsp.com,com,16,7,1,0,3.3278,2.8074,0,0,1,0,0,1,0.0,0,1,0,0,0,10748
https://designspiration.com/,0,tranco,designspiration.com,com,28,19,1,0,3.9138,3.6819,0,0,1,0,0,1,0.0,0,1,0,0,0,-1
https://stakekit.ghost.io/tuyo-expanding-retail-access-to-stablecoin-yield/,1,phishtank,ghost.io,io,75,17,50,0,4.2281,3.2195,0,1,2,6,0,1,0.0,0,1,0,0,0,5407
https://direkturaksa.com/,0,tranco,direkturaksa.com,com,25,16,1,0,3.9435,3.625,0,0,1,0,0,1,0.0,0,1,0,0,0,178
https://juris.de/,0,tranco,juris.de,de,17,8,1,0,3.5725,3.0,0,0,1,0,0,1,0.0,0,1,0,0,0,-1
https://pub-8022368e33ab421cb6263b4791b9ea21.r2.dev/index.html,1,phishtank,r2.dev,dev,62,43,11,0,4.6495,4.0452,0,1,3,1,24,1,0.3871,0,1,0,0,0,-1
https://unext.jp/,0,tranco,unext.jp,jp,17,8,1,0,3.4104,3.0,0,0,1,0,0,1,0.0,0,1,0,0,0,6102
https://eganet.go.tz/,0,tranco,eganet.go.tz,go.tz,21,12,1,0,3.4992,2.9183,0,0,2,0,0,1,0.0,0,1,0,0,0,-1
https://manakonline.in/,0,tranco,manakonline.in,in,23,14,1,0,3.7081,2.9502,0,0,1,0,0,1,0.0,0,1,0,0,0,3827
https://dhresource.com/,0,tranco,dhresource.com,com,23,14,1,0,3.7081,3.2359,0,0,1,0,0,1,0.0,0,1,0,0,0,5822
https://pressreader.com/,0,tranco,pressreader.com,com,24,15,1,0,3.6258,3.1396,0,0,1,0,0,1,0.0,0,1,0,0,0,-1
https://share.hsforms.com/1cevvrW9OSyaXZ6NtM6bjzQ4wxyi,1,phishtank,hsforms.com,com,54,17,29,0,4.9212,3.2195,0,1,2,0,5,1,0.0926,0,1,0,0,0,4690
https://docs.google.com/presentation/d/12jl46aCk-843jOCtSkEhiZq3SfC56Qy2iyni5Bdr8FM/pub?start=false&amp;loop=false&amp;delayms=3000,1,phishtank,google.com,com,131,15,64,43,5.2393,2.9736,0,1,2,1,17,9,0.1298,0,1,0,0,0,10537
https://cameraprive.com/,0,tranco,cameraprive.com,com,24,15,1,0,3.8035,3.2402,0,0,1,0,0,1,0.0,0,1,0,0,0,5100
https://milenio.com/,0,tranco,milenio.com,com,20,11,1,0,3.6842,2.914,0,0,1,0,0,1,0.0,0,1,0,0,0,9634
https://l.ead.me/bfNpNW,1,phishtank,ead.me,me,23,8,7,0,3.882,2.5,0,1,2,0,0,1,0.0,0,1,0,0,0,3928
https://www.xn--d1aqfkf.xn--p1ai/bitrix/.../GlobalSources,1,phishtank,xn--d1aqfkf.xn--p1ai,xn--p1ai,57,24,25,0,4.5523,3.5535,0,1,5,4,2,1,0.0351,0,1,0,0,0,-1
https://ocdn.eu/,0,tranco,ocdn.eu,eu,16,7,1,0,3.5778,2.8074,0,0,1,0,0,1,0.0,0,1,0,0,0,-1
https://udmserve.net/,0,tranco,udmserve.net,net,21,12,1,0,3.6178,3.1887,0,0,1,0,0,1,0.0,0,1,0,0,0,7028
https://sas.com/,0,tranco,sas.com,com,16,7,1,0,3.2806,2.5216,0,0,1,0,0,1,0.0,0,1,0,0,0,13291
https://freenet.de/,0,tranco,freenet.de,de,19,10,1,0,3.3264,2.5219,0,0,1,0,0,1,0.0,0,1,0,1,1,-1
https://kpn.net/,0,tranco,kpn.net,net,16,7,1,0,3.1556,2.5216,0,0,1,0,0,1,0.0,0,1,0,0,0,10657
https://servicemailru.weebly.com/,1,phishtank,weebly.com,com,33,24,1,0,4.173,3.7516,0,1,2,0,0,1,0.0,0,1,0,1,1,7420
https://dobaklife24.com/,0,tranco,dobaklife24.com,com,24,15,1,0,4.2202,3.7736,0,0,1,0,2,1,0.0833,0,1,0,0,0,241
https://atomile.com/,0,tranco,atomile.com,com,20,11,1,0,3.6464,3.0958,0,0,1,0,0,1,0.0,0,1,0,0,0,2275
https://snanmtaic.com/GoamracvanCnfa/,1,phishtank,snanmtaic.com,com,37,13,16,0,3.8642,3.0851,0,0,1,0,0,1,0.0,0,1,0,0,0,64
https://qrco.de/bgZUfM,1,phishtank,qrco.de,de,22,7,7,0,4.1524,2.8074,0,0,1,0,0,1,0.0,0,1,0,0,0,-1
https://sunmi.com/,0,tranco,sunmi.com,com,18,9,1,0,3.5724,2.9477,0,0,1,0,0,1,0.0,0,1,0,0,0,8854
https://upm.edu.my/,0,tranco,upm.edu.my,edu.my,19,10,1,0,3.4714,2.7219,0,0,2,0,0,1,0.0,0,1,0,0,0,10807
https://attzcxffclfjlggflggghjjhjljhjjhhk.weebly.com/,1,phishtank,weebly.com,com,53,44,1,0,4.0696,3.795,0,1,2,0,0,1,0.0,0,1,0,0,0,7420
https://templetalorr-bot.github.io/alinew/,1,phishtank,github.io,io,42,26,8,0,4.094,3.7483,0,1,2,1,0,1,0.0,0,1,0,0,0,4883
https://amazon.ie/,0,tranco,amazon.ie,ie,18,9,1,0,3.6835,2.9477,0,0,1,0,0,1,0.0,0,1,0,1,1,9659
https://docs.google.com/drawings/d/1AlYAadYTohCIjpbxfPChv8CuZvrIQbdnH5rkgy6FvbA/edit,1,phishtank,google.com,com,84,15,61,0,5.0986,2.9736,0,1,2,0,4,1,0.0476,0,1,0,0,0,10537
https://bpgslb007.com/,0,tranco,bpgslb007.com,com,22,13,1,0,3.7888,3.3927,0,0,1,0,3,1,0.1364,0,1,0,0,0,797
https://l.ead.me/bgbw7q,1,phishtank,ead.me,me,23,8,7,0,3.969,2.5,0,1,2,0,1,1,0.0435,0,1,0,0,0,3928
https://united-domains.de/,0,tranco,united-domains.de,de,26,17,1,0,3.8441,3.4548,0,0,1,1,0,1,0.0,0,1,0,0,0,-1
https://tlivecdn.com/,0,tranco,tlivecdn.com,com,21,12,1,0,3.8442,3.4183,0,0,1,0,0,1,0.0,0,1,0,0,0,2060
https://www.mybusiness361.com/docs/hts41.html,1,phishtank,mybusiness361.com,com,45,21,16,0,4.2356,3.749,0,1,3,0,5,1,0.1111,0,1,0,0,0,3780
https://yemeksepeti.com/,0,tranco,yemeksepeti.com,com,24,15,1,0,3.6054,3.2402,0,0,1,0,0,1,0.0,0,1,0,0,0,9510
https://pokepara.jp/,0,tranco,pokepara.jp,jp,20,11,1,0,3.4842,2.8454,0,0,1,0,0,1,0.0,0,1,0,0,0,6306
https://awsdns-04.com/,0,tranco,awsdns-04.com,com,22,13,1,0,3.9363,3.5466,0,0,1,1,2,1,0.0909,0,1,0,0,0,5752
https://prezo.ai/public/new-prezo--32af852c-bf7c-497e-83d4-a1d5ede1856f,1,phishtank,prezo.ai,ai,71,8,55,0,4.7175,3.0,0,0,1,7,18,1,0.2535,0,1,0,0,0,1333
https://minimax.io/,0,tranco,minimax.io,io,19,10,1,0,3.5369,2.6464,0,0,1,0,0,1,0.0,0,1,0,0,0,1943
https://amp-endpoint1.com/,0,tranco,amp-endpoint1.com,com,26,17,1,0,3.921,3.6169,0,0,1,1,1,1,0.0385,0,1,0,0,0,1078
https://mosspf.com/,0,tranco,mosspf.com,com,19,10,1,0,3.3264,2.7219,0,0,1,0,0,1,0.0,0,1,0,0,0,1015
https://docs.google.com/presentation/d/e/2PACX-1vSqe03oekKEbFF5Q_N0qmtfzg7H4bhM9lhcR4rh8ImZTOzASidEJwyW_dFRRMrjH1EWbngfILRjTL_F/pub?start=false&amp;loop=false&amp;delayms=3000,1,phishtank,google.com,com,175,15,108,43,5.6303,2.9736,0,1,2,1,16,9,0.0914,0,1,0,0,0,10537
https://docs.google.com/presentation/d/e/2PACX-1vRR-awExeH_VQX1PRye1jieVMRp8ifqIVrq093-yb_AYQQJexSGI9UvTb7lCayG86MaQn5SErxel0EL/pub?start=false&amp;loop=false&amp;delayms=3000&amp;slide=id.p,1,phishtank,google.com,com,190,15,108,58,5.5265,2.9736,0,1,3,3,18,12,0.0947,0,1,0,0,0,10537
https://scanned.page/sKUf5F,1,phishtank,scanned.page,page,27,12,7,0,4.0323,3.085,0,0,1,0,1,1,0.037,0,1,0,0,0,-1
https://science.org/,0,tranco,science.org,org,20,11,1,0,3.6842,3.0958,0,0,1,0,0,1,0.0,0,1,0,0,0,11472
https://jaybless02.myportfolio.com/,1,phishtank,myportfolio.com,com,35,26,1,0,4.2074,4.0081,0,1,2,0,2,1,0.0571,0,1,0,0,0,10585
https://warp.dev/,0,tranco,warp.dev,dev,17,8,1,0,3.5725,3.0,0,0,1,0,0,1,0.0,0,1,0,0,0,-1
https://rts-tender.ru/,0,tranco,rts-tender.ru,ru,22,13,1,0,3.4817,3.027,0,0,1,1,0,1,0.0,0,1,0,0,0,6071
https://parfois.com/,0,tranco,parfois.com,com,20,11,1,0,3.6842,3.2776,0,0,1,0,0,1,0.0,0,1,0,0,0,9629
https://zoologyfibre.com/,0,tranco,zoologyfibre.com,com,25,16,1,0,4.0537,3.5,0,0,1,0,0,1,0.0,0,1,0,0,0,687
https://l.ead.me/bgaLKO,1,phishtank,ead.me,me,23,8,7,0,3.969,2.5,0,1,2,0,0,1,0.0,0,1,0,0,0,3928
https://docs.google.com/presentation/d/e/2PACX-1vSPdK0dSY9oHN_99kc8LOO-vy4yKadfWxPomwmDgGvXtnVPpOxr6NUTQuNkcsfNEZxhd5rUIrUUtkDc/pub?start=false&amp;loop=false&amp;delayms=3000,1,phishtank,google.com,com,175,15,108,43,5.5525,2.9736,0,1,2,2,14,9,0.08,0,1,0,0,0,10537
https://bancoestado.cl/,0,tranco,bancoestado.cl,cl,23,14,1,0,3.7623,3.3788,0,0,1,0,0,1,0.0,0,1,0,0,0,9822
https://douyinpic.com/,0,tranco,douyinpic.com,com,22,13,1,0,3.7888,3.2389,0,0,1,0,0,1,0.0,0,1,0,0,0,2156
https://vtr.net/,0,tranco,vtr.net,net,16,7,1,0,3.2028,2.5216,0,0,1,0,0,1,0.0,0,1,0,0,0,10010
https://media-510.s3.us-west-1.amazonaws.com/9r6alIxZOpNnU?em=redacted@abuse.ionos.com,1,phishtank,amazonaws.com,com,86,36,14,27,4.8296,4.0169,0,3,6,3,7,4,0.0814,1,1,0,1,1,7643
https://stuba.sk/,0,tranco,stuba.sk,sk,17,8,1,0,3.2484,2.75,0,0,1,0,0,1,0.0,0,1,0,0,0,8275
https://51cto.com/,0,tranco,51cto.com,com,18,9,1,0,3.4194,2.7255,0,0,1,0,2,1,0.1111,0,1,0,0,0,7770
https://secure-page-editor--melisapritt.replit.app/,1,phishtank,replit.app,app,51,42,1,0,3.9314,3.7286,0,1,2,4,0,1,0.0,0,1,0,1,1,-1
http://allegrolokalnie.76820.top,1,phishtank,76820.top,top,32,25,0,0,4.1403,3.8937,0,1,2,0,5,1,0.1562,0,0,0,0,0,65
https://ipfs.best-practice.se/ipfs/bafybeidzso4mumpjqm2d4ehwtdtsylrd4kskmpdrrgyyrew7rl3slvzjau/,1,phishtank,best-practice.se,se,95,21,66,0,4.7008,3.4633,0,1,2,1,6,1,0.0632,0,1,0,0,0,5884
http://hyperswap-rpc.pages.dev/,1,phishtank,pages.dev,dev,31,23,1,0,3.8858,3.6212,0,1,2,1,0,1,0.0,0,0,0,0,0,-1
https://samsungdive.com/,0,tranco,samsungdive.com,com,24,15,1,0,4.0221,3.6402,0,0,1,0,0,1,0.0,0,1,0,0,0,5941
https://docs.google.com/presentation/d/13DmCDinIBVDem7zRiYbraL62WY2ZbfBdY2jZy1vt1tw/pub?start=true&amp;loop=false&amp;delayms=3000,1,phishtank,google.com,com,130,15,64,42,5.1892,2.9736,0,1,2,0,13,9,0.1,0,1,0,0,0,10537
https://forms.office.com/pages/responsepage.aspx?id=DQSIkWdsW0yxEjajBLZtrQAAAAAAAAAAAAO__WN1clNUMFBNSFU5NENVT1JYOEdOQ1BQNlRSOUEwTy4u&amp;fbclid=IwAR243EZPhsjUsHW3Sf1wN3OS7HV7S0QdahzxaYhikCUZEjAgMCJNZO6r7QQ,1,phishtank,office.com,com,205,16,24,156,5.6641,3.0306,0,1,3,0,17,6,0.0829,0,1,0,0,0,9955
https://mygrandsavings-acc-sec.weebly.com/,1,phishtank,weebly.com,com,42,33,1,0,4.3384,4.0061,0,1,2,2,0,1,0.0,0,1,0,0,0,7420
https://oxfordreference.com/,0,tranco,oxfordreference.com,com,28,19,1,0,3.7979,3.1158,0,0,1,0,0,1,0.0,0,1,0,0,0,9581
https://allegro.smart-46782.sbs,1,phishtank,smart-46782.sbs,sbs,31,23,0,0,4.2202,3.969,0,1,2,1,5,1,0.1613,0,1,0,0,0,4
https://l.ead.me/bfIS26,1,phishtank,ead.me,me,23,8,7,0,4.056,2.5,0,1,2,0,2,1,0.087,0,1,0,0,0,3928
https://melcloud.com/,0,tranco,melcloud.com,com,21,12,1,0,3.6897,2.9183,0,0,1,0,0,1,0.0,0,1,0,0,0,4914
https://just-eat.com/,0,tranco,just-eat.com,com,21,12,1,0,3.6897,3.4183,0,0,1,1,0,1,0.0,0,1,0,0,0,9447
https://redggjhvgh.web.app/,1,phishtank,web.app,app,27,18,1,0,3.8282,3.4613,0,1,2,0,0,1,0.0,0,1,0,0,0,-1
https://nr-data.net/,0,tranco,nr-data.net,net,20,11,1,0,3.4842,2.914,0,0,1,1,0,1,0.0,0,1,0,0,0,4484
https://bonemiv812.wixsite.com/outlook,1,phishtank,wixsite.com,com,38,22,8,0,4.2711,3.8797,0,1,2,0,3,1,0.0789,0,1,0,1,1,5187
https://hudl.com/,0,tranco,hudl.com,com,17,8,1,0,3.5725,3.0,0,0,1,0,0,1,0.0,0,1,0,0,0,9636
https://lotterypost.com/,0,tranco,lotterypost.com,com,24,15,1,0,3.5383,3.2729,0,0,1,0,0,1,0.0,0,1,0,0,0,9606
https://linqapp.com/nnn3?r=link,1,phishtank,linqapp.com,com,31,11,5,6,4.0794,3.2776,0,0,1,0,1,3,0.0323,0,1,0,0,0,-1
https://qrco.de/bff0s9,1,phishtank,qrco.de,de,22,7,7,0,3.9706,2.8074,0,0,1,0,2,1,0.0909,0,1,0,0,0,-1
https://drugvokrug.ru/,0,tranco,drugvokrug.ru,ru,22,13,1,0,3.6292,2.8151,0,0,1,0,0,1,0.0,0,1,0,0,0,6229
https://wfwf449.com/,0,tranco,wfwf449.com,com,20,11,1,0,3.6842,2.914,0,0,1,0,3,1,0.15,0,1,0,0,0,539
https://l.ead.me/bgbLXh,1,phishtank,ead.me,me,23,8,7,0,3.882,2.5,0,1,2,0,0,1,0.0,0,1,0,0,0,3928
https://mossru.com/,0,tranco,mossru.com,com,19,10,1,0,3.4316,2.7219,0,0,1,0,0,1,0.0,0,1,0,0,0,925
https://clavor-skrez-4c91be-srkt-brendal.pages.dev/,1,phishtank,pages.dev,dev,51,42,1,0,4.3808,4.1752,0,1,2,4,3,1,0.0588,0,1,0,0,0,-1
https://campvnh6sfide7idade.dynv6.net/AB201/755498457442026/mobile/index.php?hash=9492676626a2a08aa59b744.06000036,1,phishtank,dynv6.net,net,114,29,39,37,4.7732,3.9094,0,1,4,0,47,3,0.4123,0,1,0,0,0,4289
https://skypicker.com/,0,tranco,skypicker.com,com,22,13,1,0,3.7888,3.3927,0,0,1,0,0,1,0.0,0,1,0,0,0,5356
https://qrco.de/bgZjrU,1,phishtank,qrco.de,de,22,7,7,0,4.0615,2.8074,0,0,1,0,0,1,0.0,0,1,0,0,0,-1
https://qrco.de/bfIcPf,1,phishtank,qrco.de,de,22,7,7,0,3.9706,2.8074,0,0,1,0,0,1,0.0,0,1,0,0,0,-1
https://webmailrupdatekorea.firebaseapp.com/,1,phishtank,firebaseapp.com,com,44,35,1,0,4.153,3.9085,0,1,2,0,0,1,0.0,0,1,0,1,1,5027
https://l.wl.co/l?u%3Dhttps://qrco.de/bewscY&amp;sa=D&amp;source=editors&amp;ust=1712601575874603&amp;usg=AOvVaw3oUzp5B0zFFWoly0JMT8wt,1,phishtank,wl.co,co,134,7,2,116,5.3171,2.2359,0,1,3,0,22,16,0.1642,0,1,0,0,0,5931
https://championat.ru/,0,tranco,championat.ru,ru,22,13,1,0,3.7544,3.5466,0,0,1,0,0,1,0.0,0,1,0,0,0,9001
https://jamb.gov.ng/,0,tranco,jamb.gov.ng,gov.ng,20,11,1,0,3.7842,3.0958,0,0,2,0,0,1,0.0,0,1,0,0,0,6418
https://www.dropbox.com/scl/fi/1y0rh9be2u27059rdmx9m/BT-CLOUD-VOICE.papert?rlkey=fxbg00n13fo1sgotenhghx3z9&dl=0,1,phishtank,dropbox.com,com,111,15,51,36,5.318,3.1396,0,1,3,2,18,5,0.1622,0,1,0,0,0,11347
https://hely.tech/,0,tranco,hely.tech,tech,18,9,1,0,3.2663,2.7255,0,0,1,0,0,1,0.0,0,1,0,0,0,1030
https://xeroxm32.firebaseapp.com/,1,phishtank,firebaseapp.com,com,33,24,1,0,4.1273,3.8035,0,1,2,0,2,1,0.0606,0,1,0,0,0,5027
https://opera-api.com/,0,tranco,opera-api.com,com,22,13,1,0,3.7544,3.2389,0,0,1,1,0,1,0.0,0,1,0,0,0,3971
https://qy.net/,0,tranco,qy.net,net,15,6,1,0,3.2729,2.585,0,0,1,0,0,1,0.0,0,1,0,0,0,10130
https://google.com.sa/,0,tranco,google.com.sa,com.sa,22,13,1,0,3.6635,3.027,0,0,2,0,0,1,0.0,0,1,0,0,0,-1
https://fmkorea.com/,0,tranco,fmkorea.com,com,20,11,1,0,3.7842,3.0958,0,0,1,0,0,1,0.0,0,1,0,0,0,9269
https://l.ead.me/bgZYkN,1,phishtank,ead.me,me,23,8,7,0,4.056,2.5,0,1,2,0,0,1,0.0,0,1,0,0,0,3928
https://q-r.to/bgbfH9,1,phishtank,q-r.to,to,21,6,7,0,3.8442,2.585,0,0,1,1,1,1,0.0476,0,1,0,0,0,5285
https://iamcook.ru/,0,tranco,iamcook.ru,ru,19,10,1,0,3.7871,3.1219,0,0,1,0,0,1,0.0,0,1,0,0,0,6775
https://yamaha.com/,0,tranco,yamaha.com,com,19,10,1,0,3.4316,2.6464,0,0,1,0,0,1,0.0,0,1,0,0,0,11586
https://smoulknhyztra.web.app/,1,phishtank,web.app,app,30,21,1,0,4.1647,4.1066,0,1,2,0,0,1,0.0,0,1,0,0,0,-1
https://wendy.mystagingwebsite.com/wp-content/plugins/sincous/public/index.php,1,phishtank,mystagingwebsite.com,com,78,26,44,0,4.2761,3.8253,0,1,3,1,0,1,0.0,0,1,0,0,0,4636
https://qrco.de/bfGEyL,1,phishtank,qrco.de,de,22,7,7,0,4.1524,2.8074,0,0,1,0,0,1,0.0,0,1,0,0,0,-1
https://friendly-begonia-f88ae0docspdfx.netlify.app/,1,phishtank,netlify.app,app,52,43,1,0,4.421,4.2222,0,1,2,2,3,1,0.0577,0,1,0,0,0,-1
https://komonews.com/,0,tranco,komonews.com,com,21,12,1,0,3.6538,3.0221,0,0,1,0,0,1,0.0,0,1,0,0,0,10619
https://hadafatya23sa.start.page/,1,phishtank,start.page,page,33,24,1,0,3.6271,3.4014,0,1,2,0,2,1,0.0606,0,1,0,0,0,-1
https://leadsafrica.com/,0,tranco,leadsafrica.com,com,24,15,1,0,3.9387,3.4566,0,0,1,0,0,1,0.0,0,1,0,0,0,124
https://avasecurity.com/,0,tranco,avasecurity.com,com,24,15,1,0,3.9387,3.6402,0,0,1,0,0,1,0.0,0,1,0,1,1,5683
https://allaboutcookies.org/,0,tranco,allaboutcookies.org,org,28,19,1,0,3.9677,3.6163,0,0,1,0,0,1,0.0,0,1,0,0,0,6606
http://daviseguridadon.webcindario.com,1,phishtank,webcindario.com,com,38,31,0,0,4.2082,3.8087,0,1,2,0,0,1,0.0,0,0,0,0,0,9275
https://pragmaticplay.net/,0,tranco,pragmaticplay.net,net,26,17,1,0,3.8441,3.5725,0,0,1,0,0,1,0.0,0,1,0,0,0,3975
https://ipcc.ch/,0,tranco,ipcc.ch,ch,16,7,1,0,3.0306,2.1281,0,0,1,0,0,1,0.0,0,1,0,0,0,-1
https://hdhehdses.w3spaces.com/arfsfrwgts.html,1,phishtank,w3spaces.com,com,46,22,16,0,4.0121,3.3908,0,1,3,0,1,1,0.0217,0,1,0,0,0,2039
https://icndns.net/,0,tranco,icndns.net,net,19,10,1,0,3.3919,2.8464,0,0,1,0,0,1,0.0,0,1,0,0,0,-1
https://wisconsin.gov/,0,tranco,wisconsin.gov,gov,22,13,1,0,3.6635,3.0851,0,0,1,0,0,1,0.0,0,1,0,0,0,9433
https://unixtools.org/,0,tranco,unixtools.org,org,22,13,1,0,3.7201,3.3347,0,0,1,0,0,1,0.0,0,1,0,0,0,10026
https://onet.pl/,0,tranco,onet.pl,pl,16,7,1,0,3.2806,2.8074,0,0,1,0,0,1,0.0,0,1,0,0,0,10987
https://selectunivcote.weebly.com/,1,phishtank,weebly.com,com,34,25,1,0,3.9957,3.6693,0,1,2,0,0,1,0.0,0,1,0,0,0,7420
https://lepida.it/,0,tranco,lepida.it,it,18,9,1,0,3.4194,2.9477,0,0,1,0,0,1,0.0,0,1,0,0,0,8100
https://boeing.com/,0,tranco,boeing.com,com,19,10,1,0,3.7871,3.1219,0,0,1,0,0,1,0.0,0,1,0,0,0,14568
https://frame.io/,0,tranco,frame.io,io,17,8,1,0,3.6901,3.0,0,0,1,0,0,1,0.0,0,1,0,0,0,4869
https://fuck-rkn.xyz/,0,tranco,fuck-rkn.xyz,xyz,21,12,1,0,3.9754,3.4183,0,0,1,1,0,1,0.0,0,1,0,0,0,219
https://axios.com/,0,tranco,axios.com,com,18,9,1,0,3.5724,2.9477,0,0,1,0,0,1,0.0,0,1,0,0,0,10542
https://wemuslim.com/,0,tranco,wemuslim.com,com,21,12,1,0,3.749,3.1887,0,0,1,0,0,1,0.0,0,1,0,0,0,4595
https://ford.com/,0,tranco,ford.com,com,17,8,1,0,3.5725,2.75,0,0,1,0,0,1,0.0,0,1,0,0,0,13838
https://docs.google.com/presentation/d/e/2PACX-1vRtzNCjYq3hA0SMtmnkRb3m-IQp4J-fAotFEFh8Wnu2XmmljLSqwF6RbNDRCh_8RcNQFRN_i8rHtPx3/pub?start=false&amp;loop=false&amp;delayms=3000,1,phishtank,google.com,com,175,15,108,43,5.5424,2.9736,0,1,2,3,16,9,0.0914,0,1,0,0,0,10537
https://adikteev.com/,0,tranco,adikteev.com,com,21,12,1,0,3.8442,3.4183,0,0,1,0,0,1,0.0,0,1,0,0,0,4947
http://allegro-lokalnie.prwayn328129.top,1,phishtank,prwayn328129.top,top,40,33,0,0,4.3464,4.1502,0,1,2,1,6,1,0.15,0,0,0,0,0,13
https://moviespage.xyz/,0,tranco,moviespage.xyz,xyz,23,14,1,0,3.969,3.6645,0,0,1,0,0,1,0.0,0,1,0,0,0,-1
https://moprf-3331cyura.web.app/,1,phishtank,web.app,app,32,23,1,0,4.2028,3.8492,0,1,2,1,4,1,0.125,0,1,0,0,0,-1
https://www.pcn-noticux.cyou/com,1,phishtank,pcn-noticux.cyou,cyou,32,20,4,0,3.9056,3.4464,0,1,2,1,0,1,0.0,0,1,0,0,0,62
https://anthill.farm/,0,tranco,anthill.farm,farm,21,12,1,0,3.6538,3.2516,0,0,1,0,0,1,0.0,0,1,0,0,0,-1
https://freelancer.com/,0,tranco,freelancer.com,com,23,14,1,0,3.8492,3.182,0,0,1,0,0,1,0.0,0,1,0,1,1,11296
https://mschosting.com/,0,tranco,mschosting.com,com,23,14,1,0,3.5555,3.2359,0,0,1,0,0,1,0.0,0,1,0,0,0,8509
https://ldp-studio-prod.firebaseapp.com/,1,phishtank,firebaseapp.com,com,40,31,1,0,4.1373,3.9378,0,1,2,2,0,1,0.0,0,1,0,0,0,5027
https://synologyupdate.com/,0,tranco,synologyupdate.com,com,27,18,1,0,4.0043,3.7947,0,0,1,0,0,1,0.0,0,1,0,1,1,1106
http://attmailayahsoask.ukit.me/,1,phishtank,ukit.me,me,32,24,1,0,3.7508,3.4864,0,1,2,0,0,1,0.0,0,0,0,0,0,3509
https://docs.google.com/presentation/d/e/2PACX-1vTvpCsOsYuVPET6jsXV1XoV_HowMq9CGNVkFKX8onqheSiVxHUryNygIoIQIK28kUljGNo7QbLpga9Y/pub?start=true&amp;loop=true&amp;delayms=3000,1,phishtank,google.com,com,173,15,108,41,5.5766,2.9736,0,1,2,1,14,9,0.0809,0,1,0,0,0,10537
https://pub-6c3ef284faf3479d8b32bc5b85680939.r2.dev/emk34i6238.html,1,phishtank,r2.dev,dev,67,43,16,0,4.6757,4.2108,0,1,3,1,28,1,0.4179,0,1,0,0,0,-1
https://magnite-audience-prod.com/,0,tranco,magnite-audience-prod.com,com,34,25,1,0,4.1385,3.8137,0,0,1,2,0,1,0.0,0,1,0,0,0,705
https://linklist.bio/,0,tranco,linklist.bio,bio,21,12,1,0,3.5226,3.0221,0,0,1,0,0,1,0.0,0,1,0,0,0,-1
https://redditspace.com/,0,tranco,redditspace.com,com,24,15,1,0,3.7721,3.5069,0,0,1,0,0,1,0.0,0,1,0,0,0,5531
https://jut.slj.mybluehost.me/it.php,1,phishtank,mybluehost.me,me,36,21,7,0,3.8191,3.4992,0,2,4,0,0,1,0.0,0,1,0,0,0,3576
https://chicagotribune.com/,0,tranco,chicagotribune.com,com,27,18,1,0,4.0043,3.6835,0,0,1,0,0,1,0.0,0,1,0,0,0,-1
https://bloominphotos.com/,1,openphish,bloominphotos.com,com,26,17,1,0,3.5805,3.2869,0,0,1,0,0,1,0.0,0,1,0,0,0,3200
https://tubidy.com/,0,tranco,tubidy.com,com,19,10,1,0,3.7474,3.3219,0,0,1,0,0,1,0.0,0,1,0,0,0,6157
https://tv-tokyo.co.jp/,0,tranco,tv-tokyo.co.jp,co.jp,23,14,1,0,3.5884,3.182,0,0,2,1,0,1,0.0,0,1,0,0,0,11397
https://sunmedia.tv/,0,tranco,sunmedia.tv,tv,20,11,1,0,3.7464,3.4594,0,0,1,0,0,1,0.0,0,1,0,0,0,3499
https://schemaapp.com/,0,tranco,schemaapp.com,com,22,13,1,0,3.4817,3.0851,0,0,1,0,0,1,0.0,0,1,0,0,0,4410
https://frontiersin.org/,0,tranco,frontiersin.org,org,24,15,1,0,3.6573,3.1899,0,0,1,0,0,1,0.0,0,1,0,0,0,7465
https://dismall.com/,0,tranco,dismall.com,com,20,11,1,0,3.6842,3.0958,0,0,1,0,0,1,0.0,0,1,0,0,0,4220
https://bloomsbury.com/,0,tranco,bloomsbury.com,com,23,14,1,0,3.7623,3.182,0,0,1,0,0,1,0.0,0,1,0,0,0,11086
https://produbanc0.webcindario.com/,1,phishtank,webcindario.com,com,35,26,1,0,4.2074,3.7962,0,1,2,0,1,1,0.0286,0,1,0,0,0,9275
https://therarbg.to/,0,tranco,therarbg.to,to,20,11,1,0,3.4842,3.0958,0,0,1,0,0,1,0.0,0,1,0,0,0,987
https://lookerstudio.google.com/reporting/fdbad356-1471-42c5-92e5-056afd79bfbc,1,phishtank,google.com,com,78,23,47,0,4.8056,3.5014,0,1,2,4,18,1,0.2308,0,1,0,0,0,10537
https://gpo.gov/,0,tranco,gpo.gov,gov,16,7,1,0,3.2028,2.2359,0,0,1,0,0,1,0.0,0,1,0,0,0,10520
https://mp3party.net/,0,tranco,mp3party.net,net,21,12,1,0,3.5585,3.2516,0,0,1,0,1,1,0.0476,0,1,0,0,0,4128
https://new.express.adobe.com/webpage/jbCRIDNKr7oJp,1,phishtank,adobe.com,com,51,21,22,0,4.5248,3.5945,0,2,3,0,1,1,0.0196,0,1,0,0,0,14492
https://goldlives.pages.dev,1,phishtank,pages.dev,dev,27,19,0,0,3.8101,3.3661,0,1,2,0,0,1,0.0,0,1,0,0,0,-1
https://docs.google.com/presentation/d/e/2PACX-1vSP7Zyp4lZDd9-DIf8WpBKMbMojK5U8tHTHJoIvrP_x1wGMh68cHcE83UWvwL2dfHIXTod_tnZg0VPN/pub?start=false&amp;loop=false&amp;delayms=3000,1,phishtank,google.com,com,175,15,108,43,5.6176,2.9736,0,1,2,2,19,9,0.1086,0,1,0,0,0,10537
https://did.li/H63rl,1,phishtank,did.li,li,20,6,6,0,3.6842,1.9183,0,0,1,0,2,1,0.1,0,1,0,0,0,-1
https://tinyurl.com/2cedq54t,1,phishtank,tinyurl.com,com,28,11,9,0,4.2804,3.4594,0,0,1,0,3,1,0.1071,0,1,1,0,0,8942
https://thumbtack.com/,0,tranco,thumbtack.com,com,22,13,1,0,3.6069,3.2389,0,0,1,0,0,1,0.0,0,1,0,0,0,10125
https://iconify.design/,0,tranco,iconify.design,design,23,14,1,0,3.8492,3.3249,0,0,1,0,0,1,0.0,0,1,0,0,0,2835
https://isabella-g1.firebaseapp.com/,1,phishtank,firebaseapp.com,com,36,27,1,0,4.1416,3.838,0,1,2,1,1,1,0.0278,0,1,0,0,0,5027
https://allegrolokalnie.pl-070.cfd/oferta/Samsung-watch-s24-ultra?allegro=kontakt,1,phishtank,pl-070.cfd,cfd,81,26,31,15,4.5586,3.8693,0,1,2,4,5,3,0.0617,0,1,0,0,0,84
https://docs.google.com/presentation/d/e/2PACX-1vT6nj5Z8hOXTunn2eFG8-Lauq1DzEsEKLlNPoYwxty_uIAVuklTRZoLRIQW7NJMl20sh-urE-foCgLB/pub?start=false&amp;loop=false&amp;delayms=3000&amp;slide=id.p,1,phishtank,google.com,com,190,15,108,58,5.6016,2.9736,0,1,3,4,15,12,0.0789,0,1,0,0,0,10537
https://weatherfx.com/,0,tranco,weatherfx.com,com,22,13,1,0,3.8454,3.5466,0,0,1,0,0,1,0.0,0,1,0,0,0,10105
https://kleinanzeigen.xxzlaw.com/221363772724?mail=W1dPTExFUlld&meta=rlWjMKWwLJ50LJqyVwb1YPWhLJ1yVwbvKUIxBQAyKUIxMJZ2VSqioTkypaxtGJScoPVfVzAbLKEsnJDvBv01ZGZkZmZmZQp4YPWmMKW2nJAyVwbvn2kynJ5uoacynJqyovVfVaE5pTHvBvW3o2kfMKW5K21unJkypvW9,1,phishtank,xxzlaw.com,com,233,24,13,187,5.6604,3.6887,0,1,2,0,31,5,0.133,0,1,0,0,0,-1
https://de-29300.firebaseapp.com/,1,phishtank,firebaseapp.com,com,33,24,1,0,4.3091,4.0535,0,1,2,1,5,1,0.1515,0,1,0,0,0,5027
https://msocdn.com/,0,tranco,msocdn.com,com,19,10,1,0,3.4714,2.7219,0,0,1,0,0,1,0.0,0,1,0,0,0,4782
https://creazionifuture.it/documenti/bollettino%20Findomestic%20Banca%20Spa.%2012/60/web/,1,phishtank,creazionifuture.it,it,89,18,63,0,4.5656,3.4613,0,0,2,0,12,5,0.1348,0,1,0,0,0,5318
https://www.minimalisticapparel.com/?V_ACT_Login=O8ZbW97hj72pKwsRWWYc2G3xkn,1,phishtank,minimalisticapparel.com,com,75,27,1,38,5.1668,3.634,0,1,2,0,7,3,0.0933,0,1,0,1,1,-1
https://softischem710.weebly.com/blog/manual-geladeira-electrolux-df484f,1,phishtank,weebly.com,com,72,24,40,0,4.6569,3.9702,0,1,2,3,6,1,0.0833,0,1,0,0,0,7420
https://aware-assistant-407030.framer.app/,1,phishtank,framer.app,app,42,33,1,0,4.0464,3.8391,0,1,2,2,6,1,0.1429,0,1,0,0,0,-1
https://q-r.to/bfIlhq,1,phishtank,q-r.to,to,21,6,7,0,3.749,2.585,0,0,1,1,0,1,0.0,0,1,0,0,0,5285
https://visionschools.org/en.html,1,phishtank,visionschools.org,org,33,17,8,0,3.8849,3.2195,0,0,2,0,0,1,0.0,0,1,0,0,0,2519
https://myinsales.ru/,0,tranco,myinsales.ru,ru,21,12,1,0,3.8442,3.4183,0,0,1,0,0,1,0.0,0,1,0,0,0,6383
https://trivago.com/,0,tranco,trivago.com,com,20,11,1,0,3.7464,3.2776,0,0,1,0,0,1,0.0,0,1,0,0,0,8189
https://drbokep.page/,0,tranco,drbokep.page,page,21,12,1,0,3.749,3.2516,0,0,1,0,0,1,0.0,0,1,0,0,0,-1
https://mangatown.com/,0,tranco,mangatown.com,com,22,13,1,0,3.6635,3.0851,0,0,1,0,0,1,0.0,0,1,0,0,0,5197
https://jndsbuik2linkthn-2184y129471.start.page/,1,phishtank,start.page,page,48,39,1,0,4.5561,4.49,0,1,2,1,11,1,0.2292,0,1,0,0,0,-1
https://riskified.com/,0,tranco,riskified.com,com,22,13,1,0,3.8454,3.3347,0,0,1,0,0,1,0.0,0,1,0,0,0,5057
https://bitcoin.org/,0,tranco,bitcoin.org,org,20,11,1,0,3.6464,3.0958,0,0,1,0,0,1,0.0,0,1,0,0,0,6547
https://welcome-exo-y-dus-en.teachable.com/p/home,1,phishtank,teachable.com,com,49,34,7,0,4.1316,3.881,0,1,2,4,0,1,0.0,0,1,0,0,0,8499
https://tmdb.org/,0,tranco,tmdb.org,org,17,8,1,0,3.5281,3.0,0,0,1,0,0,1,0.0,0,1,0,0,0,6153
https://lgrckt-in.com/,0,tranco,lgrckt-in.com,com,22,13,1,0,3.9363,3.5466,0,0,1,1,0,1,0.0,0,1,0,0,0,463
https://pub-609041d0f94c469f829e5faf582e4040.r2.dev/cz.html,1,phishtank,r2.dev,dev,59,43,8,0,4.5777,4.0605,0,1,3,1,24,1,0.4068,0,1,0,0,0,-1
https://betterstack.com/,0,tranco,betterstack.com,com,24,15,1,0,3.6531,3.3232,0,0,1,0,0,1,0.0,0,1,0,0,0,4912
https://sute-trexo.wixstudio.com/en-us,1,phishtank,wixstudio.com,com,38,24,6,0,4.0208,3.6887,0,1,2,2,0,1,0.0,0,1,0,0,0,-1
https://shillongteerground.com/,0,tranco,shillongteerground.com,com,31,22,1,0,4.0424,3.7888,0,0,1,0,0,1,0.0,0,1,0,0,0,2250
https://splio.name/,0,tranco,splio.name,name,19,10,1,0,3.6819,3.3219,0,0,1,0,0,1,0.0,0,1,0,0,0,-1
https://weathernews.jp/,0,tranco,weathernews.jp,jp,23,14,1,0,3.5555,3.3249,0,0,1,0,0,1,0.0,0,1,0,0,0,8506
https://sites.google.com/view/sbc-106616/att,1,phishtank,google.com,com,44,16,20,0,4.1984,3.2028,0,1,2,1,6,1,0.1364,0,1,0,0,0,10537
https://cpan.org/,0,tranco,cpan.org,org,17,8,1,0,3.5725,3.0,0,0,1,0,0,1,0.0,0,1,0,0,0,10400
https://qrco.de/bgcOuv,1,phishtank,qrco.de,de,22,7,7,0,4.0615,2.8074,0,0,1,0,0,1,0.0,0,1,0,0,0,-1
https://nlb-klik.com/#/,1,phishtank,nlb-klik.com,com,23,12,1,0,3.9149,3.2516,0,0,1,1,0,2,0.0,0,1,0,0,0,84
https://docs.google.com/presentation/d/e/2PACX-1vROfm8LmauNUD1Jtk59ABM_XKttFK1C_wOc1IUY-NcM4eGQMFwLtTWral2vCOKOGP8u31EJ1GRKAL8h/pub?start=false&amp;loop=false&amp;delayms=3000&amp;slide=id.p,1,phishtank,google.com,com,190,15,108,58,5.5737,2.9736,0,1,3,2,19,12,0.1,0,1,0,0,0,10537
https://t.co/7iNSCTNVmD,1,phishtank,t.co,co,23,4,11,0,4.0231,2.0,0,0,1,0,1,1,0.0435,0,1,1,0,0,5931
http://nvidia1651665403.zendesk.com/,1,phishtank,zendesk.com,com,36,28,1,0,4.4613,4.1375,0,1,2,0,10,1,0.2778,0,0,0,0,0,7736
https://snackvideo.com/,0,tranco,snackvideo.com,com,23,14,1,0,3.969,3.5216,0,0,1,0,0,1,0.0,0,1,0,0,0,5968
https://linkin.bio/no-sidige1eco/,1,phishtank,linkin.bio,bio,33,10,15,0,3.9802,2.6464,0,0,1,1,1,1,0.0303,0,1,0,0,0,-1
https://o-ne-o-n-l-i-n-e26-one-adm.lechante.co.za/,1,phishtank,lechante.co.za,co.za,50,41,1,0,3.9485,3.5708,0,1,3,9,2,1,0.04,0,1,0,0,0,3325
https://abbib.ope-961084.pro/,1,phishtank,ope-961084.pro,pro,29,20,1,0,4.1592,3.7842,0,1,2,1,6,1,0.2069,0,1,0,0,0,-1
https://suiten-pps.wixstudio.com/start,1,phishtank,wixstudio.com,com,38,24,6,0,4.001,3.7721,0,1,2,1,0,1,0.0,0,1,0,0,0,-1
https://adtiming.com/,0,tranco,adtiming.com,com,21,12,1,0,3.749,3.2516,0,0,1,0,0,1,0.0,0,1,0,0,0,3666
https://www.sites.google.com/view/cuscatlanelsalvador2023/p%C3%A1gina-principal,1,phishtank,google.com,com,79,20,51,0,4.6049,3.3087,0,2,3,1,6,3,0.0759,0,1,0,0,0,10537
https://web.tegaix.top,1,phishtank,tegaix.top,top,22,14,0,0,3.7322,3.3788,0,1,2,0,0,1,0.0,0,1,0,0,0,49
https://smbc-cardindex.wzxnc.com/newsinvestor-jp/,1,phishtank,wzxnc.com,com,49,24,17,0,4.3594,3.835,0,1,2,2,0,1,0.0,0,1,0,0,0,4766
https://qrco.de/bfNy9H,1,phishtank,qrco.de,de,22,7,7,0,4.1524,2.8074,0,0,1,0,1,1,0.0455,0,1,0,0,0,-1
https://businessinsider.de/,0,tranco,businessinsider.de,de,27,18,1,0,3.5744,2.9749,0,0,1,0,0,1,0.0,0,1,0,0,0,-1
https://pictoa.com/,0,tranco,pictoa.com,com,19,10,1,0,3.4316,2.9219,0,0,1,0,0,1,0.0,0,1,0,0,0,6291
https://educert.net/austracollegeweb/dbhvbhdbhvdvhdbhbh.html,1,phishtank,educert.net,net,60,11,41,0,4.0461,2.8454,0,0,2,0,0,1,0.0,0,1,0,0,0,4216
https://rfihub.com/,0,tranco,rfihub.com,com,19,10,1,0,3.7871,3.3219,0,0,1,0,0,1,0.0,0,1,0,0,0,6642
https://zh-in-8868.com/#/login/coreLogin,1,openphish,zh-in-8868.com,com,40,14,1,0,4.2251,3.3249,0,0,1,2,4,2,0.1,0,1,0,1,1,329
https://discomax.com/,0,tranco,discomax.com,com,21,12,1,0,3.6897,3.085,0,0,1,0,0,1,0.0,0,1,0,0,0,2147
https://bit.ly/45WLmA3,1,phishtank,bit.ly,ly,22,6,8,0,4.0272,2.585,0,0,1,0,3,1,0.1364,0,1,1,0,0,6639
https://wunderground.com/,0,tranco,wunderground.com,com,25,16,1,0,3.9737,3.375,0,0,1,0,0,1,0.0,0,1,0,0,0,11437
https://cgkthn.com/,0,tranco,cgkthn.com,com,19,10,1,0,3.5369,3.1219,0,0,1,0,0,1,0.0,0,1,0,0,0,-1
https://urbanoutfitters.com/,0,tranco,urbanoutfitters.com,com,28,19,1,0,3.9372,3.6819,0,0,1,0,0,1,0.0,0,1,0,0,0,11039
https://99i5xfhbb.cc.rs6.net/tn.jsp?f=001FYmP_ZemX5YzjvPMRZlQ6Ocdg93C4pE0z0lbZ3g36RDVB0qwRBTmBOBRC7x1dvBOaHnBtrMw4VVd9p0m6WsgdOsr9KE6Xn_jhQsxCw-4wcz9l8obuX80xvndqj5umV36NRcqculLxd1ebWbQ8Y6-Eg==&amp;c=mxem_A6nm2X5NzT3wl7Xc4rLImoPem40-Xi1xCa-SNJ2ph-2eCeWbQ==&amp;ch=&amp;__=abs/rp/ItCMKHtGnUt8xaI/c2FzY2hhQGlwc2EtaW5zdGl0dXQuY29t,1,phishtank,rs6.net,net,327,20,7,291,5.8787,3.7842,0,2,4,5,56,16,0.1713,0,1,0,0,0,8978
https://spreaker.com/,0,tranco,spreaker.com,com,21,12,1,0,3.6897,3.2516,0,0,1,0,0,1,0.0,0,1,0,0,0,6280
https://docs.google.com/presentation/d/e/2PACX-1vS3t8-IsB8Sew8-M1y6Lz7V9tIUl8lp9FAYHH_8yinK5TcOh-53-FsfCljK-4JAZwUCPrqs2tNkuJPB/pub?start=false&amp;loop=false&amp;delayms=3000,1,phishtank,google.com,com,175,15,108,43,5.6196,2.9736,0,1,2,6,22,9,0.1257,0,1,0,0,0,10537
https://pacificar-ec.webcindario.com/login.html,1,phishtank,webcindario.com,com,47,28,11,0,4.2569,3.6515,0,1,3,1,0,1,0.0,0,1,0,1,1,9275
https://telegraaf.nl/,0,tranco,telegraaf.nl,nl,21,12,1,0,3.6538,3.085,0,0,1,0,0,1,0.0,0,1,0,0,0,11174
https://www.flowcode.com/page/att-redirectpatportal,1,phishtank,flowcode.com,com,51,16,27,0,4.0418,2.9528,0,1,2,1,0,1,0.0,0,1,0,0,0,5879
http://allegro.8027348623547638.shop,1,phishtank,8027348623547638.shop,shop,36,29,0,0,4.2947,4.0473,0,1,2,0,16,1,0.4444,0,0,0,0,0,-1
https://tx.yvbgh.cam/,1,phishtank,yvbgh.cam,cam,21,12,1,0,3.749,3.4183,0,1,2,0,0,1,0.0,0,1,0,0,0,85
https://informationsante.com/,1,phishtank,informationsante.com,com,29,20,1,0,3.8144,3.4464,0,0,1,0,0,1,0.0,0,1,0,0,0,15
https://script.google.com/macros/s/AKfycbyVwMUBv8voZ6mOw2e-p-lhb903O_MmtrOsJOAKt0UOh7oNOVGXwAzl_GvO6fE1Dg9soA/exec,1,phishtank,google.com,com,114,17,89,0,5.2642,3.4548,0,1,2,2,11,1,0.0965,0,1,0,0,0,10537
https://pending-renewal-domain.com/,0,tranco,pending-renewal-domain.com,com,35,26,1,0,4.1719,3.7483,0,0,1,2,0,1,0.0,0,1,0,0,0,7869
https://scitechdaily.com/,0,tranco,scitechdaily.com,com,25,16,1,0,3.8333,3.5778,0,0,1,0,0,1,0.0,0,1,0,0,0,10085
https://lolalytics.com/,0,tranco,lolalytics.com,com,23,14,1,0,3.6425,3.182,0,0,1,0,0,1,0.0,0,1,0,0,0,3753
https://livetv.sx/,0,tranco,livetv.sx,sx,18,9,1,0,3.4194,2.9477,0,0,1,0,0,1,0.0,0,1,0,0,0,4740
https://depop.com/,0,tranco,depop.com,com,18,9,1,0,3.4194,2.7255,0,0,1,0,0,1,0.0,0,1,0,0,0,-1
https://arena.ai/,0,tranco,arena.ai,ai,17,8,1,0,3.4104,2.4056,0,0,1,0,0,1,0.0,0,1,0,0,0,3140
https://tudelft.nl/,0,tranco,tudelft.nl,nl,19,10,1,0,3.4714,2.9219,0,0,1,0,0,1,0.0,0,1,0,0,0,14244
https://iso.org/,0,tranco,iso.org,org,16,7,1,0,3.3278,2.5216,0,0,1,0,0,1,0.0,0,1,0,0,0,11182
https://btworldd.ck.page/13ddcaecbf,1,phishtank,ck.page,page,35,16,11,0,4.2074,3.75,0,1,2,0,2,1,0.0571,0,1,0,0,0,-1
https://decipherinc.com/,0,tranco,decipherinc.com,com,24,15,1,0,3.7721,3.3232,0,0,1,0,0,1,0.0,0,1,0,0,0,9324
https://started-trrexor.wixstudio.com/en-us,1,phishtank,wixstudio.com,com,43,29,6,0,4.0827,3.7285,0,1,2,2,0,1,0.0,0,1,0,0,0,-1
https://debremzers.firebaseapp.com/,1,phishtank,firebaseapp.com,com,35,26,1,0,3.9684,3.6095,0,1,2,0,0,1,0.0,0,1,0,0,0,5027
https://eateli.weebly.com/,1,phishtank,weebly.com,com,26,17,1,0,3.8731,3.3816,0,1,2,0,0,1,0.0,0,1,0,0,0,7420
https://alamy.com/,0,tranco,alamy.com,com,18,9,1,0,3.5724,2.7255,0,0,1,0,0,1,0.0,0,1,0,0,0,9777
https://iserv.eu/,0,tranco,iserv.eu,eu,17,8,1,0,3.4548,2.75,0,0,1,0,0,1,0.0,0,1,0,0,0,-1
https://sp478111.sitebeat.crazydomains.com/,1,phishtank,crazydomains.com,com,43,34,1,0,4.3328,4.1751,0,2,3,0,6,1,0.1395,0,1,0,0,0,8989
https://qrco.de/bfHFBR,1,phishtank,qrco.de,de,22,7,7,0,4.1524,2.8074,0,0,1,0,0,1,0.0,0,1,0,0,0,-1
https://storage.cloud.google.com/ttn5/raja.html#a@b.com,1,phishtank,google.com,com,55,24,15,0,4.2241,3.455,0,2,5,0,1,3,0.0182,1,1,0,0,0,10537
https://consolation5.firebaseapp.com/,1,phishtank,firebaseapp.com,com,37,28,1,0,4.0804,3.8518,0,1,2,0,1,1,0.027,0,1,0,0,0,5027
https://duetapp.net/,0,tranco,duetapp.net,net,20,11,1,0,3.3464,2.914,0,0,1,0,0,1,0.0,0,1,0,0,0,1226
https://tx.rbgde.cam/,1,phishtank,rbgde.cam,cam,21,12,1,0,3.8442,3.4183,0,1,2,0,0,1,0.0,0,1,0,0,0,85
https://docs.google.com/presentation/d/e/2PACX-1vRFRBuaY0J0ZAozzytXH1G2vGdorVcme2hO8uwO55XfLCy8etozmX2Y0a6O3dLEDe0MySCczFiy2R2r/pub,1,phishtank,google.com,com,131,15,108,0,5.4066,2.9736,0,1,2,1,18,1,0.1374,0,1,0,0,0,10537
https://learnapp-startio.wixstudio.com/us-en,1,phishtank,wixstudio.com,com,44,30,6,0,4.2007,4.0062,0,1,2,2,0,1,0.0,0,1,0,0,0,-1
https://www.dpdlocorv.top/com,1,phishtank,dpdlocorv.top,top,29,17,4,0,3.7194,3.1751,0,1,2,0,0,1,0.0,0,1,0,0,0,68
https://thesimsresource.com/,0,tranco,thesimsresource.com,com,28,19,1,0,3.655,3.3264,0,0,1,0,0,1,0.0,0,1,0,0,0,9655
https://netatmo.com/,0,tranco,netatmo.com,com,20,11,1,0,3.4842,2.914,0,0,1,0,0,1,0.0,0,1,0,0,0,5564
https://hstgr.cloud/,0,tranco,hstgr.cloud,cloud,20,11,1,0,3.6464,3.4594,0,0,1,0,0,1,0.0,0,1,0,0,0,1113
https://ottera.tv/,0,tranco,ottera.tv,tv,18,9,1,0,3.2608,2.6416,0,0,1,0,0,1,0.0,0,1,0,0,0,3456
https://fr.ru/,0,tranco,fr.ru,ru,14,5,1,0,3.182,1.9219,0,0,1,0,0,1,0.0,0,1,0,0,0,10130
https://qrco.de/bfTB3K,1,phishtank,qrco.de,de,22,7,7,0,4.1524,2.8074,0,0,1,0,1,1,0.0455,0,1,0,0,0,-1
https://macleans.ca/,0,tranco,macleans.ca,ca,20,11,1,0,3.5464,2.8454,0,0,1,0,0,1,0.0,0,1,0,0,0,9404
https://qrco.de/bgaMXF,1,phishtank,qrco.de,de,22,7,7,0,4.1524,2.8074,0,0,1,0,0,1,0.0,0,1,0,0,0,-1
https://groupon.com/,0,tranco,groupon.com,com,20,11,1,0,3.6464,3.0272,0,0,1,0,0,1,0.0,0,1,0,0,0,8820
https://docs.google.com/drawings/d/1CXVXHc_7WaCNotwuTxr88gxchrNTDs43RSuptNU-hXU/edit,1,phishtank,google.com,com,84,15,61,0,5.0382,2.9736,0,1,2,1,6,1,0.0714,0,1,0,0,0,10537
https://gashsbasass.w3spaces.com/tfavgtsstts.html,1,phishtank,w3spaces.com,com,49,24,17,0,3.7457,3.2662,0,1,3,0,1,1,0.0204,0,1,0,0,0,2039
https://tuyacn.com/,0,tranco,tuyacn.com,com,19,10,1,0,3.6421,3.1219,0,0,1,0,0,1,0.0,0,1,0,0,0,3742
https://operacoes.sp.gov.br/,0,tranco,operacoes.sp.gov.br,sp.gov.br,28,19,1,0,3.744,3.3264,0,0,3,0,0,1,0.0,0,1,0,0,0,11339
https://dnb.com/,0,tranco,dnb.com,com,16,7,1,0,3.5778,2.8074,0,0,1,0,0,1,0.0,0,1,0,0,0,11823
https://cleanhaven.de/afd/,1,phishtank,cleanhaven.de,de,26,13,5,0,3.7193,3.027,0,0,1,0,0,1,0.0,0,1,0,0,0,-1
https://gidadudic.z38.web.core.windows.net/,1,phishtank,windows.net,net,43,34,1,0,4.2313,3.9147,0,4,5,0,2,1,0.0465,0,1,0,0,0,11304
https://docs.google.com/drawings/d/1RCMug-mAczm1EAIKLlb-BbwP1nP1-w3oeMbaL8ZJ6Eo/edit,1,phishtank,google.com,com,84,15,61,0,5.0464,2.9736,0,1,2,3,7,1,0.0833,0,1,0,0,0,10537
https://allegro.nr-2384smdf234.click,1,phishtank,nr-2384smdf234.click,click,36,28,0,0,4.5378,4.209,0,1,2,1,7,1,0.1944,0,1,0,0,0,12
https://nordpass.com/,0,tranco,nordpass.com,com,21,12,1,0,3.6538,3.2516,0,0,1,0,0,1,0.0,0,1,0,0,0,3461
https://docs.google.com/presentation/d/e/2PACX-1vRpQpw5bgkctQp9SbmAtnV5m5IAtBh3DevPntpDyOCceHf244ik2LBLWRRLnxcWf2kAQHPwQT0j6Cqv/pub?start=false&loop=false&delayms=3000,1,phishtank,google.com,com,167,15,108,35,5.4828,2.9736,0,1,2,1,18,7,0.1078,0,1,0,0,0,10537
https://samsungenergydr.com/,0,tranco,samsungenergydr.com,com,28,19,1,0,4.0391,3.6163,0,0,1,0,0,1,0.0,0,1,0,0,0,3031
https://business2community.com/,0,tranco,business2community.com,com,31,22,1,0,3.9134,3.5726,0,0,1,0,1,1,0.0323,0,1,0,0,0,5671
https://sunbiz.org/,0,tranco,sunbiz.org,org,19,10,1,0,3.7871,3.3219,0,0,1,0,0,1,0.0,0,1,0,0,0,10205
https://seattle.gov/,0,tranco,seattle.gov,gov,20,11,1,0,3.4842,3.0958,0,0,1,0,0,1,0.0,0,1,0,0,0,9357
https://goo.su/wz4bs,1,openphish,goo.su,su,20,6,6,0,3.6464,2.2516,0,0,1,0,1,1,0.05,0,1,0,0,0,2594
https://tdnsdl1.cn/,0,tranco,tdnsdl1.cn,cn,19,10,1,0,3.4316,2.9219,0,0,1,0,1,1,0.0526,0,1,0,0,0,1681
https://bankmandiri.co.id/,0,tranco,bankmandiri.co.id,co.id,26,17,1,0,3.9501,3.3372,0,0,2,0,0,1,0.0,0,1,0,1,1,-1
https://worldpay.com/,0,tranco,worldpay.com,com,21,12,1,0,3.8802,3.4183,0,0,1,0,0,1,0.0,0,1,0,0,0,10623
https://atreuod.firebaseapp.com/,1,phishtank,firebaseapp.com,com,32,23,1,0,4.007,3.7623,0,1,2,0,0,1,0.0,0,1,0,0,0,5027
https://netempresa.novaagencia.digital/,1,phishtank,novaagencia.digital,digital,39,30,1,0,4.0066,3.7362,0,1,2,0,0,1,0.0,0,1,0,0,0,-1
https://qrco.de/bgZuaG,1,phishtank,qrco.de,de,22,7,7,0,4.1524,2.8074,0,0,1,0,0,1,0.0,0,1,0,0,0,-1
https://glovacko.ext5710441.pro/,1,phishtank,ext5710441.pro,pro,32,23,1,0,4.3042,4.056,0,1,2,0,7,1,0.2188,0,1,0,0,0,-1
https://lenreg.ru/,0,tranco,lenreg.ru,ru,18,9,1,0,3.5724,2.7255,0,0,1,0,0,1,0.0,0,1,0,0,0,8681
https://docs.google.com/presentation/d/e/2PACX-1vQoqp4sBg3geVBBvcdugjz55aElVP1o7YQFmR4D3M35Qg_ltaE0wqdph8R9A2YeEUnaoXzpU_PPZZUg/pub?start=false&loop=false&delayms=3000,1,phishtank,google.com,com,167,15,108,35,5.4411,2.9736,0,1,2,1,20,7,0.1198,0,1,0,0,0,10537
https://awsdns-21.co.uk/,0,tranco,awsdns-21.co.uk,co.uk,24,15,1,0,4.0221,3.6402,0,0,2,1,2,1,0.0833,0,1,0,0,0,5753
https://us18.campaign-archive.com/?u=f4d2bbc90d795b8a50883ef6f&id=d8210703d7,1,phishtank,campaign-archive.com,com,76,25,1,41,4.9454,4.0235,0,1,2,1,24,5,0.3158,0,1,0,0,0,7139
https://transcend.io/,0,tranco,transcend.io,io,21,12,1,0,3.749,3.4183,0,0,1,0,0,1,0.0,0,1,0,0,0,5055
https://exchanageapp121.wixsite.com/ffdgdfhhghehb,1,phishtank,wixsite.com,com,49,27,14,0,4.267,3.9582,0,1,2,0,3,1,0.0612,0,1,0,0,0,5187
http://allegrolokalnie.pl-ogloszenia-firmowe-id833083.click,1,phishtank,pl-ogloszenia-firmowe-id833083.click,click,59,52,0,0,4.4397,4.1786,0,1,2,3,6,1,0.1017,0,0,0,0,0,36
https://bkcdn.net/,0,tranco,bkcdn.net,net,18,9,1,0,3.5305,2.9477,0,0,1,0,0,1,0.0,0,1,0,0,0,100
https://tchibo.de/,0,tranco,tchibo.de,de,18,9,1,0,3.5305,3.1699,0,0,1,0,0,1,0.0,0,1,0,0,0,-1
https://0101.co.jp/,0,tranco,0101.co.jp,co.jp,19,10,1,0,3.4714,2.7219,0,0,2,0,4,1,0.2105,0,1,0,0,0,6809
https://fwcdn3.com/,0,tranco,fwcdn3.com,com,19,10,1,0,3.7871,3.1219,0,0,1,0,1,1,0.0526,0,1,0,0,0,1716
https://l.ead.me/bfauKi,1,phishtank,ead.me,me,23,8,7,0,3.969,2.5,0,1,2,0,0,1,0.0,0,1,0,0,0,3928
https://dnsv3.com/,0,tranco,dnsv3.com,com,18,9,1,0,3.6835,3.1699,0,0,1,0,1,1,0.0556,0,1,0,0,0,5752
https://convergencesacbesanconfricstatinalldomainlayout47f.weebly.com/,1,phishtank,weebly.com,com,70,61,1,0,4.3755,4.1617,0,1,2,0,2,1,0.0286,0,1,0,0,0,7420
https://bootstrapcdn.com/,0,tranco,bootstrapcdn.com,com,25,16,1,0,3.7035,3.4528,0,0,1,0,0,1,0.0,0,1,0,0,0,5170
https://lbghuif.firebaseapp.com/,1,phishtank,firebaseapp.com,com,32,23,1,0,4.1403,3.9149,0,1,2,0,0,1,0.0,0,1,0,0,0,5027
https://q-r.to/bfMJRS,1,phishtank,q-r.to,to,21,6,7,0,3.9395,2.585,0,0,1,1,0,1,0.0,0,1,0,0,0,5285
https://qrco.de/bfE0Pe,1,phishtank,qrco.de,de,22,7,7,0,4.0615,2.8074,0,0,1,0,1,1,0.0455,0,1,0,0,0,-1
https://docs.google.com/presentation/d/e/2PACX-1vTRGowkE6bv-zRJYiI-xGgaiM_tUUHXI9HT9rb4PZJbnY7l811soR7NL4tW5hCfPXoYMTdK4bgjYDX4/pub?start=false&amp;loop=false&amp;delayms=3000,1,phishtank,google.com,com,175,15,108,43,5.6372,2.9736,0,1,2,3,19,9,0.1086,0,1,0,0,0,10537
https://campsite.bio/prodigymail,1,phishtank,campsite.bio,bio,32,12,12,0,4.0542,3.4183,0,0,1,0,0,1,0.0,0,1,0,0,0,-1
https://ax4z.com/,0,tranco,ax4z.com,com,17,8,1,0,3.6901,3.0,0,0,1,0,1,1,0.0588,0,1,0,0,0,4912
http://lllld.ukit.me/,1,phishtank,ukit.me,me,21,13,1,0,3.4633,2.9312,0,1,2,0,0,1,0.0,0,0,0,0,0,3509
https://netzeromailsdfghj.weebly.com/,1,phishtank,weebly.com,com,37,28,1,0,4.4119,4.2359,0,1,2,0,0,1,0.0,0,1,0,0,0,7420
https://mediaplex.com/,0,tranco,mediaplex.com,com,22,13,1,0,3.8797,3.3927,0,0,1,0,0,1,0.0,0,1,0,0,0,10388
https://plex.tv/,0,tranco,plex.tv,tv,16,7,1,0,3.2806,2.8074,0,0,1,0,0,1,0.0,0,1,0,0,0,6445
https://eu.jotform.com/app/251822553260351,1,phishtank,jotform.com,com,42,14,20,0,4.2908,3.182,0,1,2,0,15,1,0.3571,0,1,0,0,0,7559
https://loginacnancymetzfridpprofileollcauthorizeexecutione2e4.weebly.com/,1,phishtank,weebly.com,com,74,65,1,0,4.4325,4.2511,0,1,2,0,2,1,0.027,0,1,0,2,1,7420
https://thinkific.com/,0,tranco,thinkific.com,com,22,13,1,0,3.6292,3.1808,0,0,1,0,0,1,0.0,0,1,0,0,0,5226
https://l.ead.me/bfL4R5,1,phishtank,ead.me,me,23,8,7,0,4.056,2.5,0,1,2,0,2,1,0.087,0,1,0,0,0,3928
https://surli.cc/vbkexu#redacted@abuse.ionos.com,1,phishtank,surli.cc,cc,48,8,7,0,4.3813,2.75,0,0,3,0,0,3,0.0,1,1,0,0,0,1829
https://blockchain.info/,0,tranco,blockchain.info,info,24,15,1,0,3.8868,3.3736,0,0,1,0,0,1,0.0,0,1,0,0,0,-1
https://forms.gle/UT7Bxa9GFQe2VpZG6,1,phishtank,forms.gle,gle,35,9,18,0,4.7077,3.1699,0,0,1,0,4,1,0.1143,0,1,0,0,0,-1
https://zt.ru/,0,tranco,zt.ru,ru,14,5,1,0,3.1281,2.3219,0,0,1,0,0,1,0.0,0,1,0,0,0,2455
https://sundaysky.com/,0,tranco,sundaysky.com,com,22,13,1,0,3.8454,3.3927,0,0,1,0,0,1,0.0,0,1,0,0,0,7373
https://flagcounter.com/,0,tranco,flagcounter.com,com,24,15,1,0,4.0221,3.6402,0,0,1,0,0,1,0.0,0,1,0,0,0,6769
https://www.bdll-273312.pro/,1,phishtank,bdll-273312.pro,pro,28,19,1,0,4.0391,3.5766,0,1,2,1,6,1,0.2143,0,1,0,0,0,-1
https://bafkreiawvmagzhqhvkjkimnrh5bo5lz7l6skljysemtbpmyxrzm6l7rhbi.ipfs.dweb.link/,1,phishtank,dweb.link,link,83,74,1,0,4.7251,4.6173,0,2,3,0,6,1,0.0723,0,1,0,0,0,3435
https://phpbb.com/,0,tranco,phpbb.com,com,18,9,1,0,3.3083,2.7255,0,0,1,0,0,1,0.0,0,1,0,0,0,9473
https://guardian.ng/,0,tranco,guardian.ng,ng,20,11,1,0,3.6842,2.914,0,0,1,0,0,1,0.0,0,1,0,0,0,4199
https://ipfs.best-practice.se/ipfs/bafybeidmnt5savzueeriznoifcppedx7gf7mobvbtv7mvtijirxwexah6i,1,phishtank,best-practice.se,se,94,21,65,0,4.5738,3.4633,0,1,2,1,5,1,0.0532,0,1,0,0,0,5884
https://rightmove.co.uk/,0,tranco,rightmove.co.uk,co.uk,24,15,1,0,3.9387,3.6402,0,0,2,0,0,1,0.0,0,1,0,0,0,9815
https://pub-575f6215c6bf4ec6853c2819fc650e98.r2.dev/hh.html,1,phishtank,r2.dev,dev,59,43,8,0,4.5794,4.1558,0,1,3,1,23,1,0.3898,0,1,0,0,0,-1
https://imssms.org/,0,tranco,imssms.org,org,19,10,1,0,3.3661,2.6464,0,0,1,0,0,1,0.0,0,1,0,0,0,875
https://spglobal.com/,0,tranco,spglobal.com,com,21,12,1,0,3.6897,3.2516,0,0,1,0,0,1,0.0,0,1,0,0,0,10134
https://ccc.eu/,0,tranco,ccc.eu,eu,15,6,1,0,3.1396,1.7925,0,0,1,0,0,1,0.0,0,1,0,0,0,-1
https://missav.live/,0,tranco,missav.live,live,20,11,1,0,3.5464,2.914,0,0,1,0,0,1,0.0,0,1,0,0,0,-1
https://intercars.eu/,0,tranco,intercars.eu,eu,21,12,1,0,3.6538,3.2516,0,0,1,0,0,1,0.0,0,1,0,0,0,-1
https://l.ead.me/bfJXla,1,phishtank,ead.me,me,23,8,7,0,3.882,2.5,0,1,2,0,0,1,0.0,0,1,0,0,0,3928
https://ntnu.no/,0,tranco,ntnu.no,no,16,7,1,0,3.1085,2.1281,0,0,1,0,0,1,0.0,0,1,0,0,0,9746
https://ravelry.com/,0,tranco,ravelry.com,com,20,11,1,0,3.8842,3.2776,0,0,1,0,0,1,0.0,0,1,0,0,0,7212
https://ctr45-mttbb66.firebaseapp.com/,1,phishtank,firebaseapp.com,com,38,29,1,0,4.146,3.9783,0,1,2,1,4,1,0.1053,0,1,0,0,0,5027
https://fabulous.com/,0,tranco,fabulous.com,com,21,12,1,0,3.7849,3.2516,0,0,1,0,0,1,0.0,0,1,0,0,0,10720
https://dgpugzqswtczge.firebaseapp.com/,1,phishtank,firebaseapp.com,com,39,30,1,0,4.2655,4.0981,0,1,2,0,0,1,0.0,0,1,0,0,0,5027
https://share-eu1.hsforms.com/10yYK8LznQY-_FexKBJPPLg2fjwxt,1,phishtank,hsforms.com,com,59,21,30,0,5.0179,3.5945,0,1,2,2,5,1,0.0847,0,1,0,0,0,4690
https://vietnamnet.vn/,0,tranco,vietnamnet.vn,vn,22,13,1,0,3.4817,2.8731,0,0,1,0,0,1,0.0,0,1,0,0,0,-1
https://bluestacks.com/,0,tranco,bluestacks.com,com,23,14,1,0,3.8164,3.5216,0,0,1,0,0,1,0.0,0,1,0,0,0,5746
https://bradesco.netempresasac.info/,1,phishtank,netempresasac.info,info,36,27,1,0,3.9959,3.736,0,1,2,0,0,1,0.0,0,1,0,0,0,-1
https://ow.ly/UogH50T3w6z,1,phishtank,ow.ly,ly,25,5,12,0,4.2137,2.3219,0,0,1,0,4,1,0.16,0,1,1,0,0,6452
https://agh.edu.pl/,0,tranco,agh.edu.pl,edu.pl,19,10,1,0,3.5766,3.1219,0,0,2,0,0,1,0.0,0,1,0,0,0,11525
https://sk-slovensko.firebaseapp.com/,1,phishtank,firebaseapp.com,com,37,28,1,0,4.1654,3.8963,0,1,2,1,0,1,0.0,0,1,0,0,0,5027
https://qobuz.com/,0,tranco,qobuz.com,com,18,9,1,0,3.6835,2.9477,0,0,1,0,0,1,0.0,0,1,0,0,0,6952
https://onlinepbx.ru/,0,tranco,onlinepbx.ru,ru,21,12,1,0,3.8802,3.4183,0,0,1,0,0,1,0.0,0,1,0,0,0,6145
https://garena.com/,0,tranco,garena.com,com,19,10,1,0,3.7871,3.1219,0,0,1,0,0,1,0.0,0,1,0,0,0,9515
https://qrco.de/bfImeH,1,phishtank,qrco.de,de,22,7,7,0,4.0615,2.8074,0,0,1,0,0,1,0.0,0,1,0,0,0,-1
https://nsone.net/,0,tranco,nsone.net,net,18,9,1,0,3.1552,2.4194,0,0,1,0,0,1,0.0,0,1,0,0,0,5230
https://awsdns-47.co.uk/,0,tranco,awsdns-47.co.uk,co.uk,24,15,1,0,4.0221,3.6402,0,0,2,1,2,1,0.0833,0,1,0,0,0,5753
https://nearlyfreespeech.net/,0,tranco,nearlyfreespeech.net,net,29,20,1,0,3.6504,3.3464,0,0,1,0,0,1,0.0,0,1,0,1,1,8951
https://enuygun.com/,0,tranco,enuygun.com,com,20,11,1,0,3.7842,3.0958,0,0,1,0,0,1,0.0,0,1,0,0,0,8082
https://inss.gov.br/,0,tranco,inss.gov.br,gov.br,20,11,1,0,3.6464,3.0958,0,0,2,0,0,1,0.0,0,1,0,0,0,10222
https://q-r.to/bfOaZm,1,phishtank,q-r.to,to,21,6,7,0,3.9395,2.585,0,0,1,1,0,1,0.0,0,1,0,0,0,5285
https://app.jotform.com/251946155743564,1,phishtank,jotform.com,com,39,15,16,0,4.2655,3.1899,0,1,2,0,15,1,0.3846,0,1,0,0,0,7559
https://q4inc.com/,0,tranco,q4inc.com,com,18,9,1,0,3.6835,2.9477,0,0,1,0,1,1,0.0556,0,1,0,0,0,7442
https://qrco.de/bgbX9L,1,phishtank,qrco.de,de,22,7,7,0,4.0615,2.8074,0,0,1,0,1,1,0.0455,0,1,0,0,0,-1
https://review-case-093728.web.app/,1,phishtank,web.app,app,35,26,1,0,4.2861,4.0081,0,1,2,2,6,1,0.1714,0,1,0,0,0,-1
https://nefisyemektarifleri.com/,0,tranco,nefisyemektarifleri.com,com,32,23,1,0,4.0542,3.7081,0,0,1,0,0,1,0.0,0,1,0,0,0,6913
https://hu.net/,0,tranco,hu.net,net,15,6,1,0,3.1396,2.585,0,0,1,0,0,1,0.0,0,1,0,0,0,-1
https://dzen.ru/,0,tranco,dzen.ru,ru,16,7,1,0,3.5778,2.8074,0,0,1,0,0,1,0.0,0,1,0,0,0,9100
https://clevertap-prod.com/,0,tranco,clevertap-prod.com,com,27,18,1,0,3.9303,3.6144,0,0,1,1,0,1,0.0,0,1,0,0,0,1855
https://apollonweb.webflow.io/,1,phishtank,webflow.io,io,30,21,1,0,3.8314,3.2728,0,1,2,0,0,1,0.0,0,1,0,0,0,4823
https://hazlmazkiaml.blogspot.com/,1,phishtank,blogspot.com,com,34,25,1,0,3.9542,3.7231,0,1,2,0,0,1,0.0,0,1,0,0,0,9486
https://www.flowcode.com/page/trinsbt,1,phishtank,flowcode.com,com,37,16,13,0,4.162,2.9528,0,1,2,0,0,1,0.0,0,1,0,0,0,5879
https://aksikwi.blogspot.com/,1,phishtank,blogspot.com,com,29,20,1,0,3.9263,3.6842,0,1,2,0,0,1,0.0,0,1,0,0,0,9486
https://registerhere8.my-squaad.click/?utm_source=threads&amp;utm_medium=social&amp;utm_content=link_in_bio,1,phishtank,my-squaad.click,click,107,29,1,68,4.5913,4.0733,0,1,2,1,1,9,0.0093,0,1,0,0,0,49
https://l.ead.me/bgf31W,1,phishtank,ead.me,me,23,8,7,0,4.056,2.5,0,1,2,0,2,1,0.087,0,1,0,0,0,3928
https://abola.pt/,0,tranco,abola.pt,pt,17,8,1,0,3.2928,2.75,0,0,1,0,0,1,0.0,0,1,0,0,0,10270
https://allegrolokalnie.lokalna-83891.sbs/oferta/Kukirin-G2-Max-Niedu%C5%BCy-Przebieg/992789431?fbclid=IwY2xjawTFziJleHRuA2FlbQIxMQBzcnRjBmFwcF9pZAwzNTA2ODU1MzE3MjgAAR7u3f706yBAxOqiBrStuK0N1WH6zY-2yScUutAYRFvUgVWWblQize_Vt0JMxQ_aem_lRzgF9iyjDu68zeucqwXUQ,1,phishtank,lokalna-83891.sbs,sbs,254,33,54,158,5.8254,3.8243,0,1,2,6,35,5,0.1378,0,1,0,0,0,8
https://allegro.12939h74.xyz/,1,phishtank,12939h74.xyz,xyz,29,20,1,0,4.3492,4.0219,0,1,2,0,7,1,0.2414,0,1,0,0,0,25
https://pscrb.fm/,0,tranco,pscrb.fm,fm,17,8,1,0,3.4548,3.0,0,0,1,0,0,1,0.0,0,1,0,0,0,1372
https://levi.in/,0,tranco,levi.in,in,16,7,1,0,3.4528,2.5216,0,0,1,0,0,1,0.0,0,1,0,0,0,7826
https://server-desktopapp.wixstudio.com/desktop,1,phishtank,wixstudio.com,com,47,31,8,0,4.1006,4.0181,0,1,2,1,0,1,0.0,0,1,0,0,0,-1
https://zpr.io/jrjGwS5kTjfj,1,phishtank,zpr.io,io,27,6,13,0,4.0603,2.585,0,0,1,0,1,1,0.037,0,1,0,0,0,5000
https://docs.google.com/forms/d/e/1FAIpQLSePs88hx1SwJO7bfVjNAzZsl6TrnzpuEYwdywbEWEc0mdH8eQ/viewform?usp=send_form,1,phishtank,google.com,com,113,15,76,13,5.3162,2.9736,0,1,2,0,8,3,0.0708,0,1,0,0,0,10537
https://qrco.de/bgbWG9,1,phishtank,qrco.de,de,22,7,7,0,4.0615,2.8074,0,0,1,0,1,1,0.0455,0,1,0,0,0,-1
https://qrco.de/bfVSKC,1,phishtank,qrco.de,de,22,7,7,0,4.1524,2.8074,0,0,1,0,0,1,0.0,0,1,0,0,0,-1
https://kuiniuca.com/,0,tranco,kuiniuca.com,com,21,12,1,0,3.7849,3.085,0,0,1,0,0,1,0.0,0,1,0,0,0,1829
https://n1info.rs/,0,tranco,n1info.rs,rs,18,9,1,0,3.5724,2.9477,0,0,1,0,1,1,0.0556,0,1,0,0,0,4352
https://l.ead.me/bfKoMV,1,phishtank,ead.me,me,23,8,7,0,4.056,2.5,0,1,2,0,0,1,0.0,0,1,0,0,0,3928
https://l.ead.me/bgaKKW,1,phishtank,ead.me,me,23,8,7,0,3.882,2.5,0,1,2,0,0,1,0.0,0,1,0,0,0,3928
https://qrco.de/bff6Ed,1,phishtank,qrco.de,de,22,7,7,0,3.9706,2.8074,0,0,1,0,1,1,0.0455,0,1,0,0,0,-1
https://qrco.de/bfKIol,1,phishtank,qrco.de,de,22,7,7,0,4.0615,2.8074,0,0,1,0,0,1,0.0,0,1,0,0,0,-1
https://qrco.de/bfJZ11,1,phishtank,qrco.de,de,22,7,7,0,4.0615,2.8074,0,0,1,0,2,1,0.0909,0,1,0,0,0,-1
https://clixsight.com/,0,tranco,clixsight.com,com,22,13,1,0,3.6635,3.3927,0,0,1,0,0,1,0.0,0,1,0,0,0,3046
http://allegrolokalnie.smar9438-65j.cfd,1,phishtank,smar9438-65j.cfd,cfd,39,32,0,0,4.6507,4.3514,0,1,2,1,6,1,0.1538,0,0,0,0,0,64
https://credi-emprende-pc.zya.me/?i=1,1,phishtank,zya.me,me,37,24,1,3,4.2062,3.5179,0,1,2,2,1,3,0.027,0,1,0,0,0,1784
https://usadbapirosmani.ru/bitrix/admin/pdf/adobe-D14-3btn/index.html,1,phishtank,usadbapirosmani.ru,ru,69,18,43,0,4.3837,3.4613,0,0,2,2,3,1,0.0435,0,1,0,0,0,2535
https://astrumnival.com/,0,tranco,astrumnival.com,com,24,15,1,0,3.9387,3.6402,0,0,1,0,0,1,0.0,0,1,0,0,0,6350
https://splice.com/,0,tranco,splice.com,com,19,10,1,0,3.5766,3.1219,0,0,1,0,0,1,0.0,0,1,0,0,0,8989
https://q-r.to/bgbfah,1,phishtank,q-r.to,to,21,6,7,0,3.749,2.585,0,0,1,1,0,1,0.0,0,1,0,0,0,5285
https://mex.com/,0,tranco,mex.com,com,16,7,1,0,3.4528,2.5216,0,0,1,0,0,1,0.0,0,1,0,0,0,11401
https://www.gov-parkingqo.cyou/com,1,phishtank,gov-parkingqo.cyou,cyou,34,22,4,0,4.2784,3.8454,0,1,2,1,0,1,0.0,0,1,0,0,0,55
https://cloudflarecp.com/,0,tranco,cloudflarecp.com,com,25,16,1,0,3.9435,3.4528,0,0,1,0,0,1,0.0,0,1,0,0,0,2582
https://dokommo.jeffcarey.shop/index/jp/,1,phishtank,jeffcarey.shop,shop,40,22,10,0,4.1939,3.7322,0,1,2,0,0,1,0.0,0,1,0,0,0,-1
https://ca.dmvuver.sbs/dmv,1,phishtank,dmvuver.sbs,sbs,26,14,4,0,3.8441,3.3788,0,1,2,0,0,1,0.0,0,1,0,0,0,38
https://us4.campaign-archive.com/?u=44aea009071cd003950b6b2b2&id=86d226fa51,1,phishtank,campaign-archive.com,com,75,24,1,41,4.9015,3.9387,0,1,2,1,25,5,0.3333,0,1,0,0,0,7139
https://pub-9b0a4db05d124a11ab326568e8b8a515.r2.dev/index.html,1,phishtank,r2.dev,dev,62,43,11,0,4.6294,4.0338,0,1,3,1,22,1,0.3548,0,1,0,0,0,-1
https://q-r.to/bgboDj,1,phishtank,q-r.to,to,21,6,7,0,3.749,2.585,0,0,1,1,0,1,0.0,0,1,0,0,0,5285
https://financialpost.com/,0,tranco,financialpost.com,com,26,17,1,0,3.7962,3.4992,0,0,1,0,0,1,0.0,0,1,0,0,0,10892
https://fairyanime.net/,0,tranco,fairyanime.net,net,23,14,1,0,3.7623,3.2359,0,0,1,0,0,1,0.0,0,1,0,0,0,1726
https://usdoj.gov/,0,tranco,usdoj.gov,gov,18,9,1,0,3.5724,2.9477,0,0,1,0,0,1,0.0,0,1,0,0,0,9512
https://registry.in/,0,tranco,registry.in,in,20,11,1,0,3.5464,3.0958,0,0,1,0,0,1,0.0,0,1,0,0,0,420
https://beryundesleile.firebaseapp.com/,1,phishtank,firebaseapp.com,com,39,30,1,0,4.163,3.8566,0,1,2,0,0,1,0.0,0,1,0,0,0,5027
https://n0v3dadesp1chin.webcindario.com/,1,phishtank,webcindario.com,com,40,31,1,0,4.3276,4.0826,0,1,2,0,3,1,0.075,0,1,0,0,0,9275
https://evo-games.com/,0,tranco,evo-games.com,com,22,13,1,0,3.7888,3.2389,0,0,1,1,0,1,0.0,0,1,0,0,0,3246
https://helpguide.org/,0,tranco,helpguide.org,org,22,13,1,0,3.7888,3.3927,0,0,1,0,0,1,0.0,0,1,0,0,0,9842
https://gwars.io/,0,tranco,gwars.io,io,17,8,1,0,3.5725,3.0,0,0,1,0,0,1,0.0,0,1,0,0,0,1564
https://qrco.de/bffkin,1,phishtank,qrco.de,de,22,7,7,0,4.0615,2.8074,0,0,1,0,0,1,0.0,0,1,0,0,0,-1
https://npo.nl/,0,tranco,npo.nl,nl,15,6,1,0,3.1899,2.2516,0,0,1,0,0,1,0.0,0,1,0,0,0,10291
https://pub-c94367e5baa843f888a12edd2f16527d.r2.dev/index.html,1,phishtank,r2.dev,dev,62,43,11,0,4.7505,4.2284,0,1,3,1,21,1,0.3387,0,1,0,0,0,-1
https://paypay-card.ftkdlnp.cn/fingerprint.php/,1,phishtank,ftkdlnp.cn,cn,47,22,17,0,4.067,3.5726,0,1,3,1,0,1,0.0,0,1,0,0,0,355
https://www.gob.pe/,0,tranco,www.gob.pe,gob.pe,19,10,1,0,3.4316,2.6464,0,0,2,0,0,1,0.0,0,1,0,0,0,-1
https://1capp.com/,0,tranco,1capp.com,com,18,9,1,0,3.4194,2.7255,0,0,1,0,1,1,0.0556,0,1,0,0,0,5718
https://rutube.ru/,0,tranco,rutube.ru,ru,18,9,1,0,3.2663,2.4194,0,0,1,0,0,1,0.0,0,1,0,0,0,7224
https://infoworld.com/,0,tranco,infoworld.com,com,22,13,1,0,3.9363,3.3347,0,0,1,0,0,1,0.0,0,1,0,0,0,12670
https://starott.com/,0,tranco,starott.com,com,20,11,1,0,3.3037,2.8454,0,0,1,0,0,1,0.0,0,1,0,0,0,1961
https://baitoru.com/,0,tranco,baitoru.com,com,20,11,1,0,3.7464,3.2776,0,0,1,0,0,1,0.0,0,1,0,0,0,8748
https://schneier.com/,0,tranco,schneier.com,com,21,12,1,0,3.6897,3.2516,0,0,1,0,0,1,0.0,0,1,0,0,0,9923
https://digitalskillshouse.github.io/hsbc/,1,phishtank,github.io,io,42,28,6,0,3.9167,3.6245,0,1,2,0,0,1,0.0,0,1,0,0,0,4883
https://ntv.ru/,0,tranco,ntv.ru,ru,15,6,1,0,3.2729,2.585,0,0,1,0,0,1,0.0,0,1,0,0,0,10788
https://yallakora.com/,0,tranco,yallakora.com,com,22,13,1,0,3.7544,3.027,0,0,1,0,0,1,0.0,0,1,0,0,0,8743
https://seetong.com/,0,tranco,seetong.com,com,20,11,1,0,3.5464,3.0958,0,0,1,0,0,1,0.0,0,1,0,0,0,6278
https://next.co.uk/,0,tranco,next.co.uk,co.uk,19,10,1,0,3.6421,3.1219,0,0,2,0,0,1,0.0,0,1,0,0,0,10947
https://steamcontent.com/,0,tranco,steamcontent.com,com,25,16,1,0,3.5093,3.0778,0,0,1,0,0,1,0.0,0,1,0,0,0,3882
https://espaces-prime-resilliations.com/,1,phishtank,espaces-prime-resilliations.com,com,40,31,1,0,3.9251,3.6639,0,0,1,2,0,1,0.0,0,1,0,0,0,106
https://urssaf.fr/,0,tranco,urssaf.fr,fr,18,9,1,0,3.3083,2.5033,0,0,1,0,0,1,0.0,0,1,0,0,0,11164
https://aclu.org/,0,tranco,aclu.org,org,17,8,1,0,3.6901,3.0,0,0,1,0,0,1,0.0,0,1,0,0,0,12805
https://nottingham.ac.uk/,0,tranco,nottingham.ac.uk,ac.uk,25,16,1,0,3.8137,3.5,0,0,2,0,0,1,0.0,0,1,0,0,0,10947
https://pub-d2a6f607cafa49229bb9c3b680ad79d0.r2.dev/tist.html,1,phishtank,r2.dev,dev,61,43,10,0,4.5762,4.0888,0,1,3,1,19,1,0.3115,0,1,0,0,0,-1
https://q-r.to/bfIE5v,1,phishtank,q-r.to,to,21,6,7,0,3.9395,2.585,0,0,1,1,1,1,0.0476,0,1,0,0,0,5285
https://appstarted-trzo.framer.media/io-start,1,phishtank,framer.media,media,45,28,9,0,3.8498,3.6106,0,1,2,2,0,1,0.0,0,1,0,0,0,-1
https://surl.li/nkayto,1,phishtank,surl.li,li,22,7,7,0,3.8454,2.5216,0,0,1,0,0,1,0.0,0,1,0,0,0,-1
https://seeweb.it/,0,tranco,seeweb.it,it,18,9,1,0,3.2663,2.6416,0,0,1,0,0,1,0.0,0,1,0,0,0,9681
https://crushon.ai/,0,tranco,crushon.ai,ai,19,10,1,0,3.6819,3.3219,0,0,1,0,0,1,0.0,0,1,0,0,0,1153
https://nicematin.com/,0,tranco,nicematin.com,com,22,13,1,0,3.6635,3.0851,0,0,1,0,0,1,0.0,0,1,0,0,0,9456
https://qrco.de/bfU8a8,1,phishtank,qrco.de,de,22,7,7,0,4.0615,2.8074,0,0,1,0,2,1,0.0909,0,1,0,0,0,-1
http://nav-cryptuscom-apps.wixstudio.com/login-us,1,phishtank,wixstudio.com,com,49,33,9,0,4.3132,4.0438,0,1,2,3,0,1,0.0,0,0,0,1,1,-1
https://qh-cdn.com/,0,tranco,qh-cdn.com,com,19,10,1,0,3.6819,3.1219,0,0,1,1,0,1,0.0,0,1,0,0,0,2883
https://ipfs.io/ipfs/bafkreiggz7nfmviw5oqml27b2r2qpmu5oyfglwf37vdztlixx4ualonluu,1,phishtank,ipfs.io,io,80,7,65,0,4.7824,2.5216,0,0,1,0,10,1,0.125,0,1,0,0,0,4449
https://qr-codes.io/01V5Ox,1,phishtank,qr-codes.io,io,26,11,7,0,4.2868,3.2776,0,0,1,1,3,1,0.1154,0,1,0,0,0,2115
https://share-eu1.hsforms.com/24Lqj87deTTeCUCp5OVFc6g2ez6ep,1,phishtank,hsforms.com,com,59,21,30,0,4.9034,3.5945,0,1,2,1,9,1,0.1525,0,1,0,0,0,4690
https://bidr.io/,0,tranco,bidr.io,io,16,7,1,0,3.4528,2.5216,0,0,1,0,0,1,0.0,0,1,0,0,0,4344
https://feishewang.cn/,0,tranco,feishewang.cn,cn,22,13,1,0,3.7888,3.3927,0,0,1,0,0,1,0.0,0,1,0,0,0,1609
https://men.gov.ma/,0,tranco,men.gov.ma,gov.ma,19,10,1,0,3.6819,2.9219,0,0,2,0,0,1,0.0,0,1,0,0,0,6404
https://b86-telegram.com.cn/,1,phishtank,b86-telegram.com.cn,com.cn,28,19,1,0,4.182,3.8269,0,0,2,1,2,1,0.0714,0,1,0,0,0,174
https://cita-digital-apklm-2026.cr-web.workers.dev/servicios,1,phishtank,workers.dev,dev,60,42,10,0,4.4631,4.3024,0,2,3,4,4,1,0.0667,0,1,0,0,0,-1
https://pdffiller.com/,0,tranco,pdffiller.com,com,22,13,1,0,3.8797,3.3927,0,0,1,0,0,1,0.0,0,1,0,0,0,7109
https://ria.com/,0,tranco,ria.com,com,16,7,1,0,3.5778,2.8074,0,0,1,0,0,1,0.0,0,1,0,0,0,10617
https://outdooractive.com/,0,tranco,outdooractive.com,com,26,17,1,0,3.8253,3.3816,0,0,1,0,0,1,0.0,0,1,0,0,0,8270
https://flashscore.pe/,0,tranco,flashscore.pe,pe,22,13,1,0,3.6635,3.3927,0,0,1,0,0,1,0.0,0,1,0,0,0,-1
https://pubg.com/,0,tranco,pubg.com,com,17,8,1,0,3.5725,3.0,0,0,1,0,0,1,0.0,0,1,0,0,0,9586
https://l.ead.me/bgd3AY,1,phishtank,ead.me,me,23,8,7,0,3.969,2.5,0,1,2,0,1,1,0.0435,0,1,0,0,0,3928
https://q-r.to/bfJnHU,1,phishtank,q-r.to,to,21,6,7,0,3.9395,2.585,0,0,1,1,0,1,0.0,0,1,0,0,0,5285
https://yandex.com.tr/,0,tranco,yandex.com.tr,com.tr,22,13,1,0,3.9363,3.5466,0,0,2,0,0,1,0.0,0,1,0,0,0,5973
https://prezo.ai/public/new-prezo--cc2899d5-e04c-4910-a27a-6fcaecdb62c1,1,phishtank,prezo.ai,ai,71,8,55,0,4.6508,3.0,0,0,1,7,17,1,0.2394,0,1,0,0,0,1333
https://l.ead.me/bgcQ2m,1,phishtank,ead.me,me,23,8,7,0,3.969,2.5,0,1,2,0,1,1,0.0435,0,1,0,0,0,3928
https://inps.it/,0,tranco,inps.it,it,16,7,1,0,3.0306,2.5216,0,0,1,0,0,1,0.0,0,1,0,0,0,10753
https://docs.google.com/presentation/d/e/2PACX-1vRdsd9ymu20eLRQ63jmPFu-foYM19yo5rUVtKX_ncNC_G7dSUo2DNPU6JRuiTCOeuoRiZJhNsBnLqOQ/pub?start=false&amp;loop=false&amp;delayms=3000,1,phishtank,google.com,com,175,15,108,43,5.5534,2.9736,0,1,2,2,17,9,0.0971,0,1,0,0,0,10537
https://ard.de/,0,tranco,ard.de,de,15,6,1,0,3.3232,2.2516,0,0,1,0,0,1,0.0,0,1,0,0,0,-1
http://www.m20v.top/,1,openphish,m20v.top,top,20,12,1,0,3.4087,3.0221,0,1,2,0,2,1,0.1,0,0,0,0,0,57
https://ipfs.io/ipfs/QmbaEgC9pmvvxmXmi6qd1bTQ5E3bU9qhp5FauPprVphuHs,1,phishtank,ipfs.io,io,67,7,52,0,4.8547,2.5216,0,0,1,0,7,1,0.1045,0,1,0,0,0,4449
https://mercdn.net/,0,tranco,mercdn.net,net,19,10,1,0,3.5369,2.9219,0,0,1,0,0,1,0.0,0,1,0,0,0,2770
https://l.wl.co/l?u=https://unesa.me/nigerngioermgerigmv,1,phishtank,wl.co,co,56,7,2,38,4.2644,2.2359,0,1,3,0,0,4,0.0,0,1,0,0,0,5931
https://spectrum.net/,0,tranco,spectrum.net,net,21,12,1,0,3.4992,3.2516,0,0,1,0,0,1,0.0,0,1,0,0,0,11312
https://analog.com/,0,tranco,analog.com,com,19,10,1,0,3.6819,2.9219,0,0,1,0,0,1,0.0,0,1,0,0,0,13004
https://talabat.com/,0,tranco,talabat.com,com,20,11,1,0,3.4464,2.8454,0,0,1,0,0,1,0.0,0,1,0,0,0,9958
https://tildacdn.com/,0,tranco,tildacdn.com,com,21,12,1,0,3.749,3.2516,0,0,1,0,0,1,0.0,0,1,0,0,0,4012
https://emxdgt.com/,0,tranco,emxdgt.com,com,19,10,1,0,3.6421,3.1219,0,0,1,0,0,1,0.0,0,1,0,0,0,3345
https://bit.ly/47dIm36,1,phishtank,bit.ly,ly,22,6,8,0,4.0272,2.585,0,0,1,0,4,1,0.1818,0,1,1,0,0,6639
https://l.ead.me/bfEVYz,1,phishtank,ead.me,me,23,8,7,0,4.056,2.5,0,1,2,0,0,1,0.0,0,1,0,0,0,3928
https://newuphooldcdn.wixstudio.com/en-us,1,phishtank,wixstudio.com,com,41,27,6,0,4.1251,3.838,0,1,2,1,0,1,0.0,0,1,0,0,0,-1
https://bookmyname.com/,0,tranco,bookmyname.com,com,23,14,1,0,3.8164,3.1281,0,0,1,0,0,1,0.0,0,1,0,0,0,9675
https://oneme.ru/,0,tranco,oneme.ru,ru,17,8,1,0,3.5725,2.75,0,0,1,0,0,1,0.0,0,1,0,0,0,997
https://esnetdeskfreenetserverservicesdkx.weebly.com/,1,phishtank,weebly.com,com,53,44,1,0,4.0056,3.7179,0,1,2,0,0,1,0.0,0,1,0,2,1,7420
https://l.ead.me/bgbUxU,1,phishtank,ead.me,me,23,8,7,0,3.882,2.5,0,1,2,0,0,1,0.0,0,1,0,0,0,3928
https://mappsupldcdn.wixstudio.com/en-us,1,phishtank,wixstudio.com,com,40,26,6,0,4.1464,3.7962,0,1,2,1,0,1,0.0,0,1,0,0,0,-1
https://brt.cvdwwl.cc/track-it,1,phishtank,cvdwwl.cc,cc,30,13,9,0,3.8947,3.027,0,1,2,1,0,1,0.0,0,1,0,0,0,55
https://nyt.net/,0,tranco,nyt.net,net,16,7,1,0,3.0778,2.2359,0,0,1,0,0,1,0.0,0,1,0,0,0,10841
https://haijav.com/,0,tranco,haijav.com,com,19,10,1,0,3.6819,3.1219,0,0,1,0,0,1,0.0,0,1,0,0,0,327
https://sprzedajemy.pl/,0,tranco,sprzedajemy.pl,pl,23,14,1,0,3.8492,3.5216,0,0,1,0,0,1,0.0,0,1,0,0,0,7026
https://q-r.to/bfe3Bx,1,phishtank,q-r.to,to,21,6,7,0,3.9395,2.585,0,0,1,1,1,1,0.0476,0,1,0,0,0,5285
https://caseid100589734589347589435.firebaseapp.com/,1,phishtank,firebaseapp.com,com,52,43,1,0,4.4929,4.2512,0,1,2,0,21,1,0.4038,0,1,0,0,0,5027
https://live760-gw-cu-pro432.firebaseapp.com/,1,phishtank,firebaseapp.com,com,45,36,1,0,4.6415,4.4404,0,1,2,3,6,1,0.1333,0,1,0,0,0,5027
https://newswire.ca/,0,tranco,newswire.ca,ca,20,11,1,0,3.6842,3.0958,0,0,1,0,0,1,0.0,0,1,0,0,0,9428
https://allegrolokalnie.p293oferta384xb89.click/oferta/DJI-Mini-4-Pro-Fly-More-Combo?id=6l1w3w2p7L4N5J2o8G6o3q9E2Z6J1D6Y,1,phishtank,p293oferta384xb89.click,click,120,39,37,35,5.282,4.2117,0,1,2,6,25,3,0.2083,0,1,0,0,0,11
https://track-mondpack.com/,1,phishtank,track-mondpack.com,com,27,18,1,0,3.8562,3.4613,0,0,1,1,0,1,0.0,0,1,0,0,0,32
https://qrco.de/bgaL9g,1,phishtank,qrco.de,de,22,7,7,0,4.0615,2.8074,0,0,1,0,1,1,0.0455,0,1,0,0,0,-1
https://app.ramp.com/actions/apply/gAAAAABnygJukm55BwWlfCTEONlt0xKXN6t8UfPwSPnCVKadSBZ9UBe-BnFp58Fu3N31hPe_pAGPi6uatY4AVC_KNNNh-Cy1OFn-bZo1d8nLug07O3CIhbE5hR1veETRSCKE7q-ZwfdZ,1,phishtank,ramp.com,com,175,12,155,0,5.6649,2.6887,0,1,2,4,22,1,0.1257,0,1,0,0,0,11818
https://impregto.com/wp-content/languages/plugins/n1.00.html,1,phishtank,impregto.com,com,60,12,40,0,4.2542,3.2516,0,0,3,1,3,1,0.05,0,1,0,0,0,2928
https://vid30s.com/,0,tranco,vid30s.com,com,19,10,1,0,3.7871,3.3219,0,0,1,0,2,1,0.1053,0,1,0,0,0,53
http://htps-www-roblox.co/users/1789978322/profile,1,openphish,htps-www-roblox.co,co,50,18,25,0,4.4562,3.5305,0,0,1,2,10,1,0.2,0,0,0,0,0,67
https://l.ead.me/bfJQTe,1,phishtank,ead.me,me,23,8,7,0,3.9362,2.5,0,1,2,0,0,1,0.0,0,1,0,0,0,3928
https://ole.com.ar/,0,tranco,ole.com.ar,com.ar,19,10,1,0,3.6819,2.9219,0,0,2,0,0,1,0.0,0,1,0,0,0,4717
https://bt-109509.square.site/,1,phishtank,square.site,site,30,21,1,0,4.0566,3.8209,0,1,2,1,6,1,0.2,0,1,0,0,0,2724
https://mtu.ru/,0,tranco,mtu.ru,ru,15,6,1,0,3.1396,2.2516,0,0,1,0,0,1,0.0,0,1,0,0,0,10589
https://tournamentsoftware.com/,0,tranco,tournamentsoftware.com,com,31,22,1,0,3.8858,3.5726,0,0,1,0,0,1,0.0,0,1,0,0,0,-1
https://docs.google.com/presentation/d/e/2PACX-1vSh_2noXXxcBZ1f7F0AeDY2c71oh74rHwq4fH_UR5jojxtxIEzaspwjUfHCvzke5mMgrN_IhjJjtrEb/pub?start=false&loop=false&delayms=3000,1,phishtank,google.com,com,167,15,108,35,5.5273,2.9736,0,1,2,1,18,7,0.1078,0,1,0,0,0,10537
https://docs.google.com/presentation/d/e/2PACX-1vQ7WwQlyISGtTlAAFfSAu_niCxDfGZs7uT2LCN_QCdYtQ-exbv7KD4WfYKUUohlMiNGU3VJAPxi6Jfb/pub?start=false&amp;loop=false&amp;delayms=3000,1,phishtank,google.com,com,175,15,108,43,5.5728,2.9736,0,1,2,2,13,9,0.0743,0,1,0,0,0,10537
https://docs.google.com/presentation/d/e/2PACX-1vRfFjC2eLEneSsI8eioEN1kb_jLSyYe4hz4_ukixJZYjXGCJTcDfjLHwe7Ygxvfbuz-WPRoIWkohpu8/pub?start=false&amp;loop=false&amp;delayms=3000,1,phishtank,google.com,com,175,15,108,43,5.5784,2.9736,0,1,2,2,13,9,0.0743,0,1,0,0,0,10537
https://tpgi.com.au/,0,tranco,tpgi.com.au,com.au,20,11,1,0,3.6464,3.2776,0,0,2,0,0,1,0.0,0,1,0,0,0,-1
https://qrco.de/bgao3Z,1,phishtank,qrco.de,de,22,7,7,0,4.0615,2.8074,0,0,1,0,1,1,0.0455,0,1,0,0,0,-1
https://118924kraken.com/,1,phishtank,118924kraken.com,com,25,16,1,0,4.2137,3.75,0,0,1,0,6,1,0.24,0,1,0,0,0,38
https://chatbot.page/MGY-Bx,1,phishtank,chatbot.page,page,27,12,7,0,4.0603,3.2516,0,0,1,1,0,1,0.0,0,1,0,0,0,-1
https://d1-eta.vercel.app/,1,phishtank,vercel.app,app,26,17,1,0,3.8151,3.4548,0,1,2,1,1,1,0.0385,0,1,0,0,0,-1
https://z-library.sk/,0,tranco,z-library.sk,sk,21,12,1,0,3.8802,3.4183,0,0,1,1,0,1,0.0,0,1,0,0,0,926
https://sweepstakes565.godaddysites.com/,1,phishtank,godaddysites.com,com,40,31,1,0,4.0464,3.8457,0,1,2,0,3,1,0.075,0,1,0,0,0,4628
https://userreport.com/,0,tranco,userreport.com,com,23,14,1,0,3.5555,3.182,0,0,1,0,0,1,0.0,0,1,0,0,0,7602
https://sites.google.com/view/artemiscortinasepersianas,1,phishtank,google.com,com,55,16,31,0,3.9789,3.2028,0,1,2,0,0,1,0.0,0,1,0,0,0,10537
https://mover.uz/,0,tranco,mover.uz,uz,17,8,1,0,3.6901,3.0,0,0,1,0,0,1,0.0,0,1,0,0,0,5592
http://zax1-na8r-vfc-x2q9-fc0y3q.pages.dev/,1,phishtank,pages.dev,dev,43,35,1,0,4.6005,4.3649,0,1,2,4,6,1,0.1395,0,0,0,0,0,-1
https://infojobs.net/,0,tranco,infojobs.net,net,21,12,1,0,3.6538,3.2516,0,0,1,0,0,1,0.0,0,1,0,0,0,10348
https://1qwr8vn.cfd/o3brvzmp/lu3w5C/JTdLzP,1,phishtank,1qwr8vn.cfd,cfd,42,11,23,0,4.7349,3.4594,0,0,1,0,5,1,0.119,0,1,0,0,0,-1
https://openaire.eu/,0,tranco,openaire.eu,eu,20,11,1,0,3.6464,3.0272,0,0,1,0,0,1,0.0,0,1,0,0,0,-1
https://mgid.com/,0,tranco,mgid.com,com,17,8,1,0,3.5725,2.75,0,0,1,0,0,1,0.0,0,1,0,0,0,8970
https://qr-codes.io/bx4z7f,1,phishtank,qr-codes.io,io,26,11,7,0,4.2868,3.2776,0,0,1,1,2,1,0.0769,0,1,0,0,0,2115
https://salesforce-dns.com/,0,tranco,salesforce-dns.com,com,27,18,1,0,3.9862,3.5724,0,0,1,1,0,1,0.0,0,1,0,0,0,2911
https://docs.google.com/presentation/d/e/2PACX-1vRn1VVCrcDDE-3wfdSYXxAaqQ8e_Pns51NmQQxzBn4LGMcM-6Zj9fQ70KYKiO39QX2yaksR-d4awP4c/pub?start=false&amp;loop=false&amp;delayms=3000,1,phishtank,google.com,com,175,15,108,43,5.6283,2.9736,0,1,2,4,21,9,0.12,0,1,0,0,0,10537
https://chasemynamdjvndbdeje.weebly.com/,1,phishtank,weebly.com,com,40,31,1,0,4.1751,3.8213,0,1,2,0,0,1,0.0,0,1,0,0,0,7420
https://research.google/,0,tranco,research.google,google,24,15,1,0,3.6887,3.1899,0,0,1,0,0,1,0.0,0,1,0,0,0,-1
https://us10.campaign-archive.com/?u=336ccd2abddd866474abd20ff&id=b89dff94eb,1,phishtank,campaign-archive.com,com,76,25,1,41,4.8546,4.0235,0,1,2,1,18,5,0.2368,0,1,0,0,0,7139
https://gaigu11.net/,0,tranco,gaigu11.net,net,20,11,1,0,3.6464,3.0958,0,0,1,0,2,1,0.1,0,1,0,0,0,86
http://hi5i-9zd-hho53-ehm-gvb3bw.pages.dev/,1,phishtank,pages.dev,dev,43,35,1,0,4.284,4.0791,0,1,2,4,5,1,0.1163,0,0,0,0,0,-1
https://bit.ly/49UnmQ4,1,phishtank,bit.ly,ly,22,6,8,0,3.9363,2.585,0,0,1,0,3,1,0.1364,0,1,1,0,0,6639
https://docs.google.com/presentation/d/e/2PACX-1vQi5XY-GebiKlOdBIbPBuQWSsF2zEEj0mRTMPc-L9_BZMM5PqRQ2MAMrfartGFFkgspLp25egK1AA2l/pub?start=false&amp;loop=false&amp;delayms=3000,1,phishtank,google.com,com,175,15,108,43,5.5195,2.9736,0,1,2,3,16,9,0.0914,0,1,0,0,0,10537
https://ipv6-test.com/,0,tranco,ipv6-test.com,com,22,13,1,0,3.6978,3.5466,0,0,1,1,1,1,0.0455,0,1,0,0,0,5983
https://theeb.pages.dev/,1,phishtank,pages.dev,dev,24,15,1,0,3.5221,3.2402,0,1,2,0,0,1,0.0,0,1,0,0,0,-1
https://uillinois.edu/,0,tranco,uillinois.edu,edu,22,13,1,0,3.6635,3.027,0,0,1,0,0,1,0.0,0,1,0,0,0,10848
https://cloud.sap/,0,tranco,cloud.sap,sap,18,9,1,0,3.5724,3.1699,0,0,1,0,0,1,0.0,0,1,0,0,0,3838
https://alloschool.com/,0,tranco,alloschool.com,com,23,14,1,0,3.4144,2.7534,0,0,1,0,0,1,0.0,0,1,0,0,0,3501
https://universityoftennesseeemailverification.ukit.me/,1,phishtank,ukit.me,me,55,46,1,0,4.0374,3.7756,0,1,2,0,0,1,0.0,0,1,0,1,1,3509
https://zestful-guests-866805.framer.app/,1,phishtank,framer.app,app,41,32,1,0,4.2291,4.0778,0,1,2,2,6,1,0.1463,0,1,0,0,0,-1
https://newemessageimportantmain.wasmer.app/go,1,phishtank,wasmer.app,app,46,35,3,0,3.8555,3.544,0,1,2,0,0,1,0.0,0,1,0,0,0,-1
https://changelly.com/,0,tranco,changelly.com,com,22,13,1,0,3.8797,3.3927,0,0,1,0,0,1,0.0,0,1,0,0,0,4591
https://google.ru/,0,tranco,google.ru,ru,18,9,1,0,3.5724,2.7255,0,0,1,0,0,1,0.0,0,1,0,0,0,8175
https://stardewvalleywiki.com/,0,tranco,stardewvalleywiki.com,com,30,21,1,0,4.1899,3.9161,0,0,1,0,0,1,0.0,0,1,0,0,0,3961
https://amadeus.com/,0,tranco,amadeus.com,com,20,11,1,0,3.6842,3.0958,0,0,1,0,0,1,0.0,0,1,0,0,0,12287
https://btguxxnft.firebaseapp.com/,1,phishtank,firebaseapp.com,com,34,25,1,0,4.1607,4.0039,0,1,2,0,0,1,0.0,0,1,0,0,0,5027
http://pub-4974a8d9bd7347c7a61b9b091e3f09e1.r2.dev/usa/index.html,1,phishtank,r2.dev,dev,65,43,15,0,4.7088,4.1558,0,1,3,1,22,1,0.3385,0,0,0,0,0,-1
https://instantformhdc.com/pages/captcha.php,1,phishtank,instantformhdc.com,com,44,18,18,0,3.9146,3.6144,0,0,2,0,0,1,0.0,0,1,0,0,0,37
https://sp839895.sitebeat.crazydomains.com/,1,phishtank,crazydomains.com,com,43,34,1,0,4.3503,4.1973,0,2,3,0,6,1,0.1395,0,1,0,0,0,8989
https://docs.google.com/presentation/d/e/2PACX-1vRMtAU-0_ikd1sEJRf4e13KP65GYHT_I3OjzAesLuA5CH3BkGfcxfRaXVRtp0UK4_C4P0sWhzZvmkL-/pub?start=false&amp;loop=false&amp;delayms=3000&amp;slide=id.p,1,phishtank,google.com,com,190,15,108,58,5.5404,2.9736,0,1,3,3,20,12,0.1053,0,1,0,0,0,10537
https://bacservices.help/pa,1,phishtank,bacservices.help,help,27,16,3,0,3.7542,3.4528,0,0,1,0,0,1,0.0,0,1,0,1,1,20
https://yahooapis.jp/,0,tranco,yahooapis.jp,jp,21,12,1,0,3.4633,3.085,0,0,1,0,0,1,0.0,0,1,0,0,0,6984
https://atv.com.tr/,0,tranco,atv.com.tr,com.tr,19,10,1,0,3.4714,2.9219,0,0,2,0,0,1,0.0,0,1,0,0,0,10872
https://forgiving-access-742368.framer.app/,1,phishtank,framer.app,app,43,34,1,0,4.5013,4.2784,0,1,2,2,6,1,0.1395,0,1,0,0,0,-1
https://forms.office.com/pages/responsepage.aspx?id=DQSIkWdsW0yxEjajBLZtrQAAAAAAAAAAAAO__WN1clNUMFBNSFU5NENVT1JYOEdOQ1BQNlRSOUEwTy4u&amp;fbclid=IwAR0qs8ZzWPeZ_UB1PaIWhxsDE7tp6qnyKAbdqzfQE6Di0J0M9nD3EfGRskI,1,phishtank,office.com,com,205,16,24,156,5.71,3.0306,0,1,3,0,16,6,0.078,0,1,0,0,0,9955
https://mycreditqueen.com,1,phishtank,mycreditqueen.com,com,25,17,0,0,4.0235,3.5725,0,0,1,0,0,1,0.0,0,1,0,0,0,278
https://ventanillaunicasocial.gob.cl/,0,tranco,ventanillaunicasocial.gob.cl,gob.cl,37,28,1,0,3.9723,3.5836,0,0,2,0,0,1,0.0,0,1,0,0,0,-1
https://walkscore.com/,0,tranco,walkscore.com,com,22,13,1,0,3.8797,3.3927,0,0,1,0,0,1,0.0,0,1,0,0,0,6970
https://qrco.de/bgbw11,1,phishtank,qrco.de,de,22,7,7,0,3.9706,2.8074,0,0,1,0,2,1,0.0909,0,1,0,0,0,-1
https://startcdn-ledgr.wixstudio.com/start,1,phishtank,wixstudio.com,com,42,28,6,0,4.1562,4.0391,0,1,2,1,0,1,0.0,0,1,0,0,0,-1
https://apptuts.bio/detalhamentoluiza?gclid=EAIaIQobChMI6-S5xuaw_QIVA8KRCh0kGQDuEAMYAyAAEgLqn_D_BwE,1,phishtank,apptuts.bio,bio,99,11,18,61,5.2979,3.0958,0,0,1,1,4,3,0.0404,0,1,0,0,0,-1
https://iu.edu/,0,tranco,iu.edu,edu,15,6,1,0,3.3232,2.2516,0,0,1,0,0,1,0.0,0,1,0,0,0,10743
https://azurerms.com/,0,tranco,azurerms.com,com,21,12,1,0,3.7849,3.2516,0,0,1,0,0,1,0.0,0,1,0,0,0,4275
https://ln.run/IDN7P,1,phishtank,ln.run,run,20,6,6,0,3.8842,2.2516,0,0,1,0,1,1,0.05,0,1,0,0,0,-1
https://eastmoney.com/,0,tranco,eastmoney.com,com,22,13,1,0,3.6635,3.2389,0,0,1,0,0,1,0.0,0,1,0,0,0,8744
https://docs.google.com/presentation/d/e/2PACX-1vRUM1UbdEp9mqfKo21h6FqFL94f1cij92gmSKwNfPsUoaqIhrilWmykn2vtfIqAllSaL7CGr8b3yIVr/pub?start=false&loop=false&delayms=3000#slide=id.p,1,phishtank,google.com,com,178,15,108,35,5.4858,2.9736,0,1,3,1,20,9,0.1124,0,1,0,0,0,10537
http://allegro.nr-32843mnlkfds32.cyou,1,phishtank,nr-32843mnlkfds32.cyou,cyou,37,30,0,0,4.5741,4.2566,0,1,2,1,7,1,0.1892,0,0,0,0,0,2
https://essschools.com/application/core/drrub/SMA/intreduction.php,1,phishtank,essschools.com,com,66,14,44,0,4.198,2.7534,0,0,2,0,0,1,0.0,0,1,0,0,0,1102
https://51.in-addr.arpa/,0,tranco,51.in-addr.arpa,in-addr.arpa,24,15,1,0,3.7721,3.1899,0,0,2,1,2,1,0.0833,0,1,0,0,0,-1
https://iswlegal.com/,0,tranco,iswlegal.com,com,21,12,1,0,3.8802,3.4183,0,0,1,0,0,1,0.0,0,1,0,0,0,52
https://djatoya.com/,0,tranco,djatoya.com,com,20,11,1,0,3.6464,3.0958,0,0,1,0,0,1,0.0,0,1,0,0,0,2345
https://beckershospitalreview.com/,0,tranco,beckershospitalreview.com,com,34,25,1,0,4.0797,3.9239,0,0,1,0,0,1,0.0,0,1,0,0,0,6564
https://google.com.nf/,0,tranco,google.com.nf,com.nf,22,13,1,0,3.7544,3.027,0,0,2,0,0,1,0.0,0,1,0,0,0,8455
https://irna.ir/,0,tranco,irna.ir,ir,16,7,1,0,3.3278,2.2359,0,0,1,0,0,1,0.0,0,1,0,0,0,-1
https://t.co/vjsgDm0G0s,1,phishtank,t.co,co,23,4,11,0,3.8164,2.0,0,0,1,0,2,1,0.087,0,1,1,0,0,5931
https://eu.jotform.com/app/252012850104340,1,phishtank,jotform.com,com,42,14,20,0,4.3204,3.182,0,1,2,0,15,1,0.3571,0,1,0,0,0,7559
https://ulule.com/,0,tranco,ulule.com,com,18,9,1,0,3.5724,2.7255,0,0,1,0,0,1,0.0,0,1,0,0,0,6084
https://allegro-lokalnie.3948789g49g34.cfd/,1,phishtank,3948789g49g34.cfd,cfd,43,34,1,0,4.4723,4.0797,0,1,2,1,11,1,0.2558,0,1,0,0,0,82
https://l.ead.me/bfUZQN,1,phishtank,ead.me,me,23,8,7,0,4.056,2.5,0,1,2,0,0,1,0.0,0,1,0,0,0,3928
https://kunlunaq.com/,0,tranco,kunlunaq.com,com,21,12,1,0,3.8802,3.2516,0,0,1,0,0,1,0.0,0,1,0,0,0,4380
https://jbhifi.com.au/,0,tranco,jbhifi.com.au,com.au,22,13,1,0,3.8797,3.3927,0,0,2,0,0,1,0.0,0,1,0,0,0,-1
https://cloudimg.io/,0,tranco,cloudimg.io,io,20,11,1,0,3.7842,3.0958,0,0,1,0,0,1,0.0,0,1,0,0,0,4346
https://courtlistener.com/,0,tranco,courtlistener.com,com,26,17,1,0,3.8253,3.4992,0,0,1,0,0,1,0.0,0,1,0,0,0,5964
https://uni-muenchen.de/,0,tranco,uni-muenchen.de,de,24,15,1,0,3.7406,3.1396,0,0,1,1,0,1,0.0,0,1,0,0,0,-1
https://coocan.jp/,0,tranco,coocan.jp,jp,18,9,1,0,3.4613,2.7255,0,0,1,0,0,1,0.0,0,1,0,0,0,7554
https://mamtpo.com/,0,tranco,mamtpo.com,com,19,10,1,0,3.2866,2.6464,0,0,1,0,0,1,0.0,0,1,0,0,0,3794
https://eqads.com/,0,tranco,eqads.com,com,18,9,1,0,3.6835,3.1699,0,0,1,0,0,1,0.0,0,1,0,0,0,6251
https://openclipart.org/,0,tranco,openclipart.org,org,24,15,1,0,3.8239,3.5069,0,0,1,0,0,1,0.0,0,1,0,0,0,-1
https://razersynapse.com/,0,tranco,razersynapse.com,com,25,16,1,0,3.8635,3.5,0,0,1,0,0,1,0.0,0,1,0,0,0,5192
https://mytheresa.com/,0,tranco,mytheresa.com,com,22,13,1,0,3.6635,3.3927,0,0,1,0,0,1,0.0,0,1,0,0,0,7588
https://new.express.adobe.com/webpage/SZik1AdCxfBcK,1,phishtank,adobe.com,com,51,21,22,0,4.618,3.5945,0,2,3,0,1,1,0.0196,0,1,0,0,0,14492
https://us20.campaign-archive.com/?u=f4c300bdaea4b2ca63b496e95&id=b7e9d93c67,1,phishtank,campaign-archive.com,com,76,25,1,41,4.8229,4.0235,0,1,2,1,21,5,0.2763,0,1,0,0,0,7139
https://q-r.to/bfFjl8,1,phishtank,q-r.to,to,21,6,7,0,3.9395,2.585,0,0,1,1,1,1,0.0476,0,1,0,0,0,5285
https://ignou.ac.in/,0,tranco,ignou.ac.in,ac.in,20,11,1,0,3.6842,2.914,0,0,2,0,0,1,0.0,0,1,0,0,0,8180
https://www.prg.hr/vendor/phpmailer/phpmailer/language/comon/acesso.php?q=oayxt35woayx-99nw-oayx99nw99nw-qq2899nw&amp;s=oayxt35woayx-99nw-oayx99nw99nw-qq2899nw&amp;n=oayxt35woayx-99nw-oayx99nw99nw-qq2899nw,1,phishtank,prg.hr,hr,205,10,53,133,4.5783,2.4464,0,1,3,9,36,9,0.1756,0,1,0,0,0,8636
https://goxh.today/,0,tranco,goxh.today,today,19,10,1,0,3.5369,3.1219,0,0,1,0,0,1,0.0,0,1,0,0,0,-1
https://optimonk.com/,0,tranco,optimonk.com,com,21,12,1,0,3.5226,3.0221,0,0,1,0,0,1,0.0,0,1,0,0,0,4612
https://switch-mas1-btwebmail.pages.dev/?.https://dry-meadow-7114.fly.dev/,1,phishtank,pages.dev,dev,74,31,1,33,4.5118,4.0424,0,1,5,4,5,3,0.0676,0,1,0,0,0,-1
https://exblog.jp/,0,tranco,exblog.jp,jp,18,9,1,0,3.6835,3.1699,0,0,1,0,0,1,0.0,0,1,0,0,0,8219
https://jwplayer.com/,0,tranco,jwplayer.com,com,21,12,1,0,3.9754,3.585,0,0,1,0,0,1,0.0,0,1,0,0,0,6883
https://qrco.de/bgaQ5q,1,phishtank,qrco.de,de,22,7,7,0,4.0615,2.8074,0,0,1,0,1,1,0.0455,0,1,0,0,0,-1
https://ul60ezvizj2.wixsite.com/my-site-1,1,phishtank,wixsite.com,com,41,23,10,0,4.4243,4.056,0,1,2,2,4,1,0.0976,0,1,0,0,0,5187
https://generalwebb.weebly.com/,1,phishtank,weebly.com,com,31,22,1,0,4.0149,3.4429,0,1,2,0,0,1,0.0,0,1,0,0,0,7420
https://talkdeskapp.com/,0,tranco,talkdeskapp.com,com,24,15,1,0,3.7406,3.5069,0,0,1,0,0,1,0.0,0,1,0,0,0,5468
https://linqapp.com/sss2?r=link&quot,1,phishtank,linqapp.com,com,36,11,5,11,4.2737,3.2776,0,0,1,0,1,4,0.0278,0,1,0,0,0,-1
https://ameriprise.com/,0,tranco,ameriprise.com,com,23,14,1,0,3.7081,3.2359,0,0,1,0,0,1,0.0,0,1,0,0,0,9722
https://bafkreic7ijgtq53bkcftswgks2p5cefflyvxj3lsq5mw3pt2ofppsbyftq.ipfs.dweb.link/,1,phishtank,dweb.link,link,83,74,1,0,4.6765,4.5755,0,2,3,0,9,1,0.1084,0,1,0,0,0,3435
https://ucsd.edu/,0,tranco,ucsd.edu,edu,17,8,1,0,3.3372,2.5,0,0,1,0,0,1,0.0,0,1,0,0,0,-1
https://escapingsubicfr.web.app/,1,phishtank,web.app,app,32,23,1,0,4.0153,3.7081,0,1,2,0,0,1,0.0,0,1,0,0,0,-1
https://guitarcenter.com/,0,tranco,guitarcenter.com,com,25,16,1,0,3.8937,3.5,0,0,1,0,0,1,0.0,0,1,0,0,0,11450
https://www.chordie.com/result.php?q=%22%2F%3E%3Cimg%20src%3D%22https%3A%2F%2Fgoogle.com%2FMwvzdzcFKYD0M.jpg%22%20onerror%3D%22window.location%3DdecodeURIComponent%28atob%28%27Njg3NDc0NzA3MzNhMmYyZjZhNjQ2YTZmNmI3NTJlNzM3MDYxNzI2YjYxNzM3MzY1MmU3NzY1NjI3MzY5NzQ2NQ%3D%3D%27%29.replace%28%2F%28..%29%2Fg%2C%20%27%25%241%27%29%29%3B%22%3E,1,phishtank,chordie.com,com,334,15,11,299,5.1252,3.1899,0,1,9,0,77,42,0.2305,0,1,0,0,0,8671
https://planethoster.net/,0,tranco,planethoster.net,net,25,16,1,0,3.4791,3.2806,0,0,1,0,0,1,0.0,0,1,0,0,0,6783
https://docs.google.com/presentation/d/e/2PACX-1vQCcYPTO86sHIVRvaLvPiPWmHr-GfmKMMa2hNT_hbj_A6CZOGonhBg74yMgenhJYTLSJCJxo3lY6l5J/pub?start=false&loop=false&delayms=3000,1,phishtank,google.com,com,167,15,108,35,5.5938,2.9736,0,1,2,2,15,7,0.0898,0,1,0,0,0,10537
https://bafkreifxgaltkqfze4ge7kku76bk5vv57bt6qbkcgvhaooyhtyclkp63ty.ipfs.dweb.link/,1,phishtank,dweb.link,link,83,74,1,0,4.7584,4.6635,0,2,3,0,10,1,0.1205,0,1,0,0,0,3435
https://zerodha.com/,0,tranco,zerodha.com,com,20,11,1,0,3.7842,3.2776,0,0,1,0,0,1,0.0,0,1,0,0,0,5999
https://calmatters.org/,0,tranco,calmatters.org,org,23,14,1,0,3.7081,3.3788,0,0,1,0,0,1,0.0,0,1,0,0,0,4392
https://ugent.be/,0,tranco,ugent.be,be,17,8,1,0,3.4104,2.75,0,0,1,0,0,1,0.0,0,1,0,0,0,8548
https://manomano.fr/,0,tranco,manomano.fr,fr,20,11,1,0,3.5842,2.7322,0,0,1,0,0,1,0.0,0,1,0,0,0,4103
https://belregion.ru/,0,tranco,belregion.ru,ru,21,12,1,0,3.8802,3.2516,0,0,1,0,0,1,0.0,0,1,0,0,0,7444
https://azioncdn.net/,0,tranco,azioncdn.net,net,21,12,1,0,3.713,3.1887,0,0,1,0,0,1,0.0,0,1,0,0,0,5486
https://turnitin.com/,0,tranco,turnitin.com,com,21,12,1,0,3.5945,3.085,0,0,1,0,0,1,0.0,0,1,0,0,0,9889
https://nsgrfrsg.firebaseapp.com/,1,phishtank,firebaseapp.com,com,33,24,1,0,4.0061,3.6887,0,1,2,0,0,1,0.0,0,1,0,0,0,5027
https://classdojo.com/,0,tranco,classdojo.com,com,22,13,1,0,3.6292,3.027,0,0,1,0,0,1,0.0,0,1,0,0,0,5519
https://suscripciones.webcindario.com/,1,phishtank,webcindario.com,com,38,29,1,0,4.0503,3.7025,0,1,2,0,0,1,0.0,0,1,0,0,0,9275
https://t.co/lRbWR8ZUqX,1,phishtank,t.co,co,23,4,11,0,4.0231,2.0,0,0,1,0,1,1,0.0435,0,1,1,0,0,5931
https://q-r.to/bfKa74,1,phishtank,q-r.to,to,21,6,7,0,3.9395,2.585,0,0,1,1,2,1,0.0952,0,1,0,0,0,5285
https://qrco.de/Esdgt2,1,phishtank,qrco.de,de,22,7,7,0,3.8454,2.8074,0,0,1,0,1,1,0.0455,0,1,0,0,0,-1
https://zlib.net/,0,tranco,zlib.net,net,17,8,1,0,3.5281,3.0,0,0,1,0,0,1,0.0,0,1,0,0,0,8893
https://pricespider.com/,0,tranco,pricespider.com,com,24,15,1,0,3.6887,3.2402,0,0,1,0,0,1,0.0,0,1,0,0,0,8212
https://q-r.to/bfII4L,1,phishtank,q-r.to,to,21,6,7,0,3.8442,2.585,0,0,1,1,1,1,0.0476,0,1,0,0,0,5285
https://1passwordservices.com/,0,tranco,1passwordservices.com,com,30,21,1,0,3.9614,3.6304,0,0,1,0,1,1,0.0333,0,1,0,2,1,2562
https://moe.video/,0,tranco,moe.video,video,18,9,1,0,3.5724,2.7255,0,0,1,0,0,1,0.0,0,1,0,0,0,-1
https://goobike.com/,0,tranco,goobike.com,com,20,11,1,0,3.7464,3.0272,0,0,1,0,0,1,0.0,0,1,0,0,0,9266
http://pub-cc526d65239f4fbc9a9ea9571b094043.r2.dev/eemm.html,1,phishtank,r2.dev,dev,60,43,10,0,4.6002,4.2313,0,1,3,1,22,1,0.3667,0,0,0,0,0,-1
https://trevenque.es/,0,tranco,trevenque.es,es,21,12,1,0,3.4633,2.9183,0,0,1,0,0,1,0.0,0,1,0,0,0,-1
https://wa.gov/,0,tranco,wa.gov,gov,15,6,1,0,3.4566,2.585,0,0,1,0,0,1,0.0,0,1,0,0,0,10520
https://o365filtering.com/,0,tranco,o365filtering.com,com,26,17,1,0,4.1808,3.8522,0,0,1,0,3,1,0.1154,0,1,0,0,0,5521
https://bngf.ru/,0,tranco,bngf.ru,ru,16,7,1,0,3.5778,2.8074,0,0,1,0,0,1,0.0,0,1,0,0,0,8797
https://abplive.com/,0,tranco,abplive.com,com,20,11,1,0,3.8842,3.4594,0,0,1,0,0,1,0.0,0,1,0,0,0,5180
https://qrco.de/bgd3DU,1,phishtank,qrco.de,de,22,7,7,0,4.0615,2.8074,0,0,1,0,1,1,0.0455,0,1,0,0,0,-1
https://ilmessaggero.it/,0,tranco,ilmessaggero.it,it,24,15,1,0,3.7406,3.3736,0,0,1,0,0,1,0.0,0,1,0,0,0,10506
https://researchnow.com/,0,tranco,researchnow.com,com,24,15,1,0,3.8035,3.3736,0,0,1,0,0,1,0.0,0,1,0,0,0,10595
https://docs.google.com/presentation/d/e/2PACX-1vTSx-mrcGo3FUHs1IEKCjHB8X-YLzRCAsJFTVuD3CjQn0KQLrVCFabMyc67SHgiuUtqwj3dv6x1wsdR/pub?start=false&amp;loop=false&amp;delayms=3000,1,phishtank,google.com,com,175,15,108,43,5.6288,2.9736,0,1,2,3,16,9,0.0914,0,1,0,0,0,10537
https://vtex.com/,0,tranco,vtex.com,com,17,8,1,0,3.5281,3.0,0,0,1,0,0,1,0.0,0,1,0,0,0,9010
https://rkokmailme.blogspot.com/,1,phishtank,blogspot.com,com,32,23,1,0,3.9917,3.7081,0,1,2,0,0,1,0.0,0,1,0,0,0,9486
https://crediitmutueel-fr.s-host.net/,1,phishtank,s-host.net,net,37,28,1,0,3.9927,3.8074,0,1,2,2,0,1,0.0,0,1,0,0,0,4240
https://a-dns.pl/,0,tranco,a-dns.pl,pl,17,8,1,0,3.4548,3.0,0,0,1,1,0,1,0.0,0,1,0,0,0,-1
https://nelreports.net/,0,tranco,nelreports.net,net,23,14,1,0,3.4144,3.0391,0,0,1,0,0,1,0.0,0,1,0,0,0,2672
https://onmisr.com/o.ne/,1,phishtank,onmisr.com,com,24,10,6,0,3.6368,2.9219,0,0,2,0,0,1,0.0,0,1,0,0,0,-1
https://teamwork.com/,0,tranco,teamwork.com,com,21,12,1,0,3.749,3.2516,0,0,1,0,0,1,0.0,0,1,0,0,0,11438
https://sonnenbatterie.de/,0,tranco,sonnenbatterie.de,de,26,17,1,0,3.6424,3.2195,0,0,1,0,0,1,0.0,0,1,0,0,0,-1
https://shareaholic.com/,0,tranco,shareaholic.com,com,24,15,1,0,3.7721,3.3736,0,0,1,0,0,1,0.0,0,1,0,0,0,6971
http://xbbjdjheuyeriurenreeruiuruierfolerfre.unclejimmyjones.com/xbbjdjheuyeriurenreeruiuruierfolerfre/,1,phishtank,unclejimmyjones.com,com,103,57,39,0,3.9555,3.8155,0,1,2,0,0,1,0.0,0,0,0,0,0,2099
https://kkakakakakakadaaum.weebly.com/,1,phishtank,weebly.com,com,38,29,1,0,3.7635,3.1459,0,1,2,0,0,1,0.0,0,1,0,0,0,7420
https://sched.com/,0,tranco,sched.com,com,18,9,1,0,3.4613,2.9477,0,0,1,0,0,1,0.0,0,1,0,0,0,9016
https://docs.google.com/presentation/d/e/2PACX-1vQuCbQ5kwX_YqskR6bqKg3mBVgrzgNSXIVqgDcGeep366OYJTRVSkjD52n0yanx3Sl2N-Uv_Oef4xre/pub?start=false&amp;loop=false&amp;delayms=3000,1,phishtank,google.com,com,175,15,108,43,5.5872,2.9736,0,1,2,2,18,9,0.1029,0,1,0,0,0,10537
https://hkllm.weebly.com/,1,phishtank,weebly.com,com,25,16,1,0,3.8635,3.3278,0,1,2,0,0,1,0.0,0,1,0,0,0,7420
https://t.co/fhLWCgBW4J,1,phishtank,t.co,co,23,4,11,0,3.9362,2.0,0,0,1,0,1,1,0.0435,0,1,1,0,0,5931
https://docs.google.com/presentation/d/e/2PACX-1vRDTuMfOPWIJbzTKntkXJyRku3SEnitVEY3sTcHHVqyaKDn-FnVZcOTOzkJjd8o8e4G7iZ4T8i-Bw_k/pub?start=false&amp;loop=false&amp;delayms=3000,1,phishtank,google.com,com,175,15,108,43,5.633,2.9736,0,1,2,3,14,9,0.08,0,1,0,0,0,10537
https://appstarttrexor.wixstudio.com/en-us,1,phishtank,wixstudio.com,com,42,28,6,0,4.094,3.7534,0,1,2,1,0,1,0.0,0,1,0,0,0,-1
https://tokyodisneyresort.jp/,0,tranco,tokyodisneyresort.jp,jp,29,20,1,0,3.8144,3.5842,0,0,1,0,0,1,0.0,0,1,0,0,0,9249
https://l.ead.me/bfNzUD,1,phishtank,ead.me,me,23,8,7,0,4.056,2.5,0,1,2,0,0,1,0.0,0,1,0,0,0,3928
https://bancolombia.com/,0,tranco,bancolombia.com,com,24,15,1,0,3.7721,3.0566,0,0,1,0,0,1,0.0,0,1,0,0,0,10513
https://sede.agenciatributaia-gob.top/es,1,phishtank,agenciatributaia-gob.top,top,40,29,3,0,4.0251,3.8144,0,1,2,1,0,1,0.0,0,1,0,0,0,7
https://q-r.to/bgaard,1,phishtank,q-r.to,to,21,6,7,0,3.749,2.585,0,0,1,1,0,1,0.0,0,1,0,0,0,5285
https://lg.awieelj.com/de/?email=redacted@abuse.ionos.com,1,phishtank,awieelj.com,com,57,14,4,30,4.3428,3.3788,0,1,4,0,0,4,0.0,1,1,0,0,0,-1
https://affinitesnorms.weebly.com/,1,phishtank,weebly.com,com,34,25,1,0,4.1751,3.8937,0,1,2,0,0,1,0.0,0,1,0,0,0,7420
https://newgrounds.com/,0,tranco,newgrounds.com,com,23,14,1,0,3.969,3.5216,0,0,1,0,0,1,0.0,0,1,0,0,0,10170
https://mlbstatic.com/,0,tranco,mlbstatic.com,com,22,13,1,0,3.6069,3.2389,0,0,1,0,0,1,0.0,0,1,0,0,0,3967
https://l.ead.me/bfN8Hm,1,phishtank,ead.me,me,23,8,7,0,3.969,2.5,0,1,2,0,1,1,0.0435,0,1,0,0,0,3928
https://q-r.to/bgbi4W,1,phishtank,q-r.to,to,21,6,7,0,3.8442,2.585,0,0,1,1,1,1,0.0476,0,1,0,0,0,5285
https://sites.google.com/view/qaeqr/home,1,phishtank,google.com,com,40,16,16,0,4.0037,3.2028,0,1,2,0,0,1,0.0,0,1,0,0,0,10537
https://popcornnews.ru/,0,tranco,popcornnews.ru,ru,23,14,1,0,3.6753,3.2359,0,0,1,0,0,1,0.0,0,1,0,0,0,7064
https://filmstarts.de/,0,tranco,filmstarts.de,de,22,13,1,0,3.6635,3.3927,0,0,1,0,0,1,0.0,0,1,0,0,0,-1
https://qrco.de/bgabeP,1,phishtank,qrco.de,de,22,7,7,0,3.9706,2.8074,0,0,1,0,0,1,0.0,0,1,0,0,0,-1
https://xfinityhome.com/,0,tranco,xfinityhome.com,com,24,15,1,0,3.8554,3.5069,0,0,1,0,0,1,0.0,0,1,0,0,0,5290
https://itspro.team/,0,tranco,itspro.team,team,20,11,1,0,3.4842,3.2776,0,0,1,0,0,1,0.0,0,1,0,0,0,-1
https://online-manage-device.web.app/,1,phishtank,web.app,app,37,28,1,0,4.1654,3.7674,0,1,2,2,0,1,0.0,0,1,0,0,0,-1
https://ifconfig.me/,0,tranco,ifconfig.me,me,20,11,1,0,3.7842,3.0958,0,0,1,0,0,1,0.0,0,1,0,0,0,5939
https://qrco.de/bgble3,1,phishtank,qrco.de,de,22,7,7,0,3.9706,2.8074,0,0,1,0,1,1,0.0455,0,1,0,0,0,-1
https://prime-clientsupport.com/signin?email=bernard.bez@laposte.net&amp;token=lqbmieq4ws1pguhj6rdjx1s3o8q9o6tb2mcpmdf2hvasgsikm0ywyu6kw3ofk3p2&amp;downdate=19&amp;amount=414.72&amp;identity=bernard%20bez,1,phishtank,prime-clientsupport.com,com,204,23,7,165,5.1022,3.7081,0,0,4,1,24,17,0.1176,1,1,0,3,1,68
https://memrise.com/,0,tranco,memrise.com,com,20,11,1,0,3.5464,2.8454,0,0,1,0,0,1,0.0,0,1,0,0,0,6532
https://login.mba554.com/?nY94oI3tQ1Dv&amp;type=dpoint,1,phishtank,mba554.com,com,54,16,1,28,4.7943,3.5,0,1,2,0,7,5,0.1296,0,1,0,1,1,390
http://brandedworldllc.com/,1,openphish,brandedworldllc.com,com,27,19,1,0,3.9303,3.4316,0,0,1,0,0,1,0.0,0,0,0,0,0,1201
https://huffingtonpost.fr/,0,tranco,huffingtonpost.fr,fr,26,17,1,0,3.6424,3.4548,0,0,1,0,0,1,0.0,0,1,0,0,0,5578
https://pub-3ccb5fff62854f25b35afbdebcef3b4e.r2.dev/myc/index.html,1,phishtank,r2.dev,dev,66,43,15,0,4.5534,3.8615,0,1,3,1,14,1,0.2121,0,1,0,0,0,-1
https://woot.com/,0,tranco,woot.com,com,17,8,1,0,3.2484,2.4056,0,0,1,0,0,1,0.0,0,1,0,0,0,9687
https://runnersworld.com/,0,tranco,runnersworld.com,com,25,16,1,0,3.9435,3.4528,0,0,1,0,0,1,0.0,0,1,0,0,0,11421
https://myjuno-login-framer-website.framer.website/,1,phishtank,framer.website,website,51,42,1,0,4.3139,4.0644,0,1,2,3,0,1,0.0,0,1,0,1,1,1705
https://tvwiki22.net/,0,tranco,tvwiki22.net,net,21,12,1,0,3.5945,3.085,0,0,1,0,2,1,0.0952,0,1,0,0,0,402
https://giize.com/,0,tranco,giize.com,com,18,9,1,0,3.6835,2.9477,0,0,1,0,0,1,0.0,0,1,0,0,0,3476
https://wort-suchen.de/,0,tranco,wort-suchen.de,de,23,14,1,0,3.8492,3.6645,0,0,1,1,0,1,0.0,0,1,0,0,0,-1
https://quickconnect.to/,0,tranco,quickconnect.to,to,24,15,1,0,3.6887,3.1899,0,0,1,0,0,1,0.0,0,1,0,0,0,4614
https://suspp-abo.com/,1,phishtank,suspp-abo.com,com,22,13,1,0,3.6292,3.2389,0,0,1,1,0,1,0.0,0,1,0,0,0,99
https://stylevana.com/,0,tranco,stylevana.com,com,22,13,1,0,3.8454,3.5466,0,0,1,0,0,1,0.0,0,1,0,0,0,4573
https://ctyun.cn/,0,tranco,ctyun.cn,cn,17,8,1,0,3.2928,2.5,0,0,1,0,0,1,0.0,0,1,0,0,0,5144
https://wantedly.com/,0,tranco,wantedly.com,com,21,12,1,0,3.9395,3.585,0,0,1,0,0,1,0.0,0,1,0,0,0,5494
https://l.ead.me/bfEFIv,1,phishtank,ead.me,me,23,8,7,0,4.056,2.5,0,1,2,0,0,1,0.0,0,1,0,0,0,3928
https://mydomain.com/,0,tranco,mydomain.com,com,21,12,1,0,3.749,3.0221,0,0,1,0,0,1,0.0,0,1,0,0,0,11307
https://sti-vmi-7e921.firebaseapp.com/,1,phishtank,firebaseapp.com,com,38,29,1,0,4.2866,4.1163,0,1,2,2,4,1,0.1053,0,1,0,0,0,5027
https://awsdns-53.com/,0,tranco,awsdns-53.com,com,22,13,1,0,3.9363,3.5466,0,0,1,1,2,1,0.0909,0,1,0,0,0,5752
https://tf1info.fr/,0,tranco,tf1info.fr,fr,19,10,1,0,3.4972,2.8464,0,0,1,0,1,1,0.0526,0,1,0,0,0,6971
https://l.ead.me/bfEayX,1,phishtank,ead.me,me,23,8,7,0,3.969,2.5,0,1,2,0,0,1,0.0,0,1,0,0,0,3928
https://t.co/9IczChONri,1,phishtank,t.co,co,23,4,11,0,3.9362,2.0,0,0,1,0,1,1,0.0435,0,1,1,0,0,5931
https://l.ead.me/bgpl80,1,phishtank,ead.me,me,23,8,7,0,3.882,2.5,0,1,2,0,2,1,0.087,0,1,0,0,0,3928
https://senkodns.net/,0,tranco,senkodns.net,net,21,12,1,0,3.3914,2.8554,0,0,1,0,0,1,0.0,0,1,0,0,0,437
https://bollyflix.gd/,0,tranco,bollyflix.gd,gd,21,12,1,0,3.8442,3.1887,0,0,1,0,0,1,0.0,0,1,0,0,0,76
https://bts.gov/,0,tranco,bts.gov,gov,16,7,1,0,3.2806,2.8074,0,0,1,0,0,1,0.0,0,1,0,0,0,10520
https://xn--ftr02-dx2wn4mknw.weebly.com/,1,phishtank,weebly.com,com,40,31,1,0,4.4776,4.1715,0,1,2,3,4,1,0.1,0,1,0,0,0,7420
https://helpid994739571849185962888.firebaseapp.com/,1,phishtank,firebaseapp.com,com,52,43,1,0,4.5326,4.3395,0,1,2,0,21,1,0.4038,0,1,0,0,0,5027
https://zimbrawebsites.weebly.com/,1,phishtank,weebly.com,com,34,25,1,0,4.0575,3.7337,0,1,2,0,0,1,0.0,0,1,0,0,0,7420
https://greenvideo.io/,0,tranco,greenvideo.io,io,22,13,1,0,3.7544,3.027,0,0,1,0,0,1,0.0,0,1,0,0,0,1568
https://jfrog.io/,0,tranco,jfrog.io,io,17,8,1,0,3.5725,2.75,0,0,1,0,0,1,0.0,0,1,0,0,0,4854
https://msoftnow.ignorelist.com/wp/,1,phishtank,ignorelist.com,com,35,23,4,0,3.9649,3.654,0,1,2,0,0,1,0.0,0,1,0,0,0,8919
https://zizmibra.weebly.com/,1,phishtank,weebly.com,com,28,19,1,0,4.1375,3.6163,0,1,2,0,0,1,0.0,0,1,0,0,0,7420
https://web.teguko.top,1,phishtank,teguko.top,top,22,14,0,0,3.6412,3.2359,0,1,2,0,0,1,0.0,0,1,0,0,0,40
https://l.ead.me/bgaS7G,1,phishtank,ead.me,me,23,8,7,0,3.969,2.5,0,1,2,0,1,1,0.0435,0,1,0,0,0,3928
https://wikiwand.com/,0,tranco,wikiwand.com,com,21,12,1,0,3.8802,3.2516,0,0,1,0,0,1,0.0,0,1,0,0,0,4579
https://l.ead.me/bfGZ6I,1,phishtank,ead.me,me,23,8,7,0,4.056,2.5,0,1,2,0,1,1,0.0435,0,1,0,0,0,3928
https://francetravail.fr/,0,tranco,francetravail.fr,fr,25,16,1,0,3.8031,3.2806,0,0,1,0,0,1,0.0,0,1,0,0,0,3969
https://qrco.de/bfYenA,1,phishtank,qrco.de,de,22,7,7,0,4.0615,2.8074,0,0,1,0,0,1,0.0,0,1,0,0,0,-1
https://qrco.de/bfIlYZ,1,phishtank,qrco.de,de,22,7,7,0,4.1524,2.8074,0,0,1,0,0,1,0.0,0,1,0,0,0,-1
https://kejaksaan.go.id/,0,tranco,kejaksaan.go.id,go.id,24,15,1,0,3.8554,3.3232,0,0,2,0,0,1,0.0,0,1,0,0,0,-1
https://5et647.top/k2rryxoe/hmgC4x/9jeLLa,1,phishtank,5et647.top,top,41,10,23,0,4.4218,3.1219,0,0,1,0,7,1,0.1707,0,1,0,0,0,-1
http://jempage.com/dxhmzrg/dpkyjto/awvlrgk/qVyxWBmtG2vvr8jW5aNVu10rrYJqIc1chafsG/,1,phishtank,jempage.com,com,81,11,63,0,5.0338,3.0958,0,0,1,0,6,1,0.0741,0,0,0,0,0,6045
https://manchestereveningnews.co.uk/,0,tranco,manchestereveningnews.co.uk,co.uk,36,27,1,0,4.0623,3.8064,0,0,2,0,0,1,0.0,0,1,0,0,0,10807
https://l.ead.me/bfYk7f,1,phishtank,ead.me,me,23,8,7,0,3.969,2.5,0,1,2,0,1,1,0.0435,0,1,0,0,0,3928
https://sites.google.com/view/leafadd/accueil,1,phishtank,google.com,com,45,16,21,0,4.1029,3.2028,0,1,2,0,0,1,0.0,0,1,0,0,0,10537
https://q-r.to/bfOdbS,1,phishtank,q-r.to,to,21,6,7,0,3.8442,2.585,0,0,1,1,0,1,0.0,0,1,0,0,0,5285
https://paypay-bank-loginusercenter-fyp.github.io/sudo/,1,phishtank,github.io,io,55,41,6,0,4.3851,4.2043,0,1,2,3,0,1,0.0,0,1,0,2,1,4883
https://q-r.to/bfTmiI,1,phishtank,q-r.to,to,21,6,7,0,3.9395,2.585,0,0,1,1,0,1,0.0,0,1,0,0,0,5285
https://ecsite007.top/,1,phishtank,ecsite007.top,top,22,13,1,0,3.516,3.2389,0,0,1,0,3,1,0.1364,0,1,0,0,0,24
https://buffalo.edu/,0,tranco,buffalo.edu,edu,20,11,1,0,3.7842,3.0958,0,0,1,0,0,1,0.0,0,1,0,0,0,11360
https://bit.ly/3YEb4Gw,1,phishtank,bit.ly,ly,22,6,8,0,3.9363,2.585,0,0,1,0,2,1,0.0909,0,1,1,0,0,6639
https://belloutverify.webflow.io/?Email=gvggyjgyj&amp;Pass=uhuh,1,phishtank,webflow.io,io,63,24,1,29,4.6829,3.5739,0,1,2,0,0,6,0.0,0,1,0,1,1,4823
https://rimon.net.il/,0,tranco,rimon.net.il,net.il,21,12,1,0,3.6538,3.085,0,0,2,0,0,1,0.0,0,1,0,0,0,-1
https://ce.cn/,0,tranco,ce.cn,cn,14,5,1,0,3.182,1.9219,0,0,1,0,0,1,0.0,0,1,0,0,0,8528
https://awsdns-47.net/,0,tranco,awsdns-47.net,net,22,13,1,0,3.7201,3.3927,0,0,1,1,2,1,0.0909,0,1,0,0,0,5752
https://q-r.to/bfERiw,1,phishtank,q-r.to,to,21,6,7,0,3.9395,2.585,0,0,1,1,0,1,0.0,0,1,0,0,0,5285
https://bit-internet-zeeeeryyo8ihhky789.vercel.app/,1,phishtank,vercel.app,app,51,42,1,0,4.2579,4.0823,0,1,2,2,4,1,0.0784,0,1,0,0,0,-1
https://qrco.de/beJ24S,1,phishtank,qrco.de,de,22,7,7,0,4.0615,2.8074,0,0,1,0,2,1,0.0909,0,1,0,0,0,-1
https://new.express.adobe.com/webpage/8eVNP2ZGAhkHy,1,phishtank,adobe.com,com,51,21,22,0,4.6152,3.5945,0,2,3,0,2,1,0.0392,0,1,0,0,0,14492
https://qrco.de/beyb32?userID=h7muJeCy,1,phishtank,qrco.de,de,38,7,7,15,4.5439,2.8074,0,0,1,0,3,3,0.0789,0,1,0,0,0,-1
https://olist.com/,0,tranco,olist.com,com,18,9,1,0,3.4194,2.9477,0,0,1,0,0,1,0.0,0,1,0,0,0,9062
https://dericko-droid.github.io/Netflix/Cadastro.html,1,phishtank,github.io,io,53,23,22,0,4.3433,3.5884,0,1,3,1,0,1,0.0,0,1,0,0,0,4883
https://axgqssypy.ca6a8b74-32ac-45ea-84f0-fb607b8789ab.click/64cde040-2235-45be-a3f6-4dcd6c886dbe.php,1,phishtank,ca6a8b74-32ac-45ea-84f0-fb607b8789ab.click,click,101,52,41,0,4.6233,4.3731,0,1,3,8,36,1,0.3564,0,1,0,0,0,61
https://v0-h-e-b-get-review-gift.vercel.app/,1,phishtank,vercel.app,app,44,35,1,0,4.0212,3.7643,0,1,2,6,1,1,0.0227,0,1,0,1,1,-1
https://srjysdtkfygulidtksjuou-utdfygioihgofudktjfyiut.teemill.com/,1,phishtank,teemill.com,com,67,58,1,0,4.2319,4.0579,0,1,2,1,0,1,0.0,0,1,0,0,0,4016
https://docs.google.com/presentation/d/e/2PACX-1vRYl0Ye9sLrIVp9QZe8A_owrCT4lA7FUlyUSd_v4LdKnB1y2EpSK45fHX3pzEYhJz1RVJ3CarZ3Sp-w/pub?start=false&amp;loop=false&amp;delayms=3000,1,phishtank,google.com,com,175,15,108,43,5.5559,2.9736,0,1,2,2,21,9,0.12,0,1,0,0,0,10537
https://www.dpdlocorl.cyou/com,1,phishtank,dpdlocorl.cyou,cyou,30,18,4,0,3.8314,3.1972,0,1,2,0,0,1,0.0,0,1,0,0,0,68
https://ooma.com/,0,tranco,ooma.com,com,17,8,1,0,3.2928,2.1556,0,0,1,0,0,1,0.0,0,1,0,0,0,8485
https://l.ead.me/bgD38a,1,phishtank,ead.me,me,23,8,7,0,3.969,2.5,0,1,2,0,2,1,0.087,0,1,0,0,0,3928
https://fmbnc-acctservices.web.app/,1,phishtank,web.app,app,35,26,1,0,4.05,3.8253,0,1,2,1,0,1,0.0,0,1,0,1,1,-1
https://truthsocial.com/,0,tranco,truthsocial.com,com,24,15,1,0,3.7202,3.5069,0,0,1,0,0,1,0.0,0,1,0,0,0,5359
https://qrco.de/bga4Id,1,phishtank,qrco.de,de,22,7,7,0,4.0615,2.8074,0,0,1,0,1,1,0.0455,0,1,0,0,0,-1
https://porkbun.com/,0,tranco,porkbun.com,com,20,11,1,0,3.7842,3.2776,0,0,1,0,0,1,0.0,0,1,0,0,0,9706
https://fanmtl.com/,0,tranco,fanmtl.com,com,19,10,1,0,3.6421,3.1219,0,0,1,0,0,1,0.0,0,1,0,0,0,880
https://symantec.com/,0,tranco,symantec.com,com,21,12,1,0,3.6538,3.2516,0,0,1,0,0,1,0.0,0,1,0,0,0,12293
https://presstv.ir/,0,tranco,presstv.ir,ir,19,10,1,0,3.2866,2.9219,0,0,1,0,0,1,0.0,0,1,0,0,0,-1
https://mil.gov.ua/,0,tranco,mil.gov.ua,gov.ua,19,10,1,0,3.7871,3.1219,0,0,2,0,0,1,0.0,0,1,0,0,0,9333
https://authowaexchangeserver.authrevalidation.workers.dev,1,phishtank,workers.dev,dev,58,50,0,0,4.1787,3.9929,0,2,3,0,0,1,0.0,0,1,0,1,1,-1
https://manhuatop.org/,0,tranco,manhuatop.org,org,22,13,1,0,3.6635,3.3927,0,0,1,0,0,1,0.0,0,1,0,0,0,845
https://eurobet.it/,0,tranco,eurobet.it,it,19,10,1,0,3.4714,2.9219,0,0,1,0,0,1,0.0,0,1,0,0,0,9616
https://www.dpdlocaka.shop/com/,1,phishtank,dpdlocaka.shop,shop,31,18,5,0,3.7844,3.3502,0,1,2,0,0,1,0.0,0,1,0,0,0,-1
https://docs.google.com/presentation/d/e/2PACX-1vSBcz49gLkUIdOhst_1NzfK-JZPbtvxFbhhI8dVPv0U7FD3MPb5dw11j0-PDNAqBVID04iG1Ucw97Wh/pub?start=false&amp;loop=false&amp;delayms=3000&amp;slide=id.p/pub?start=false&amp;loop=false&amp;delayms=3000,1,phishtank,google.com,com,238,15,108,106,5.4989,2.9736,0,1,3,3,26,20,0.1092,0,1,0,0,0,10537
https://dzwww.com/,0,tranco,dzwww.com,com,18,9,1,0,3.5305,2.6416,0,0,1,0,0,1,0.0,0,1,0,0,0,9401
https://dnc1qk.csb.app/lasting.htm/,1,phishtank,csb.app,app,35,14,13,0,4.036,3.3788,0,1,3,0,1,1,0.0286,0,1,0,0,0,-1
https://docs.google.com/presentation/d/e/2PACX-1vQOaVzD_kDCuD5l3nwxiciq4iX4jcIVMSPgFrsxjf0G-coQg87cteELcR7zONDGk6PCSIeGh8nq8pTP/pub?start=false&amp;loop=false&amp;delayms=3000,1,phishtank,google.com,com,175,15,108,43,5.6002,2.9736,0,1,2,2,17,9,0.0971,0,1,0,0,0,10537
https://netcetera.com/,0,tranco,netcetera.com,com,22,13,1,0,3.5726,3.027,0,0,1,0,0,1,0.0,0,1,0,0,0,11388
https://thedailystar.net/,0,tranco,thedailystar.net,net,25,16,1,0,3.6693,3.4528,0,0,1,0,0,1,0.0,0,1,0,0,0,8613
https://fitgirl-repacks.site/,0,tranco,fitgirl-repacks.site,site,29,20,1,0,3.8833,3.6842,0,0,1,1,0,1,0.0,0,1,0,0,0,3610
https://bleacherreport.com/,0,tranco,bleacherreport.com,com,27,18,1,0,3.7542,3.4194,0,0,1,0,0,1,0.0,0,1,0,0,0,7672
https://acb.com.vn/,0,tranco,acb.com.vn,com.vn,19,10,1,0,3.6819,2.9219,0,0,2,0,0,1,0.0,0,1,0,0,0,-1
https://cdntip.com/,0,tranco,cdntip.com,com,19,10,1,0,3.5369,3.1219,0,0,1,0,0,1,0.0,0,1,0,0,0,4395
https://hsbc.co.uk/,0,tranco,hsbc.co.uk,co.uk,19,10,1,0,3.4714,2.9219,0,0,2,0,0,1,0.0,0,1,0,0,0,10947
https://googlepages.com/,0,tranco,googlepages.com,com,24,15,1,0,3.6573,3.1396,0,0,1,0,0,1,0.0,0,1,0,0,0,9489
http://www.pcn-noticiq.top/com/,1,phishtank,pcn-noticiq.top,top,31,19,5,0,3.631,3.2608,0,1,2,1,0,1,0.0,0,0,0,0,0,62
https://learnldgerrlogo.wixstudio.com/us-en,1,phishtank,wixstudio.com,com,43,29,6,0,4.2977,3.9094,0,1,2,1,0,1,0.0,0,1,0,0,0,-1
https://7265wfgf.lat/xgruwsge/dRXn8r/OlnbtJ,1,phishtank,7265wfgf.lat,lat,43,12,23,0,4.5806,3.4183,0,0,1,0,5,1,0.1163,0,1,0,0,0,61
https://vk-portal.net/,0,tranco,vk-portal.net,net,22,13,1,0,3.7888,3.5466,0,0,1,1,0,1,0.0,0,1,0,0,0,6949
https://youradchoices.com/,0,tranco,youradchoices.com,com,26,17,1,0,3.921,3.5281,0,0,1,0,0,1,0.0,0,1,0,0,0,5422
https://mangabuddy.com/,0,tranco,mangabuddy.com,com,23,14,1,0,3.969,3.3788,0,0,1,0,0,1,0.0,0,1,0,0,0,2306
https://playvids.com/,0,tranco,playvids.com,com,21,12,1,0,3.8802,3.585,0,0,1,0,0,1,0.0,0,1,0,0,0,8511
https://docs.google.com/presentation/d/19iG8Z_jzwgYr6CHU1FAFUW7NI3HdWiOIb8QvkbwKU2Y/pub?start=false&amp;loop=false&amp;delayms=3000,1,phishtank,google.com,com,131,15,64,43,5.416,2.9736,0,1,2,0,13,9,0.0992,0,1,0,0,0,10537
https://gazprombank.ru/,0,tranco,gazprombank.ru,ru,23,14,1,0,3.969,3.5216,0,0,1,0,0,1,0.0,0,1,0,1,1,10343
https://a2z.eu/,0,tranco,a2z.eu,eu,15,6,1,0,3.4566,2.585,0,0,1,0,1,1,0.0667,0,1,0,0,0,-1
https://sites.google.com/view/procee/p%C3%A1gina-principal,1,phishtank,google.com,com,58,16,34,0,4.3846,3.2028,0,1,2,1,2,3,0.0345,0,1,0,0,0,10537
https://pub-c8dd73afab1d46dbb93a9fce05da4783.r2.dev/index.html,1,phishtank,r2.dev,dev,62,43,11,0,4.7376,4.2108,0,1,3,1,16,1,0.2581,0,1,0,0,0,-1
https://sites.google.com/view/mmmmmmmmmmmm55/home,1,phishtank,google.com,com,49,16,25,0,3.5653,3.2028,0,1,2,0,2,1,0.0408,0,1,0,0,0,10537
https://stubhub.com/,0,tranco,stubhub.com,com,20,11,1,0,3.4464,3.0958,0,0,1,0,0,1,0.0,0,1,0,0,0,9524
https://donasdonegociosicredi.com.br/modules/conta,1,phishtank,donasdonegociosicredi.com.br,com.br,50,28,14,0,4.0704,3.5261,0,0,2,0,0,1,0.0,0,1,0,0,0,1542
https://bradesconlineapp.com,1,phishtank,bradesconlineapp.com,com,28,20,0,0,4.0661,3.7219,0,0,1,0,0,1,0.0,0,1,0,0,0,97
https://l.ead.me/bfNj0L,1,phishtank,ead.me,me,23,8,7,0,4.056,2.5,0,1,2,0,1,1,0.0435,0,1,0,0,0,3928
https://fpo.xxx/,0,tranco,fpo.xxx,xxx,16,7,1,0,3.1556,2.1281,0,0,1,0,0,1,0.0,0,1,0,0,0,3782
https://emailmarketing.locaweb.com.br/accounts/122532/messages/919/openings/37004?envelope_id=840,1,phishtank,locaweb.com.br,com.br,97,29,44,15,4.7917,3.7883,0,1,3,0,17,3,0.1753,0,1,0,1,1,10418
https://mec.gov.br/,0,tranco,mec.gov.br,gov.br,19,10,1,0,3.7871,3.1219,0,0,2,0,0,1,0.0,0,1,0,0,0,11178
https://gtbankingeasyloanquickcredit.weebly.com/,1,phishtank,weebly.com,com,48,39,1,0,4.423,4.1823,0,1,2,0,0,1,0.0,0,1,0,2,1,7420
https://nexcess.net/,0,tranco,nexcess.net,net,20,11,1,0,3.271,2.6635,0,0,1,0,0,1,0.0,0,1,0,0,0,9492
https://new.express.adobe.com/webpage/yjAhebpZIk5qW,1,phishtank,adobe.com,com,51,21,22,0,4.4976,3.5945,0,2,3,0,1,1,0.0196,0,1,0,0,0,14492
https://ibscorp.ru/,0,tranco,ibscorp.ru,ru,19,10,1,0,3.5766,3.1219,0,0,1,0,0,1,0.0,0,1,0,0,0,8864
https://uber.com/,0,tranco,uber.com,com,17,8,1,0,3.6901,3.0,0,0,1,0,0,1,0.0,0,1,0,0,0,11331
https://mylecu.weebly.com/,1,phishtank,weebly.com,com,26,17,1,0,3.8731,3.2195,0,1,2,0,0,1,0.0,0,1,0,0,0,7420
https://www.pcn-noticuo.cyou/com,1,phishtank,pcn-noticuo.cyou,cyou,32,20,4,0,3.8042,3.3087,0,1,2,1,0,1,0.0,0,1,0,0,0,63
https://q-r.to/bfI0li,1,phishtank,q-r.to,to,21,6,7,0,3.9395,2.585,0,0,1,1,1,1,0.0476,0,1,0,0,0,5285
https://bris.ac.uk/,0,tranco,bris.ac.uk,ac.uk,19,10,1,0,3.6819,3.1219,0,0,2,0,0,1,0.0,0,1,0,0,0,10947
https://get-learn.wixstudio.com/start,1,phishtank,wixstudio.com,com,37,23,6,0,4.2089,4.0888,0,1,2,1,0,1,0.0,0,1,0,0,0,-1
https://pub-b9af96a23d224955ba27b556afffe9d9.r2.dev/laka3a2a4gd4ehdfcvg3a.html,1,phishtank,r2.dev,dev,78,43,27,0,4.5142,3.892,0,1,3,1,24,1,0.3077,0,1,0,0,0,-1
https://acc-htxxn-apps.wixstudio.com/us-en,1,phishtank,wixstudio.com,com,42,28,6,0,4.112,3.8963,0,1,2,3,0,1,0.0,0,1,0,0,0,-1
http://pu.ihwlipc.com/best,1,phishtank,ihwlipc.com,com,26,14,5,0,3.8441,3.2359,0,1,2,0,0,1,0.0,0,0,0,0,0,39
https://duba.net/,0,tranco,duba.net,net,17,8,1,0,3.5281,3.0,0,0,1,0,0,1,0.0,0,1,0,0,0,8890
https://estatesync-dev-346221.firebaseapp.com/,1,phishtank,firebaseapp.com,com,46,37,1,0,4.4393,4.3143,0,1,2,2,6,1,0.1304,0,1,0,0,0,5027
https://appstart-gateway.wixstudio.com/us-en,1,phishtank,wixstudio.com,com,44,30,6,0,4.209,3.9736,0,1,2,2,0,1,0.0,0,1,0,0,0,-1
https://l.ead.me/bgZxJs,1,phishtank,ead.me,me,23,8,7,0,3.969,2.5,0,1,2,0,0,1,0.0,0,1,0,0,0,3928
https://zaq.ne.jp/,0,tranco,zaq.ne.jp,ne.jp,18,9,1,0,3.5724,2.9477,0,0,2,0,0,1,0.0,0,1,0,0,0,10197
https://cornell.edu/,0,tranco,cornell.edu,edu,20,11,1,0,3.7842,3.0958,0,0,1,0,0,1,0.0,0,1,0,0,0,14982
https://tinypng.com/,0,tranco,tinypng.com,com,20,11,1,0,3.6464,3.2776,0,0,1,0,0,1,0.0,0,1,0,0,0,5535
https://cat.fr3.eu.criteo.com/delivery/ck.php?cppv=3&cpp=c9if1MllNBcf9MgMfX0eEUvxwsGdTAkf9_76oxi5HHAcP9WsiqwNBnklW7ucRVnVCtZ5HuL86a1z-sOAthtbMLsCcU1mOVryF1oR9WPOz6VJjO7I17RZacNOCqpd_lmgCi6ZYMtbQk_q3PSzK_ZcfSWb8FYKHyoJVRILIDlk7NPg_lEPxKPkrtVapImnnCxSDWKDxjCsVqNIn9EE5xp9WZljLN-VSVxbvhaICD4NzZCN8DqUIcd82WsGimzqAB5QyLaEFb7zDJAL7XBwyV8ewR7Eor1-HGt9pDJLB2J8DU1a7OvpOvxrm-y9IFaa9pTSmYJtVS55plw9mGfLi2YGb3vstwCm5epsNw67uttwjAN6WGTN09NlTFjVpH_j1mOxq8TLa3r8nbhPvxBXNj-gk1nl6Dk4UekUicbFPFE6HHPRrPzIkkufPoDJGRnTrL4-F_5ujuDJxFfYQsRFX3PZPoj94SRB6q5oyahcmg7o6scKyzWoQluC5_r_U0w__eq52aHiP2bNyZhg6uAK5fKq1pde_28laXHqzXAnLN9qVzjmWmcB1etK2HB9naMipGAw83hKEpJm86YPnXcXuCjwGZ4hRmRofx3JRYm50PDz7VqEj7vi_b1V1NaRPU_s9kfW2fyJ3g&maxdest=https://l.ead.me/jscontroller,1,phishtank,criteo.com,com,741,21,16,695,6.0054,3.404,0,3,7,6,104,8,0.1404,0,1,0,1,1,7704
https://aswoplmcbeue.weebly.com/,1,phishtank,weebly.com,com,32,23,1,0,3.9764,3.567,0,1,2,0,0,1,0.0,0,1,0,0,0,7420
https://deutschlandfunkkultur.de/,0,tranco,deutschlandfunkkultur.de,de,33,24,1,0,3.9077,3.6368,0,0,1,0,0,1,0.0,0,1,0,0,0,-1
https://illusionblack.com/,0,tranco,illusionblack.com,com,26,17,1,0,3.9501,3.4548,0,0,1,0,0,1,0.0,0,1,0,0,0,3687
https://rp.mockplus.com/run/nWEbZR5ScS/I1ltMTVqF0/ee_2ZhgtLx?cps=expand&rps=expand&nav=1&ha=0&la=0&fc=1&dt=iphoneX&out=0&rt=1&as=true,1,phishtank,mockplus.com,com,133,15,37,72,5.0336,3.2402,0,1,2,0,10,21,0.0752,0,1,0,0,0,4563
https://new.express.adobe.com/hFj0K38Ouw4nq,1,phishtank,adobe.com,com,43,21,14,0,4.6294,3.5945,0,2,3,0,4,1,0.093,0,1,0,0,0,14492
https://confirmar-bancognb-py.weebly.com/,1,phishtank,weebly.com,com,41,32,1,0,4.3387,3.9681,0,1,2,2,0,1,0.0,0,1,0,1,1,7420
https://oneadtag.com/,0,tranco,oneadtag.com,com,21,12,1,0,3.749,3.2516,0,0,1,0,0,1,0.0,0,1,0,0,0,1125
https://qrco.de/bfInXQ,1,phishtank,qrco.de,de,22,7,7,0,4.1524,2.8074,0,0,1,0,0,1,0.0,0,1,0,0,0,-1
https://zuult.weebly.com/,1,phishtank,weebly.com,com,25,16,1,0,3.9435,3.5,0,1,2,0,0,1,0.0,0,1,0,0,0,7420
https://l.ead.me/bfJaqL,1,phishtank,ead.me,me,23,8,7,0,3.969,2.5,0,1,2,0,0,1,0.0,0,1,0,0,0,3928
https://4rtwebrtr.weebly.com/,1,phishtank,weebly.com,com,29,20,1,0,3.8833,3.4464,0,1,2,0,1,1,0.0345,0,1,0,0,0,7420
https://suntimes.com/,0,tranco,suntimes.com,com,21,12,1,0,3.6178,3.2516,0,0,1,0,0,1,0.0,0,1,0,0,0,11320
https://ecsite059.top,1,phishtank,ecsite059.top,top,21,13,0,0,3.6304,3.3927,0,0,1,0,3,1,0.1429,0,1,0,0,0,24
https://docs.google.com/presentation/d/e/2PACX-1vQmZ1S6BZaFk3FD8Nsk9hkrOdOl_TlwVtHoQckiFQNo-0kD5iIXOFiO4mH-AjcNt0bsx1KvXN7n8X1M/pub?start=false&amp;loop=false&amp;delayms=3000,1,phishtank,google.com,com,175,15,108,43,5.5425,2.9736,0,1,2,3,19,9,0.1086,0,1,0,0,0,10537
https://docs.google.com/presentation/d/e/2PACX-1vTp3a_R9PFJwxp1B8wd-t_PyEKZU8tDe3kNaE-oGVLb-OZzi-0IPlbMTmb9u-2R0OAaNCnW-H1azxoj/pub,1,phishtank,google.com,com,131,15,108,0,5.5654,2.9736,0,1,2,7,13,1,0.0992,0,1,0,0,0,10537
https://princeton.edu/,0,tranco,princeton.edu,edu,22,13,1,0,3.7544,3.3927,0,0,1,0,0,1,0.0,0,1,0,0,0,14355
https://einpresswire.com/,0,tranco,einpresswire.com,com,25,16,1,0,3.7533,3.3278,0,0,1,0,0,1,0.0,0,1,0,0,0,6428
https://uffmaal.com/,0,tranco,uffmaal.com,com,20,11,1,0,3.6842,2.914,0,0,1,0,0,1,0.0,0,1,0,0,0,382
https://docs.google.com/presentation/d/e/2PACX-1vTqZ0HSoK7TD3DbePfmMtiFTC2Wc-nZqwNRhEawakxKJfOPUKnYHQfgSNA9al1ye-rI9U_XLswI-2Kd/pub?start=false&amp;loop=false&amp;delayms=3000,1,phishtank,google.com,com,175,15,108,43,5.6036,2.9736,0,1,2,4,14,9,0.08,0,1,0,0,0,10537
https://uddjdkd.m-pages.com/b9Cu9A/vicess,1,phishtank,m-pages.com,com,41,19,14,0,4.3819,3.6163,0,1,2,1,2,1,0.0488,0,1,0,0,0,2688
https://mihanwebhost.com/,0,tranco,mihanwebhost.com,com,25,16,1,0,3.8333,3.625,0,0,1,0,0,1,0.0,0,1,0,0,0,5935
https://support-metabusiness-centers.pages.dev/,1,phishtank,pages.dev,dev,47,38,1,0,4.0328,3.8656,0,1,2,2,0,1,0.0,0,1,0,1,1,-1
https://dc-msedge.net/,0,tranco,dc-msedge.net,net,22,13,1,0,3.6292,3.1808,0,0,1,1,0,1,0.0,0,1,0,0,0,4520
https://perfdrive.com/,0,tranco,perfdrive.com,com,22,13,1,0,3.8797,3.3927,0,0,1,0,0,1,0.0,0,1,0,0,0,4335
https://docs.zoom.us/doc/SNzm00KcSPaZgbPGek6kuA,1,phishtank,zoom.us,us,47,12,27,0,4.5863,2.8554,0,1,2,0,3,1,0.0638,0,1,0,0,0,8855
https://blossomthemes.com/,0,tranco,blossomthemes.com,com,26,17,1,0,3.5074,3.1307,0,0,1,0,0,1,0.0,0,1,0,0,0,3434
https://poperblocker.com/,0,tranco,poperblocker.com,com,25,16,1,0,3.7533,3.2028,0,0,1,0,0,1,0.0,0,1,0,0,0,4229
https://us4.campaign-archive.com/?u=eabff08b431c9c29fae84f194&id=4d2b45065c,1,phishtank,campaign-archive.com,com,75,24,1,41,4.8634,3.9387,0,1,2,1,21,5,0.28,0,1,0,0,0,7139
https://q-r.to/bgb9xK,1,phishtank,q-r.to,to,21,6,7,0,3.8442,2.585,0,0,1,1,1,1,0.0476,0,1,0,0,0,5285
http://allegrolokalnie.pl-m2.shop,1,phishtank,pl-m2.shop,shop,33,26,0,0,4.0408,3.7633,0,1,2,1,1,1,0.0303,0,0,0,0,0,-1
https://converse.com/,0,tranco,converse.com,com,21,12,1,0,3.6897,3.085,0,0,1,0,0,1,0.0,0,1,0,0,0,11305
https://yunxinfw.com/,0,tranco,yunxinfw.com,com,21,12,1,0,3.9754,3.4183,0,0,1,0,0,1,0.0,0,1,0,0,0,2038
https://shahvani.com/,0,tranco,shahvani.com,com,21,12,1,0,3.6538,3.2516,0,0,1,0,0,1,0.0,0,1,0,0,0,6119
https://www.dpdlocoex.shop/com,1,phishtank,dpdlocoex.shop,shop,30,18,4,0,3.7647,3.3083,0,1,2,0,0,1,0.0,0,1,0,0,0,-1
https://wto.org/,0,tranco,wto.org,org,16,7,1,0,3.2806,2.5216,0,0,1,0,0,1,0.0,0,1,0,0,0,11417
https://cafef.vn/,0,tranco,cafef.vn,vn,17,8,1,0,3.5725,2.75,0,0,1,0,0,1,0.0,0,1,0,0,0,-1
https://bafkreieb45qmpj63wcfpifslpfomk3d3glno3kvjhneer2zr6zlssyp33e.ipfs.dweb.link/,1,phishtank,dweb.link,link,83,74,1,0,4.7422,4.5979,0,2,3,0,11,1,0.1325,0,1,0,0,0,3435
https://l.ead.me/bfJWU5,1,phishtank,ead.me,me,23,8,7,0,4.056,2.5,0,1,2,0,1,1,0.0435,0,1,0,0,0,3928
https://rainews.it/,0,tranco,rainews.it,it,19,10,1,0,3.5369,3.1219,0,0,1,0,0,1,0.0,0,1,0,0,0,9710
https://tianqi.com/,0,tranco,tianqi.com,com,19,10,1,0,3.6421,3.1219,0,0,1,0,0,1,0.0,0,1,0,0,0,8860
https://dealer.com/,0,tranco,dealer.com,com,19,10,1,0,3.7871,3.1219,0,0,1,0,0,1,0.0,0,1,0,0,0,11318
https://l.ead.me/bgbSe5,1,phishtank,ead.me,me,23,8,7,0,3.8492,2.5,0,1,2,0,1,1,0.0435,0,1,0,0,0,3928
https://qservers.net/,0,tranco,qservers.net,net,21,12,1,0,3.3914,2.8554,0,0,1,0,0,1,0.0,0,1,0,0,0,7900
https://mz.de/,0,tranco,mz.de,de,14,5,1,0,3.3249,2.3219,0,0,1,0,0,1,0.0,0,1,0,0,0,-1
https://kaufda.de/,0,tranco,kaufda.de,de,18,9,1,0,3.5724,2.7255,0,0,1,0,0,1,0.0,0,1,0,0,0,-1
https://q-r.to/bgaRHq,1,phishtank,q-r.to,to,21,6,7,0,3.8442,2.585,0,0,1,1,0,1,0.0,0,1,0,0,0,5285
https://orangelogic.com/,0,tranco,orangelogic.com,com,24,15,1,0,3.9387,3.3232,0,0,1,0,0,1,0.0,0,1,0,0,0,10042
https://adjust.net.in/,0,tranco,adjust.net.in,net.in,22,13,1,0,3.6069,3.2389,0,0,2,0,0,1,0.0,0,1,0,0,0,2186
https://qrco.de/bfHe0H,1,phishtank,qrco.de,de,22,7,7,0,3.9706,2.8074,0,0,1,0,1,1,0.0455,0,1,0,0,0,-1
https://beboo.ru/,0,tranco,beboo.ru,ru,17,8,1,0,3.4548,2.5,0,0,1,0,0,1,0.0,0,1,0,0,0,5927
https://ascii.jp/,0,tranco,ascii.jp,jp,17,8,1,0,3.3372,2.75,0,0,1,0,0,1,0.0,0,1,0,0,0,3793
https://qrco.de/bgaEf4,1,phishtank,qrco.de,de,22,7,7,0,4.1524,2.8074,0,0,1,0,1,1,0.0455,0,1,0,0,0,-1
https://codegnan-destination.pages.dev/,1,phishtank,pages.dev,dev,39,30,1,0,3.9259,3.6566,0,1,2,1,0,1,0.0,0,1,0,0,0,-1
https://dzeninfra.ru/,0,tranco,dzeninfra.ru,ru,21,12,1,0,3.8802,3.2516,0,0,1,0,0,1,0.0,0,1,0,0,0,1539
https://thebalance.com/,0,tranco,thebalance.com,com,23,14,1,0,3.7623,3.3788,0,0,1,0,0,1,0.0,0,1,0,0,0,8037
https://bit.ly/4euFsdb,1,phishtank,bit.ly,ly,22,6,8,0,3.8454,2.585,0,0,1,0,1,1,0.0455,0,1,1,0,0,6639
https://trpcdn.net/,0,tranco,trpcdn.net,net,19,10,1,0,3.3661,2.9219,0,0,1,0,0,1,0.0,0,1,0,0,0,3950
https://mercari.com/,0,tranco,mercari.com,com,20,11,1,0,3.6842,2.914,0,0,1,0,0,1,0.0,0,1,0,0,0,8040
https://anl.gov/,0,tranco,anl.gov,gov,16,7,1,0,3.5778,2.8074,0,0,1,0,0,1,0.0,0,1,0,0,0,-1
https://intelbrasp2p.com.br/,0,tranco,intelbrasp2p.com.br,com.br,28,19,1,0,4.0122,3.8269,0,0,2,0,1,1,0.0357,0,1,0,0,0,4424
https://q-r.to/bfN9yT,1,phishtank,q-r.to,to,21,6,7,0,3.9395,2.585,0,0,1,1,1,1,0.0476,0,1,0,0,0,5285
https://bafkreibdnne6p2jjxakzpy7tulwq3y3q5n237grfg7c667cwcqq7uom3li.ipfs.dweb.link/,1,phishtank,dweb.link,link,83,74,1,0,4.9062,4.7614,0,2,3,0,15,1,0.1807,0,1,0,0,0,3435
https://lalamove.com/,0,tranco,lalamove.com,com,21,12,1,0,3.6897,2.9183,0,0,1,0,0,1,0.0,0,1,0,0,0,4296
https://bnnbloomberg.ca/,0,tranco,bnnbloomberg.ca,ca,24,15,1,0,3.9387,3.3232,0,0,1,0,0,1,0.0,0,1,0,0,0,3120
https://bit.ly/42XMZOC,1,phishtank,bit.ly,ly,22,6,8,0,4.0272,2.585,0,0,1,0,2,1,0.0909,0,1,1,0,0,6639
https://bizimhesap.com/,0,tranco,bizimhesap.com,com,23,14,1,0,3.7951,3.5216,0,0,1,0,0,1,0.0,0,1,0,0,0,4530
https://new.express.adobe.com/webpage/LIu5gkx9BYSdt,1,phishtank,adobe.com,com,51,21,22,0,4.564,3.5945,0,2,3,0,2,1,0.0392,0,1,0,0,0,14492
https://meitustat.com/,0,tranco,meitustat.com,com,22,13,1,0,3.5338,3.1808,0,0,1,0,0,1,0.0,0,1,0,0,0,4044
https://docs.google.com/presentation/d/e/2PACX-1vRsASP6rsV4ygrt7kCaDTHMrACckl5BKu5WS6A8kwVcvyf6mWyRQmBbJWIdawtye3kUrGGBsc-5ebfe/pub?start=false&amp;loop=false&amp;delayms=3000,1,phishtank,google.com,com,175,15,108,43,5.4722,2.9736,0,1,2,2,16,9,0.0914,0,1,0,0,0,10537
https://univ-lyon1.fr/,0,tranco,univ-lyon1.fr,fr,22,13,1,0,4.0615,3.5466,0,0,1,1,1,1,0.0455,0,1,0,0,0,11525
https://biahosted.com/,0,tranco,biahosted.com,com,22,13,1,0,3.7544,3.5466,0,0,1,0,0,1,0.0,0,1,0,0,0,4337
https://l.ead.me/bfY0te,1,phishtank,ead.me,me,23,8,7,0,3.8164,2.5,0,1,2,0,1,1,0.0435,0,1,0,0,0,3928
https://miraculous-orca-663548.framer.app/,1,phishtank,framer.app,app,42,33,1,0,4.3564,4.0747,0,1,2,2,6,1,0.1429,0,1,0,0,0,-1
https://bit.ly/4vMiln3,1,phishtank,bit.ly,ly,22,6,8,0,3.8454,2.585,0,0,1,0,2,1,0.0909,0,1,1,0,0,6639
https://grokipedia.com/,0,tranco,grokipedia.com,com,23,14,1,0,3.969,3.5216,0,0,1,0,0,1,0.0,0,1,0,0,0,450
https://ozon.com/,0,tranco,ozon.com,com,17,8,1,0,3.4104,2.4056,0,0,1,0,0,1,0.0,0,1,0,0,0,9289
https://facebook-account.start.page/,1,phishtank,start.page,page,36,27,1,0,4.0067,3.7821,0,1,2,1,0,1,0.0,0,1,0,1,1,-1
https://t.co/v6Due6SMYi,1,phishtank,t.co,co,23,4,11,0,4.0231,2.0,0,0,1,0,2,1,0.087,0,1,1,0,0,5931
https://eurosport.com/,0,tranco,eurosport.com,com,22,13,1,0,3.5383,3.1808,0,0,1,0,0,1,0.0,0,1,0,0,0,10445
https://eaglecu.weebly.com/,1,phishtank,weebly.com,com,27,18,1,0,3.9862,3.3921,0,1,2,0,0,1,0.0,0,1,0,0,0,7420
https://giz.de/,0,tranco,giz.de,de,15,6,1,0,3.4566,2.585,0,0,1,0,0,1,0.0,0,1,0,0,0,-1
https://teams-msedge.net/,0,tranco,teams-msedge.net,net,25,16,1,0,3.5435,3.125,0,0,1,1,0,1,0.0,0,1,0,0,0,2540
https://spd-mgts.ru/,0,tranco,spd-mgts.ru,ru,20,11,1,0,3.5087,3.2776,0,0,1,1,0,1,0.0,0,1,0,0,0,3016
https://proxmox.com/,0,tranco,proxmox.com,com,20,11,1,0,3.4464,2.6635,0,0,1,0,0,1,0.0,0,1,0,0,0,8171
https://angelfire.com/,0,tranco,angelfire.com,com,22,13,1,0,4.0615,3.5466,0,0,1,0,0,1,0.0,0,1,0,0,0,-1
http://synthesizationg.pages.dev/,1,phishtank,pages.dev,dev,33,25,1,0,3.9455,3.7835,0,1,2,0,0,1,0.0,0,0,0,0,0,-1
https://qrco.de/bfN4CG?ts=1,1,phishtank,qrco.de,de,27,7,7,4,4.3286,2.8074,0,0,1,0,2,3,0.0741,0,1,0,0,0,-1
https://allegrolokalnie.ds-produkt428536.sbs/oferta/hulajnoga-kukirin-g4-2026r-na-gwarancji?id=QMLPtU6fWC2PU9sm,1,phishtank,ds-produkt428536.sbs,sbs,111,36,47,19,5.0674,4.3502,0,1,2,6,14,3,0.1261,0,1,0,0,0,39
https://allegro.234890h945.xyz/lokalnie/?id=2w0r6d7j0l6g4t1s9d9k8j2n1k4p4m9r,1,phishtank,234890h945.xyz,xyz,76,22,10,35,4.9406,4.0958,0,1,2,0,25,3,0.3289,0,1,0,0,0,23
https://hiwaifu.com/,0,tranco,hiwaifu.com,com,20,11,1,0,3.7842,3.2776,0,0,1,0,0,1,0.0,0,1,0,0,0,1223
https://botecodomanolo.blogspot.com/,1,phishtank,blogspot.com,com,36,27,1,0,3.7601,3.4216,0,1,2,0,0,1,0.0,0,1,0,0,0,9486
https://worthpoint.com/,0,tranco,worthpoint.com,com,23,14,1,0,3.5884,3.3249,0,0,1,0,0,1,0.0,0,1,0,0,0,7133
https://supergamesky.com/,0,tranco,supergamesky.com,com,25,16,1,0,3.9435,3.625,0,0,1,0,0,1,0.0,0,1,0,0,0,1911
https://resumekeeper.com/u/mxfnplhion,1,phishtank,resumekeeper.com,com,37,16,13,0,4.0441,3.0244,0,0,1,0,0,1,0.0,0,1,0,0,0,-1
https://dreamstime.com/,0,tranco,dreamstime.com,com,23,14,1,0,3.7294,3.3249,0,0,1,0,0,1,0.0,0,1,0,0,0,9536
https://ddroid509h.web.app/,1,phishtank,web.app,app,27,18,1,0,4.0043,3.6835,0,1,2,0,3,1,0.1111,0,1,0,0,0,-1
https://litgorod.ru/,0,tranco,litgorod.ru,ru,20,11,1,0,3.6464,3.0958,0,0,1,0,0,1,0.0,0,1,0,0,0,1594
https://colibriwp.com/,0,tranco,colibriwp.com,com,22,13,1,0,3.7888,3.2389,0,0,1,0,0,1,0.0,0,1,0,0,0,2989
https://pilatesreforma.cl/index.html,1,phishtank,pilatesreforma.cl,cl,36,17,11,0,4.107,3.6169,0,0,2,0,0,1,0.0,0,1,0,0,0,5161
https://a-msedge.net/,0,tranco,a-msedge.net,net,21,12,1,0,3.6178,3.1887,0,0,1,1,0,1,0.0,0,1,0,0,0,4520
https://mediadelivery.net/,0,tranco,mediadelivery.net,net,26,17,1,0,3.8731,3.3816,0,0,1,0,0,1,0.0,0,1,0,1,1,1982
https://urbandictionary.com/,0,tranco,urbandictionary.com,com,28,19,1,0,4.0391,3.6163,0,0,1,0,0,1,0.0,0,1,0,0,0,9046
https://heapanalytics.com/,0,tranco,heapanalytics.com,com,26,17,1,0,3.8441,3.6901,0,0,1,0,0,1,0.0,0,1,0,0,0,5060
https://nrich.ai/,0,tranco,nrich.ai,ai,17,8,1,0,3.4548,2.75,0,0,1,0,0,1,0.0,0,1,0,0,0,3140
https://rdcu.be/,0,tranco,rdcu.be,be,16,7,1,0,3.5778,2.8074,0,0,1,0,0,1,0.0,0,1,0,0,0,5101
https://creativetrnd.wixstudio.com/mathieu-arsenault/qui-est-mathieu-arsenault,1,phishtank,wixstudio.com,com,78,26,44,0,4.1903,3.8731,0,1,2,4,0,1,0.0,0,1,0,0,0,-1
https://mmechocaptiveportal.com/,0,tranco,mmechocaptiveportal.com,com,32,23,1,0,3.8195,3.5555,0,0,1,0,0,1,0.0,0,1,0,0,0,1847
https://case100985610961296312610.firebaseapp.com/,1,phishtank,firebaseapp.com,com,50,41,1,0,4.3611,4.0923,0,1,2,0,21,1,0.42,0,1,0,0,0,5027
https://awsdns-63.co.uk/,0,tranco,awsdns-63.co.uk,co.uk,24,15,1,0,4.0221,3.6402,0,0,2,1,2,1,0.0833,0,1,0,0,0,5753
https://danawa.com/,0,tranco,danawa.com,com,19,10,1,0,3.6421,2.8464,0,0,1,0,0,1,0.0,0,1,0,0,0,8650
https://courthousenews.com/,0,tranco,courthousenews.com,com,27,18,1,0,3.7542,3.4613,0,0,1,0,0,1,0.0,0,1,0,0,0,10683
https://sony.com/,0,tranco,sony.com,com,17,8,1,0,3.4548,2.75,0,0,1,0,0,1,0.0,0,1,0,0,0,13529
https://start.browser.lol/,1,phishtank,browser.lol,lol,26,17,1,0,3.6133,3.2195,0,1,2,0,0,1,0.0,0,1,0,0,0,1291
https://sjbzbzx.com/?type=verify&amp;key=nlvcfwjqtd,1,phishtank,sjbzbzx.com,com,51,11,1,30,4.7897,3.0958,0,0,1,0,0,6,0.0,0,1,0,1,1,-1
https://l.ead.me/bgbKHH,1,phishtank,ead.me,me,23,8,7,0,3.882,2.5,0,1,2,0,0,1,0.0,0,1,0,0,0,3928
https://pub-45f4523b469c4ea18afe1c70ebaabeda.r2.dev/index.html,1,phishtank,r2.dev,dev,62,43,11,0,4.7261,4.1886,0,1,3,1,16,1,0.2581,0,1,0,0,0,-1
https://rttv.ru/,0,tranco,rttv.ru,ru,16,7,1,0,3.0778,2.2359,0,0,1,0,0,1,0.0,0,1,0,0,0,7740
https://notificationbyfacebook.firebaseapp.com/,1,phishtank,firebaseapp.com,com,47,38,1,0,4.0623,3.8103,0,1,2,0,0,1,0.0,0,1,0,0,0,5027
https://getrockerbox.com/,0,tranco,getrockerbox.com,com,25,16,1,0,3.8333,3.3278,0,0,1,0,0,1,0.0,0,1,0,0,0,4873
https://us5.campaign-archive.com/?u=b76182b8adaebb48c7e7d7156&id=bd50cbf2b6,1,phishtank,campaign-archive.com,com,75,24,1,41,4.7968,3.9387,0,1,2,1,19,5,0.2533,0,1,0,0,0,7139
http://allegrolokalne.pl-79304912.click,1,phishtank,pl-79304912.click,click,39,32,0,0,4.3749,4.0778,0,1,2,1,8,1,0.2051,0,0,0,0,0,15
https://recreation.gov/,0,tranco,recreation.gov,gov,23,14,1,0,3.8492,3.3788,0,0,1,0,0,1,0.0,0,1,0,0,0,10387
https://large-bookings-170634.framer.app/,1,phishtank,framer.app,app,41,32,1,0,4.5522,4.3278,0,1,2,2,6,1,0.1463,0,1,0,0,0,-1
https://docs.google.com/presentation/d/e/2PACX-1vTUoxeKjTdNT1OL0y0I-30gBsHzd89b8rvG2HGD7kxRQt-5m84U53DZ7g2i2aMJcYEC4IqsOL2Z83Fi/pub?start=false&amp;loop=false&amp;delayms=3000,1,phishtank,google.com,com,175,15,108,43,5.658,2.9736,0,1,2,3,28,9,0.16,0,1,0,0,0,10537
https://qatarairways.com/,0,tranco,qatarairways.com,com,25,16,1,0,3.7835,3.375,0,0,1,0,0,1,0.0,0,1,0,0,0,10653
https://docs.google.com/presentation/d/e/2PACX-1vQ6okRxc1FT3nq6gCfHTc8Grd48lPlNNX6zaGvavjUQL4XXLlQdvkrAcHEATcqol9JG1rqtYl0oxGhk/pub?start=false&amp;loop=false&amp;delayms=3000,1,phishtank,google.com,com,175,15,108,43,5.4734,2.9736,0,1,2,1,18,9,0.1029,0,1,0,0,0,10537
https://ntc.net.np/,0,tranco,ntc.net.np,net.np,19,10,1,0,3.1158,2.4464,0,0,2,0,0,1,0.0,0,1,0,0,0,-1
https://kaptcha.com/,0,tranco,kaptcha.com,com,20,11,1,0,3.4464,3.0958,0,0,1,0,0,1,0.0,0,1,0,0,0,7253
https://i993.com/,0,tranco,i993.com,com,17,8,1,0,3.5725,2.75,0,0,1,0,3,1,0.1765,0,1,0,0,0,3746
https://rb.gy/dmwvhz,1,phishtank,rb.gy,gy,20,5,7,0,3.8842,2.3219,0,0,1,0,0,1,0.0,0,1,1,0,0,2500
https://net22.cc/,0,tranco,net22.cc,cc,17,8,1,0,3.2928,2.5,0,0,1,0,2,1,0.1176,0,1,0,0,0,168
https://rss.com/,0,tranco,rss.com,com,16,7,1,0,3.2806,2.5216,0,0,1,0,0,1,0.0,0,1,0,0,0,10654
https://09636.weebly.com/,1,phishtank,weebly.com,com,25,16,1,0,4.1337,3.625,0,1,2,0,5,1,0.2,0,1,0,0,0,7420
https://fourmilab.ch/,0,tranco,fourmilab.ch,ch,21,12,1,0,3.9754,3.585,0,0,1,0,0,1,0.0,0,1,0,0,0,-1
https://www.ext-345064.pro/,1,phishtank,ext-345064.pro,pro,27,18,1,0,4.0043,3.6835,0,1,2,1,6,1,0.2222,0,1,0,0,0,-1
https://www.ctt-transit.com/home_1/,1,phishtank,ctt-transit.com,com,35,19,8,0,3.9789,3.3661,0,1,2,1,1,1,0.0286,0,1,0,0,0,-1
https://managed-vps.net/,0,tranco,managed-vps.net,net,24,15,1,0,3.7721,3.5069,0,0,1,1,0,1,0.0,0,1,0,0,0,2410
https://simon.com/,0,tranco,simon.com,com,18,9,1,0,3.4613,2.7255,0,0,1,0,0,1,0.0,0,1,0,0,0,10562
https://newyorkfed.org/,0,tranco,newyorkfed.org,org,23,14,1,0,3.969,3.3788,0,0,1,0,0,1,0.0,0,1,0,0,0,9766
https://bustle.com/,0,tranco,bustle.com,com,19,10,1,0,3.6421,3.3219,0,0,1,0,0,1,0.0,0,1,0,0,0,8688
https://xn--69-6tia3cb.com/,0,tranco,xn--69-6tia3cb.com,com,27,18,1,0,4.0784,3.6835,0,0,1,3,4,1,0.1481,0,1,0,0,0,115
https://icc-cricket.com/,0,tranco,icc-cricket.com,com,24,15,1,0,3.6217,2.9996,0,0,1,1,0,1,0.0,0,1,0,0,0,9226
https://onelink.me/,0,tranco,onelink.me,me,19,10,1,0,3.6819,2.9219,0,0,1,0,0,1,0.0,0,1,0,0,0,4255
https://new.express.adobe.com/webpage/Y6JO502KnkyB4,1,phishtank,adobe.com,com,51,21,22,0,4.6965,3.5945,0,2,3,0,5,1,0.098,0,1,0,0,0,14492
https://google.co.tz/,0,tranco,google.co.tz,co.tz,21,12,1,0,3.5226,2.8554,0,0,2,0,0,1,0.0,0,1,0,0,0,-1
https://laposte.net/,0,tranco,laposte.net,net,20,11,1,0,3.3842,3.0958,0,0,1,0,0,1,0.0,0,1,0,0,0,11005
https://rax3ri.lat/c7uup3ox/TFGIhF/n4mEoo,1,phishtank,rax3ri.lat,lat,41,10,23,0,4.4522,2.9219,0,0,1,0,4,1,0.0976,0,1,0,0,0,98
https://q-r.to/bfKKfY,1,phishtank,q-r.to,to,21,6,7,0,3.749,2.585,0,0,1,1,0,1,0.0,0,1,0,0,0,5285
https://mysecurelink-attmail.pory.app/,1,phishtank,pory.app,app,38,29,1,0,4.1556,3.9783,0,1,2,1,0,1,0.0,0,1,0,1,1,-1
https://docs.google.com/drawings/d/1HtIztag4Q0Bw0h2PyGO8y6v7XAWx4V8QoupwuqsSZf0/edit,1,phishtank,google.com,com,84,15,61,0,5.2466,2.9736,0,1,2,0,11,1,0.131,0,1,0,0,0,10537
https://ko1rfu.lat/o/3ui2o/1771403167516#selectedbank9,1,phishtank,ko1rfu.lat,lat,54,10,22,0,4.6533,3.3219,0,0,1,0,17,2,0.3148,0,1,0,1,1,55
https://docs.google.com/presentation/d/e/2PACX-1vTJ4zK0uTWTswvpcLJ0x-DVfozEAdbqtaebMo2CUvo-6on0t1Z5qq5xVHUfOzO_KXt5om25CQfxeQ6J/pub?start=false&amp;loop=false&amp;delayms=3000,1,phishtank,google.com,com,175,15,108,43,5.4767,2.9736,0,1,2,3,19,9,0.1086,0,1,0,0,0,10537
https://docs.google.com/drawings/d/1FqwlzR1CAQO1m4fHWP_Gitu-yl4ZC0DZBnh6GY7Hsk0/edit,1,phishtank,google.com,com,84,15,61,0,5.2908,2.9736,0,1,2,1,9,1,0.1071,0,1,0,0,0,10537
https://legalzoom.com/,0,tranco,legalzoom.com,com,22,13,1,0,3.7544,3.027,0,0,1,0,0,1,0.0,0,1,0,0,0,9902
https://redis.io/,0,tranco,redis.io,io,17,8,1,0,3.4548,2.75,0,0,1,0,0,1,0.0,0,1,0,0,0,5898
https://trahkino.me/,0,tranco,trahkino.me,me,20,11,1,0,3.7464,3.4594,0,0,1,0,0,1,0.0,0,1,0,0,0,2132
https://star4live.com/,0,tranco,star4live.com,com,22,13,1,0,3.9363,3.7004,0,0,1,0,1,1,0.0455,0,1,0,0,0,3617
https://yodobashi.com/,0,tranco,yodobashi.com,com,22,13,1,0,3.7544,3.3347,0,0,1,0,0,1,0.0,0,1,0,0,0,9745
https://mindbox.ru/,0,tranco,mindbox.ru,ru,19,10,1,0,3.8924,3.3219,0,0,1,0,0,1,0.0,0,1,0,0,0,6303
https://global-e.com/,0,tranco,global-e.com,com,21,12,1,0,3.8802,3.2516,0,0,1,1,0,1,0.0,0,1,0,0,0,6840
https://q-r.to/bfGbmX,1,phishtank,q-r.to,to,21,6,7,0,3.8442,2.585,0,0,1,1,0,1,0.0,0,1,0,0,0,5285
https://authenticationc1.weebly.com/,1,phishtank,weebly.com,com,36,27,1,0,4.1179,3.8562,0,1,2,0,1,1,0.0278,0,1,0,1,1,7420
https://bncrcrc.cc/cr,1,phishtank,bncrcrc.cc,cc,21,10,3,0,3.1057,1.961,0,0,1,0,0,1,0.0,0,1,0,0,0,41
https://docs.google.com/presentation/d/e/2PACX-1vQyzYf8xcSryo2LHaSHlq_B7BtP6Ujzbt2a7q9QAMyiX3P324q4Kq5f65evmPL_r5vSKrQdkXd5b6UC/pub?start=false&amp;loop=false&amp;delayms=3000,1,phishtank,google.com,com,175,15,108,43,5.5356,2.9736,0,1,2,1,24,9,0.1371,0,1,0,0,0,10537
https://l.ead.me/bfSNi9,1,phishtank,ead.me,me,23,8,7,0,4.056,2.5,0,1,2,0,1,1,0.0435,0,1,0,0,0,3928
https://roundcubeinstemresin.weebly.com/,1,phishtank,weebly.com,com,40,31,1,0,4.1562,3.8457,0,1,2,0,0,1,0.0,0,1,0,0,0,7420
https://docs.google.com/presentation/d/e/2PACX-1vRxElo2kQLIVrIBmLF3VJ-kjO-V8a4y8jFigJGDRbdhwdCzcQlJUyfYBRWBW4fWDES5fp9ZL_BeP2a_/pub?start=false&loop=false&delayms=3000,1,phishtank,google.com,com,167,15,108,35,5.6501,2.9736,0,1,2,3,15,7,0.0898,0,1,0,0,0,10537
https://2fp3nr.share-eu1.hsforms.com/2St4L39SvTpaPU-t1851dPQ,1,phishtank,hsforms.com,com,60,28,24,0,4.8314,3.9408,0,2,3,2,11,1,0.1833,0,1,0,0,0,4690
https://q-r.to/bfdqZo,1,phishtank,q-r.to,to,21,6,7,0,3.749,2.585,0,0,1,1,0,1,0.0,0,1,0,0,0,5285
https://pbbl.co/,0,tranco,pbbl.co,co,16,7,1,0,3.3278,2.5216,0,0,1,0,0,1,0.0,0,1,0,0,0,4288
https://urxecc.webwave.dev/,1,phishtank,webwave.dev,dev,27,18,1,0,3.9121,3.281,0,1,2,0,0,1,0.0,0,1,0,0,0,-1
http://allegrolokalnie.oferta92776780.lat/,1,phishtank,oferta92776780.lat,lat,42,34,1,0,4.1869,3.9147,0,1,2,0,8,1,0.1905,0,0,0,0,0,51
https://qrco.de/bfHJks,1,phishtank,qrco.de,de,22,7,7,0,4.0615,2.8074,0,0,1,0,0,1,0.0,0,1,0,0,0,-1
http://allegrolokalnie.lokalna-ofeta772.sbs/oferta/playstation-5-digital-edition-1tb---2-pady---zestaw-z-pude%C5%82kiem/405968757,1,phishtank,lokalna-ofeta772.sbs,sbs,129,36,86,0,4.6934,3.7845,0,1,2,14,18,3,0.1395,0,0,0,0,0,44
https://web.tegune.top,1,phishtank,tegune.top,top,22,14,0,0,3.6069,3.182,0,1,2,0,0,1,0.0,0,1,0,0,0,70
https://btinternetertytu-107698.weeblysite.com/,1,phishtank,weeblysite.com,com,47,38,1,0,4.3149,4.1158,0,1,2,1,6,1,0.1277,0,1,0,0,0,4963
https://axos-onlinebanking-eight.vercel.app/,1,phishtank,vercel.app,app,44,35,1,0,4.2373,4.0576,0,1,2,2,0,1,0.0,0,1,0,2,1,-1
https://sites.google.com/view/ttwntin1/,1,phishtank,google.com,com,39,16,15,0,3.8972,3.2028,0,1,2,0,1,1,0.0256,0,1,0,0,0,10537
https://novavexis.com/,0,tranco,novavexis.com,com,22,13,1,0,3.8797,3.3927,0,0,1,0,0,1,0.0,0,1,0,0,0,483
https://bio.link/,0,tranco,bio.link,link,17,8,1,0,3.5725,2.75,0,0,1,0,0,1,0.0,0,1,0,0,0,3281
https://l.ead.me/bfIDcD,1,phishtank,ead.me,me,23,8,7,0,3.969,2.5,0,1,2,0,0,1,0.0,0,1,0,0,0,3928
https://docs.google.com/presentation/d/e/2PACX-1vRlJ52gzpLtEqUtCDowKxh1Ml7YIH8rfayPRAge_2uAJWa_V4L-SYByk9DM7_JhXhzhbL1Rx1W1p5pz/pub?start=false&amp;loop=false&amp;delayms=3000&amp;slide=id.p,1,phishtank,google.com,com,190,15,108,58,5.574,2.9736,0,1,3,2,19,12,0.1,0,1,0,0,0,10537
https://chameleon.io/,0,tranco,chameleon.io,io,21,12,1,0,3.7849,3.2516,0,0,1,0,0,1,0.0,0,1,0,0,0,-1
https://themegrill.com/,0,tranco,themegrill.com,com,23,14,1,0,3.7623,3.3788,0,0,1,0,0,1,0.0,0,1,0,0,0,4628
https://ejusdemfarin.web.app/,1,phishtank,web.app,app,29,20,1,0,4.0902,3.7842,0,1,2,0,0,1,0.0,0,1,0,0,0,-1
https://sproutgigs.com/,0,tranco,sproutgigs.com,com,23,14,1,0,3.6425,3.3788,0,0,1,0,0,1,0.0,0,1,0,0,0,2377
https://livescore.com/,0,tranco,livescore.com,com,22,13,1,0,3.7888,3.2389,0,0,1,0,0,1,0.0,0,1,0,0,0,10234
https://netcraft.com/,0,tranco,netcraft.com,com,21,12,1,0,3.6897,3.2516,0,0,1,0,0,1,0.0,0,1,0,0,0,11600
http://allegrolokalnie.pl-oferta2960379.click,1,phishtank,pl-oferta2960379.click,click,45,38,0,0,4.369,4.1486,0,1,2,1,7,1,0.1556,0,0,0,0,0,110
https://journaldemontreal.com/,0,tranco,journaldemontreal.com,com,30,21,1,0,4.0314,3.5945,0,0,1,0,0,1,0.0,0,1,0,0,0,10765
https://l.wl.co/l?u=https://l.ead.me/bfKASoCmoasdweighrepbv,1,phishtank,wl.co,co,59,7,2,41,4.5516,2.2359,0,1,4,0,0,4,0.0,0,1,0,0,0,5931
https://nekenearsten.firebaseapp.com/,1,phishtank,firebaseapp.com,com,37,28,1,0,3.9111,3.6281,0,1,2,0,0,1,0.0,0,1,0,0,0,5027
https://qrco.de/bfdQEy,1,phishtank,qrco.de,de,22,7,7,0,4.0615,2.8074,0,0,1,0,0,1,0.0,0,1,0,0,0,-1
https://q-r.to/bfYSuW,1,phishtank,q-r.to,to,21,6,7,0,3.9395,2.585,0,0,1,1,0,1,0.0,0,1,0,0,0,5285
https://dot.gov/,0,tranco,dot.gov,gov,16,7,1,0,3.2806,2.5216,0,0,1,0,0,1,0.0,0,1,0,0,0,10520
https://bit.ly/3zZM2Je,1,phishtank,bit.ly,ly,22,6,8,0,4.0272,2.585,0,0,1,0,2,1,0.0909,0,1,1,0,0,6639
https://secb2b.com/,0,tranco,secb2b.com,com,19,10,1,0,3.5766,2.9219,0,0,1,0,1,1,0.0526,0,1,0,0,0,5010
https://bit.ly/4bH4aVc,1,phishtank,bit.ly,ly,22,6,8,0,3.8454,2.585,0,0,1,0,2,1,0.0909,0,1,1,0,0,6639
https://trt.com.tr/,0,tranco,trt.com.tr,com.tr,19,10,1,0,3.1761,2.4464,0,0,2,0,0,1,0.0,0,1,0,0,0,9254
https://leeds.ac.uk/,0,tranco,leeds.ac.uk,ac.uk,20,11,1,0,3.6842,3.0958,0,0,2,0,0,1,0.0,0,1,0,0,0,10947
https://eng-ldgrlive-support.wixstudio.com/en-us,1,phishtank,wixstudio.com,com,48,34,6,0,4.3082,4.1607,0,1,2,3,0,1,0.0,0,1,0,1,1,-1
https://www.patylitem.com/o-cqcw-e81-4eb29d3315334e1184abb70613399c68,1,phishtank,patylitem.com,com,69,17,44,0,4.6643,3.4548,0,1,2,3,26,1,0.3768,0,1,0,0,0,1706
https://new.express.adobe.com/webpage/zW7j1C6ULgGcr,1,phishtank,adobe.com,com,51,21,22,0,4.618,3.5945,0,2,3,0,3,1,0.0588,0,1,0,0,0,14492
http://tokenpocket-pro.web.app,1,phishtank,web.app,app,30,23,0,0,3.7362,3.5014,0,1,2,1,0,1,0.0,0,0,0,1,1,-1
https://bellservice8778767.weebly.com/,1,phishtank,weebly.com,com,38,29,1,0,4.1658,3.742,0,1,2,0,7,1,0.1842,0,1,0,1,1,7420
https://newofferxfinitymailuser.weebly.com/,1,phishtank,weebly.com,com,43,34,1,0,4.2954,3.9957,0,1,2,0,0,1,0.0,0,1,0,0,0,7420
https://mitid.dk/,0,tranco,mitid.dk,dk,17,8,1,0,3.2928,2.5,0,0,1,0,0,1,0.0,0,1,0,0,0,6993
https://cz-100499.square.site/,1,phishtank,square.site,site,30,21,1,0,4.1647,3.9161,0,1,2,1,6,1,0.2,0,1,0,0,0,2724
http://allegro-lokalnie.987234hg23.surf,1,phishtank,987234hg23.surf,surf,39,32,0,0,4.5162,4.25,0,1,2,1,8,1,0.2051,0,0,0,0,0,16
https://docs.google.com/drawings/d/1lQMXObZdvC9km1OZ5Nhpwq6FmYh79zeRxgP0FyU1G30/edit,1,phishtank,google.com,com,84,15,61,0,5.2775,2.9736,0,1,2,0,11,1,0.131,0,1,0,0,0,10537
https://antgain.app/,0,tranco,antgain.app,app,20,11,1,0,3.271,2.6635,0,0,1,0,0,1,0.0,0,1,0,0,0,-1
https://g4media.ro/,0,tranco,g4media.ro,ro,19,10,1,0,3.8924,3.3219,0,0,1,0,1,1,0.0526,0,1,0,0,0,3109
https://olxtoto.io/,0,tranco,olxtoto.io,io,19,10,1,0,3.1556,2.3219,0,0,1,0,0,1,0.0,0,1,0,0,0,641
https://viamichelin.com/,0,tranco,viamichelin.com,com,24,15,1,0,3.8554,3.3232,0,0,1,0,0,1,0.0,0,1,0,0,0,9387
https://workupjob.com/,0,tranco,workupjob.com,com,22,13,1,0,3.8454,3.3347,0,0,1,0,0,1,0.0,0,1,0,0,0,2227
https://sham-git-main-sharedocu-statements-projects-e1565c5e.vercel.app/?rQQIARAA02I20jOwUklLSU4zNzY217U0SkrTNUk2N9C1tLCw0E1NNDI2STJLS0sySCkS4hL4USJza9FVcZ-NXmzx5-02J61idMgoKSkottLXz87MzUgsKqosLklNzC3PL8ouLkhMTtXLrUzOyUzOTivNy0vNKdZLzs_VL05NLi1KTclPLs1NzSvZwch4gZHxFhO_v2NpSYYRiMgvyqxK_cTEWliaWlQ5i5nVEOgI01XMKgYQYKwLIiFEMowFA5uY2YB25Obn7WJWMQU6O9nY2EA3LSnVVNfECOg_C0vDZN3UNFNji0R,1,phishtank,vercel.app,app,380,63,1,307,5.8169,4.2097,0,1,2,8,56,2,0.1474,0,1,0,0,0,-1
https://icloud-imagens.com/expire/?5,1,phishtank,icloud-imagens.com,com,36,18,8,1,4.3502,3.7255,0,0,1,1,1,2,0.0278,0,1,0,1,1,353
https://q-r.to/bfJZ38,1,phishtank,q-r.to,to,21,6,7,0,3.9395,2.585,0,0,1,1,2,1,0.0952,0,1,0,0,0,5285
https://paadars.com/,0,tranco,paadars.com,com,20,11,1,0,3.5464,3.0272,0,0,1,0,0,1,0.0,0,1,0,0,0,-1
https://manhwa-online.com/,0,tranco,manhwa-online.com,com,26,17,1,0,3.9501,3.4548,0,0,1,1,0,1,0.0,0,1,0,0,0,1128
https://the-ans.jp/,0,tranco,the-ans.jp,jp,19,10,1,0,3.4316,3.3219,0,0,1,1,0,1,0.0,0,1,0,0,0,3772
https://comcast.net/,0,tranco,comcast.net,net,20,11,1,0,3.4842,3.0958,0,0,1,0,0,1,0.0,0,1,0,0,0,10527
https://app.jotform.com/251244386709866,1,phishtank,jotform.com,com,39,15,16,0,4.4194,3.1899,0,1,2,0,15,1,0.3846,0,1,0,0,0,7559
https://office.net/,0,tranco,office.net,net,19,10,1,0,3.5369,2.9219,0,0,1,0,0,1,0.0,0,1,0,0,0,11573
https://q-r.to/bfJYTQ,1,phishtank,q-r.to,to,21,6,7,0,3.9395,2.585,0,0,1,1,0,1,0.0,0,1,0,0,0,5285
https://xhopen.com/,0,tranco,xhopen.com,com,19,10,1,0,3.5766,3.1219,0,0,1,0,0,1,0.0,0,1,0,0,0,2184
https://olxmbg.com/,0,tranco,olxmbg.com,com,19,10,1,0,3.6819,2.9219,0,0,1,0,0,1,0.0,0,1,0,0,0,73
https://tts-supercool-site-280b42.webflow.io/,1,phishtank,webflow.io,io,45,36,1,0,4.2502,4.086,0,1,2,3,5,1,0.1111,0,1,0,0,0,4823
https://postimg.org/,0,tranco,postimg.org,org,20,11,1,0,3.4464,3.0958,0,0,1,0,0,1,0.0,0,1,0,0,0,-1
https://findmykids.org/,0,tranco,findmykids.org,org,23,14,1,0,3.969,3.5216,0,0,1,0,0,1,0.0,0,1,0,0,0,4067
https://youradchoices.ca/,0,tranco,youradchoices.ca,ca,25,16,1,0,3.8635,3.4528,0,0,1,0,0,1,0.0,0,1,0,0,0,5052
https://managewebappajnbsdafa.fdhw465uergdfjredf.com/?yyy,1,phishtank,fdhw465uergdfjredf.com,com,57,44,1,3,4.5035,4.1524,0,1,2,0,3,2,0.0526,0,1,0,0,0,10
https://www.thevinylspectrum.com/irss/not@email,1,phishtank,thevinylspectrum.com,com,47,24,15,0,4.2221,3.9702,0,1,2,0,0,2,0.0,1,1,0,0,0,4261
https://go-doc.ru/include/pages/wp/all1.html,1,phishtank,go-doc.ru,ru,44,9,27,0,4.2544,2.9477,0,0,2,1,1,1,0.0227,0,1,0,0,0,2141
https://eventbrite.com/,0,tranco,eventbrite.com,com,23,14,1,0,3.7623,3.3249,0,0,1,0,0,1,0.0,0,1,0,0,0,7482
https://metmskluginn-auth.gitbook.io/us,1,phishtank,gitbook.io,io,39,28,3,0,4.0704,3.8693,0,1,2,1,0,1,0.0,0,1,0,1,1,4497
https://docs.google.com/presentation/d/e/2PACX-1vRN_VcV0EQVcSeNG0SyIDybliQ89GyOBVyWf3NIY0T0oBbOVB5r3pSkVo-Wn0ZJrlM9lzBtLXoz1vQY/pub?start=false&loop=false&delayms=3000&slide=id.p%3E,1,phishtank,google.com,com,181,15,108,49,5.5249,2.9736,0,1,3,2,19,10,0.105,0,1,0,0,0,10537
https://docs.google.com/presentation/d/e/2PACX-1vQFgrJrR4ssBrPe7otsUk0UHqEo9kcNMGiUZaqX5PnS5U4Udu3J73fs5n7CDJHp71YMYf6t0InZ7mfa/pub?start=false&amp;loop=false&amp;delayms=3000,1,phishtank,google.com,com,175,15,108,43,5.4708,2.9736,0,1,2,1,23,9,0.1314,0,1,0,0,0,10537
https://tribelio.page/confirmbusinesspage?/your-account,1,phishtank,tribelio.page,page,55,13,20,13,4.3172,3.3927,0,0,1,1,0,2,0.0,0,1,0,2,1,-1
https://sky1x.com/,0,tranco,sky1x.com,com,18,9,1,0,3.6835,3.1699,0,0,1,0,1,1,0.0556,0,1,0,0,0,526
https://anulsocg-gmps.duckdns.org/,1,phishtank,duckdns.org,org,34,25,1,0,4.1019,3.7835,0,1,2,1,0,1,0.0,0,1,0,0,0,4848
https://ohjackie.nl/,1,phishtank,ohjackie.nl,nl,20,11,1,0,3.8842,3.4594,0,0,1,0,0,1,0.0,0,1,0,0,0,237
https://chordify.net/,0,tranco,chordify.net,net,21,12,1,0,3.8442,3.585,0,0,1,0,0,1,0.0,0,1,0,0,0,5417
https://qr-codes.io/0a4n1G,1,phishtank,qr-codes.io,io,26,11,7,0,4.2868,3.2776,0,0,1,1,3,1,0.1154,0,1,0,0,0,2115
https://google.sc/,0,tranco,google.sc,sc,18,9,1,0,3.4613,2.7255,0,0,1,0,0,1,0.0,0,1,0,0,0,8204
https://xxxhindi.to/,0,tranco,xxxhindi.to,to,20,11,1,0,3.4087,2.8454,0,0,1,0,0,1,0.0,0,1,0,0,0,885
https://moviepilot.de/,0,tranco,moviepilot.de,de,22,13,1,0,3.6635,3.2389,0,0,1,0,0,1,0.0,0,1,0,0,0,-1
https://downdetector.com/,0,tranco,downdetector.com,com,25,16,1,0,3.7035,3.2028,0,0,1,0,0,1,0.0,0,1,0,0,0,4901
https://eventbrite.co.uk/,0,tranco,eventbrite.co.uk,co.uk,25,16,1,0,3.8635,3.4528,0,0,2,0,0,1,0.0,0,1,0,0,0,7202
https://ppt.cc/f5xcIx,1,phishtank,ppt.cc,cc,21,6,7,0,3.3914,1.9183,0,0,1,0,1,1,0.0476,0,1,0,0,0,6687
https://homeadvisor.com/,0,tranco,homeadvisor.com,com,24,15,1,0,3.8554,3.4566,0,0,1,0,0,1,0.0,0,1,0,0,0,10330
https://l.ead.me/bfIi0L,1,phishtank,ead.me,me,23,8,7,0,4.056,2.5,0,1,2,0,1,1,0.0435,0,1,0,0,0,3928
https://iliad.it/,0,tranco,iliad.it,it,17,8,1,0,3.2484,2.4056,0,0,1,0,0,1,0.0,0,1,0,0,0,7384
https://keybase.io/,0,tranco,keybase.io,io,19,10,1,0,3.6819,3.1219,0,0,1,0,0,1,0.0,0,1,0,0,0,4701
https://yksdks.com/,0,tranco,yksdks.com,com,19,10,1,0,3.5369,2.9219,0,0,1,0,0,1,0.0,0,1,0,0,0,1123
https://grnet.gr/,0,tranco,grnet.gr,gr,17,8,1,0,3.2928,2.5,0,0,1,0,0,1,0.0,0,1,0,0,0,-1
https://cio.com/,0,tranco,cio.com,com,16,7,1,0,3.3278,2.2359,0,0,1,0,0,1,0.0,0,1,0,0,0,11486
https://mygloboltsb-online.icu/?secure_connect=v99*ft1&_subid=28u3f78.2d.1eoi7&_token=1vhvikq3ctv11g.1781937011.5.d653d72f006140538b8f26024ca92cc4,1,phishtank,mygloboltsb-online.icu,icu,146,22,1,114,5.0949,3.7544,0,0,6,1,49,8,0.3356,0,1,0,2,1,33
https://lexology.com/,0,tranco,lexology.com,com,21,12,1,0,3.749,3.0221,0,0,1,0,0,1,0.0,0,1,0,0,0,10562
https://dstrb-platfrme005.pro/loading.php,1,phishtank,dstrb-platfrme005.pro,pro,41,21,12,0,4.2571,3.8802,0,0,2,1,3,1,0.0732,0,1,0,0,0,-1
https://appbridge-trezoor.wixstudio.com/bridge-en,1,phishtank,wixstudio.com,com,49,31,10,0,4.3032,4.0668,0,1,2,2,0,1,0.0,0,1,0,0,0,-1
https://tinyurl.com/yc79t5a8,1,phishtank,tinyurl.com,com,28,11,9,0,4.209,3.4594,0,0,1,0,4,1,0.1429,0,1,1,0,0,8942
https://new.express.adobe.com/webpage/HBjDJ8pX2PEZa,1,phishtank,adobe.com,com,51,21,22,0,4.618,3.5945,0,2,3,0,2,1,0.0392,0,1,0,0,0,14492
https://chefkoch.de/,0,tranco,chefkoch.de,de,20,11,1,0,3.5464,2.914,0,0,1,0,0,1,0.0,0,1,0,0,0,-1
https://acog.org/,0,tranco,acog.org,org,17,8,1,0,3.4548,2.5,0,0,1,0,0,1,0.0,0,1,0,0,0,10647
https://qrco.de/bfXdXt,1,phishtank,qrco.de,de,22,7,7,0,3.8454,2.8074,0,0,1,0,0,1,0.0,0,1,0,0,0,-1
https://douyinliving.com/,0,tranco,douyinliving.com,com,25,16,1,0,4.0235,3.4528,0,0,1,0,0,1,0.0,0,1,0,0,0,2156
https://leddgrlive.framer.media/,1,phishtank,framer.media,media,32,23,1,0,3.9292,3.3275,0,1,2,0,0,1,0.0,0,1,0,0,0,-1
https://simples.vet/,0,tranco,simples.vet,vet,20,11,1,0,3.4087,3.0958,0,0,1,0,0,1,0.0,0,1,0,0,0,-1
https://docs.google.com/presentation/d/e/2PACX-1vSF1M5_cN8qW93a5f5kBFVbwZvE36mViOQY_hx6Q7tNxR2xYcsR3HvpaLBDzbfjyb1915VjmCq5abLw/pub?start=false&amp;loop=false&amp;delayms=3000,1,phishtank,google.com,com,175,15,108,43,5.655,2.9736,0,1,2,1,24,9,0.1371,0,1,0,0,0,10537
https://xelmora-gld-lenquva-a2x7dc91.pages.dev/,1,phishtank,pages.dev,dev,47,38,1,0,4.5116,4.241,0,1,2,3,4,1,0.0851,0,1,0,0,0,-1
https://bit.ly/4fOv14X,1,phishtank,bit.ly,ly,22,6,8,0,3.9363,2.585,0,0,1,0,3,1,0.1364,0,1,1,0,0,6639
https://rp-online.de/,0,tranco,rp-online.de,de,21,12,1,0,3.7849,3.2516,0,0,1,1,0,1,0.0,0,1,0,0,0,-1
https://klevu.com/,0,tranco,klevu.com,com,18,9,1,0,3.7947,3.1699,0,0,1,0,0,1,0.0,0,1,0,0,0,5152
https://centrumzz.weebly.com/,1,phishtank,weebly.com,com,29,20,1,0,4.0902,3.6842,0,1,2,0,0,1,0.0,0,1,0,0,0,7420
https://bit.ly/3CFhqhZ,1,phishtank,bit.ly,ly,22,6,8,0,3.811,2.585,0,0,1,0,1,1,0.0455,0,1,1,0,0,6639
https://robloxlabs.com/,0,tranco,robloxlabs.com,com,23,14,1,0,3.7623,3.182,0,0,1,0,0,1,0.0,0,1,0,0,0,4913
https://www.opinionstage.com/page/1f531c98-897d-4821-ac14-b37ed4ca048f,1,phishtank,opinionstage.com,com,70,20,42,0,4.7039,3.5464,0,1,2,4,21,1,0.3,0,1,0,0,0,5666
https://toonstream.vip/,0,tranco,toonstream.vip,vip,23,14,1,0,3.7081,3.5216,0,0,1,0,0,1,0.0,0,1,0,0,0,80
https://k8s.io/,0,tranco,k8s.io,io,15,6,1,0,3.3232,2.585,0,0,1,0,1,1,0.0667,0,1,0,0,0,4381
https://q-r.to/bgbnFi,1,phishtank,q-r.to,to,21,6,7,0,3.8442,2.585,0,0,1,1,0,1,0.0,0,1,0,0,0,5285
https://abv-help.weebly.com/,1,phishtank,weebly.com,com,28,19,1,0,4.0391,3.6819,0,1,2,1,0,1,0.0,0,1,0,0,0,7420
https://smbc-support.smartenergyshow.com/newsinvestor-jp,1,phishtank,smartenergyshow.com,com,56,32,16,0,4.2444,3.9917,0,1,2,2,0,1,0.0,0,1,0,1,1,393
https://www.dropbox.com/scl/fi/g972tyfxy2r7nfs2fdpqr/Securely-sign-in-with-your-email-address-to-keep-you-updated..paper?dl=0&rlkey=9hdsqygy5n70lvjduvoo2qk1v,1,phishtank,dropbox.com,com,157,15,97,36,4.985,3.1396,0,1,4,10,13,5,0.0828,0,1,0,3,1,11347
https://taangemapps.wixstudio.com/en-us,1,phishtank,wixstudio.com,com,39,25,6,0,4.1504,3.8937,0,1,2,1,0,1,0.0,0,1,0,0,0,-1
http://allegro-lokalnie.poiu23810-g34.lat/,1,phishtank,poiu23810-g34.lat,lat,42,34,1,0,4.3297,4.1134,0,1,2,2,7,1,0.1667,0,0,0,0,0,72
https://fu-berlin.de/,0,tranco,fu-berlin.de,de,21,12,1,0,3.9754,3.4183,0,0,1,1,0,1,0.0,0,1,0,0,0,-1
https://football.com/,0,tranco,football.com,com,21,12,1,0,3.6178,3.0221,0,0,1,0,0,1,0.0,0,1,0,0,0,11536
https://kurashiru.com/,0,tranco,kurashiru.com,com,22,13,1,0,3.7888,3.3927,0,0,1,0,0,1,0.0,0,1,0,0,0,4213
https://volkanpc.com,1,phishtank,volkanpc.com,com,20,12,0,0,3.8219,3.2516,0,0,1,0,0,1,0.0,0,1,0,0,0,367
https://camstreams.tv/,0,tranco,camstreams.tv,tv,22,13,1,0,3.4817,3.0851,0,0,1,0,0,1,0.0,0,1,0,0,0,2540
https://new.express.adobe.com/webpage/aEMsYRCtLhO5A,1,phishtank,adobe.com,com,51,21,22,0,4.5248,3.5945,0,2,3,0,1,1,0.0196,0,1,0,0,0,14492
https://gov-pzd.help/,1,phishtank,gov-pzd.help,help,21,12,1,0,3.749,3.4183,0,0,1,1,0,1,0.0,0,1,0,0,0,83
https://qrco.de/bgapWD,1,phishtank,qrco.de,de,22,7,7,0,4.0615,2.8074,0,0,1,0,0,1,0.0,0,1,0,0,0,-1
https://dreammail.jp/,0,tranco,dreammail.jp,jp,21,12,1,0,3.7849,3.2516,0,0,1,0,0,1,0.0,0,1,0,0,0,-1
https://bit.ly/4fbeac8,1,phishtank,bit.ly,ly,22,6,8,0,3.9363,2.585,0,0,1,0,2,1,0.0909,0,1,1,0,0,6639
https://homeconnecthca.com/,0,tranco,homeconnecthca.com,com,27,18,1,0,3.5319,3.0169,0,0,1,0,0,1,0.0,0,1,0,0,0,4517
https://supabase.co/,0,tranco,supabase.co,co,20,11,1,0,3.5464,3.0958,0,0,1,0,0,1,0.0,0,1,0,0,0,2384
https://wp-rocket.me/,0,tranco,wp-rocket.me,me,21,12,1,0,3.749,3.4183,0,0,1,1,0,1,0.0,0,1,0,0,0,4851
https://kjhuytkojhcv.weebly.com/,1,phishtank,weebly.com,com,32,23,1,0,4.1167,3.8279,0,1,2,0,0,1,0.0,0,1,0,0,0,7420
https://getscreen.me/,0,tranco,getscreen.me,me,21,12,1,0,3.4633,2.9183,0,0,1,0,0,1,0.0,0,1,0,0,0,2605
https://ln.run/Tn6SP,1,phishtank,ln.run,run,20,6,6,0,3.7464,2.2516,0,0,1,0,1,1,0.05,0,1,0,0,0,-1
https://qrco.de/bfG5ws,1,phishtank,qrco.de,de,22,7,7,0,4.0615,2.8074,0,0,1,0,1,1,0.0455,0,1,0,0,0,-1
https://pub-56eafe9f3a984d7096b21dbe9351626c.r2.dev/index.html,1,phishtank,r2.dev,dev,62,43,11,0,4.7706,4.2573,0,1,3,1,21,1,0.3387,0,1,0,0,0,-1
https://promociones2026.iceiy.com/,1,phishtank,iceiy.com,com,34,25,1,0,4.0209,3.6235,0,1,2,0,4,1,0.1176,0,1,0,0,0,2054
https://awsdns-34.com/,0,tranco,awsdns-34.com,com,22,13,1,0,3.9363,3.5466,0,0,1,1,2,1,0.0909,0,1,0,0,0,5752
https://trust-activate.com/,1,phishtank,trust-activate.com,com,27,18,1,0,3.7821,3.5033,0,0,1,1,0,1,0.0,0,1,0,0,0,32
https://wanakadns.net/,0,tranco,wanakadns.net,net,22,13,1,0,3.504,2.9689,0,0,1,0,0,1,0.0,0,1,0,0,0,652
https://bit.ly/3yUo1mB,1,phishtank,bit.ly,ly,22,6,8,0,3.9363,2.585,0,0,1,0,2,1,0.0909,0,1,1,0,0,6639
https://bafkreicaengmubyi66a4totpxhbvlb5dmu2wtaunpqityhjhfqwqa55u7y.ipfs.dweb.link/,1,phishtank,dweb.link,link,83,74,1,0,4.8192,4.7449,0,2,3,0,8,1,0.0964,0,1,0,0,0,3435
https://githubusercontent.com/,0,tranco,githubusercontent.com,com,30,21,1,0,3.8947,3.6897,0,0,1,0,0,1,0.0,0,1,0,0,0,4548
https://ppt.cc/fL9fix,1,phishtank,ppt.cc,cc,21,6,7,0,3.5226,1.9183,0,0,1,0,1,1,0.0476,0,1,0,0,0,6687
https://viewlift.com/,0,tranco,viewlift.com,com,21,12,1,0,3.8442,3.4183,0,0,1,0,0,1,0.0,0,1,0,0,0,4352
https://bit.ly/3TjOP6N,1,phishtank,bit.ly,ly,22,6,8,0,4.0272,2.585,0,0,1,0,2,1,0.0909,0,1,1,0,0,6639
https://dispatch.com/,0,tranco,dispatch.com,com,21,12,1,0,3.5585,3.4183,0,0,1,0,0,1,0.0,0,1,0,0,0,11417
https://docs.google.com/presentation/d/e/2PACX-1vScri2hm5s5bRiQitojq2nOgNJ5yjyktSSlJqwRnytUmTMNgLYkZGmuI8TZ7XFwqPA41We8N-n2B5Zd/pub?start=true&amp;loop=false&amp;delayms=3000,1,phishtank,google.com,com,174,15,108,42,5.5898,2.9736,0,1,2,2,18,9,0.1034,0,1,0,0,0,10537
https://youtube-nocookie.com/,0,tranco,youtube-nocookie.com,com,29,20,1,0,3.9228,3.4414,0,0,1,1,0,1,0.0,0,1,0,0,0,6388
https://trustedreviews.com/,0,tranco,trustedreviews.com,com,27,18,1,0,3.8562,3.5724,0,0,1,0,0,1,0.0,0,1,0,0,0,8444
https://awsdns-55.co.uk/,0,tranco,awsdns-55.co.uk,co.uk,24,15,1,0,3.9387,3.5069,0,0,2,1,2,1,0.0833,0,1,0,0,0,-1
https://l.ead.me/bfJLYw,1,phishtank,ead.me,me,23,8,7,0,4.056,2.5,0,1,2,0,0,1,0.0,0,1,0,0,0,3928
https://aliant.net/,0,tranco,aliant.net,net,19,10,1,0,3.3661,2.7219,0,0,1,0,0,1,0.0,0,1,0,0,0,11095
https://uniaen-fr.weebly.com/,1,phishtank,weebly.com,com,29,20,1,0,4.3232,3.8842,0,1,2,1,0,1,0.0,0,1,0,0,0,7420
https://ppbdev.com/,0,tranco,ppbdev.com,com,19,10,1,0,3.6421,3.1219,0,0,1,0,0,1,0.0,0,1,0,0,0,2458
https://ixbt.com/,0,tranco,ixbt.com,com,17,8,1,0,3.5281,3.0,0,0,1,0,0,1,0.0,0,1,0,0,0,10264
https://fanfox.net/,0,tranco,fanfox.net,net,19,10,1,0,3.5369,2.9219,0,0,1,0,0,1,0.0,0,1,0,0,0,3096
https://konami.com/,0,tranco,konami.com,com,19,10,1,0,3.6819,2.9219,0,0,1,0,0,1,0.0,0,1,0,0,0,11290
https://qrco.de/bgc0E1,1,phishtank,qrco.de,de,22,7,7,0,4.0615,2.8074,0,0,1,0,2,1,0.0909,0,1,0,0,0,-1
https://nudogram.com/,0,tranco,nudogram.com,com,21,12,1,0,3.8802,3.2516,0,0,1,0,0,1,0.0,0,1,0,0,0,3127
https://fastly-insights.com/,0,tranco,fastly-insights.com,com,28,19,1,0,3.9233,3.7871,0,0,1,1,0,1,0.0,0,1,0,0,0,3170
https://spdns.org/,0,tranco,spdns.org,org,18,9,1,0,3.4194,2.9477,0,0,1,0,0,1,0.0,0,1,0,0,0,6036
https://inner-active.mobi/,0,tranco,inner-active.mobi,mobi,26,17,1,0,3.998,3.5725,0,0,1,1,0,1,0.0,0,1,0,0,0,-1
https://tricodingrind.firebaseapp.com/,1,phishtank,firebaseapp.com,com,38,29,1,0,4.1158,3.8664,0,1,2,0,0,1,0.0,0,1,0,0,0,5027
https://debak.ciamlogin.com/b4d386f9-19ed-4665-8274-643f6e094e6d/oauth2/v2.0/authorize?client_id=bf4983a9-1136-48b8-9304-04b416971e04&redirect_uri=https%3A%2F%2Fbitvavo.debak.nl%2Fsignin-oidc&response_type=id_token&scope=openid%20profile&response_mode=form_post&nonce=638855017811426730.YWQ5NWUwODUtYWZiNS00NDUyLTk0MjEtOWY1NjQzMmMzNzcwOTQwNDkzZDEtOGY0My00ZjI5LWFlMmMtYjNmNzBhZmNiMDg1&client_info=1&x-client-brkrver=IDWeb.3.9.1.0&state=CfDJ8Ktd8h2MRhdAsLHpuml4G8M9-fMPpYYDLACij6bjW8A5azvuDsRWtg39-FDopxWtyvlKM7sPmKNCwkwOhRdvtR1JZlxTyS0iSWq7wO7JTPGpstE_Xi_yJQoX81eH0cRaOI_mHe8tbyQTuCtNUfS1rCtZZf758oBdJpkyVUY4PXRzhYIGC1YiQzNg_xh8ZrcWL4xjTzKsiWSPpy3cHv-D05ExVfUTkGRdnVwWp0IV35kR-KpvcGfWmbDCGHFbJFBY5Nioy0akpReudnzqfOZfVmJo2tz74Wzk81HyO5PpRpXi&x-client-SKU=ID_NET9_0&x-client-ver=8.10.0.0,1,phishtank,ciamlogin.com,com,784,19,59,697,5.9264,3.6163,0,1,13,19,140,28,0.1786,0,1,0,4,1,1264
https://search-sprint.com/,0,tranco,search-sprint.com,com,26,17,1,0,3.8441,3.7345,0,0,1,1,0,1,0.0,0,1,0,0,0,1511
https://share.hsforms.com/16CBaOJUqTwW8sGqZOcXiPgteqi9,1,phishtank,hsforms.com,com,54,17,29,0,4.8543,3.2195,0,1,2,0,4,1,0.0741,0,1,0,0,0,4690
https://pay.pay-16m.vip/jp,1,phishtank,pay-16m.vip,vip,26,15,3,0,3.7633,3.1899,0,1,2,1,2,1,0.0769,0,1,0,0,0,67
https://www.google.com/url?sa=t&source=web&rct=j&opi=89978449&url=https://julipecontabilidade.com.br/&ved=2ahUKEwir05eO196HAxWLRPEDHeNZLhkQFnoECBoQAQ&usg=AOvVaw2ubVcMWuZgEuyhuQi1OGfh,1,phishtank,google.com,com,182,14,4,155,5.5187,2.8424,0,1,4,0,16,16,0.0879,0,1,0,0,0,10537
https://onthestage.ru/,0,tranco,onthestage.ru,ru,22,13,1,0,3.6069,3.3927,0,0,1,0,0,1,0.0,0,1,0,0,0,1240
https://mes-envois-relais.com/captcha,1,phishtank,mes-envois-relais.com,com,37,21,8,0,4.0264,3.5585,0,0,1,2,0,1,0.0,0,1,0,0,0,19
https://jagex.network/,0,tranco,jagex.network,network,22,13,1,0,3.9363,3.5466,0,0,1,0,0,1,0.0,0,1,0,0,0,-1
https://12371.cn/,0,tranco,12371.cn,cn,17,8,1,0,3.5725,2.75,0,0,1,0,5,1,0.2941,0,1,0,0,0,8534
https://l.ead.me/bgbMoY,1,phishtank,ead.me,me,23,8,7,0,3.969,2.5,0,1,2,0,0,1,0.0,0,1,0,0,0,3928
https://root-servers.net/,0,tranco,root-servers.net,net,25,16,1,0,3.4831,3.0306,0,0,1,1,0,1,0.0,0,1,0,0,0,11341
https://macmillan.com/,0,tranco,macmillan.com,com,22,13,1,0,3.6635,2.8731,0,0,1,0,0,1,0.0,0,1,0,0,0,11668
https://hupo.com/,0,tranco,hupo.com,com,17,8,1,0,3.3372,2.75,0,0,1,0,0,1,0.0,0,1,0,0,0,9289
https://docs.google.com/presentation/d/e/2PACX-1vSkodsU1aSkBR7OPyCaKQo1tbEMAs2NQzwXwrz6eYvqlIZy7zIOVxjhG64ObqDEMgK4ynz1iccfBL_r/pub?start=false&amp;loop=false&amp;delayms=3000,1,phishtank,google.com,com,175,15,108,43,5.6387,2.9736,0,1,2,1,16,9,0.0914,0,1,0,0,0,10537
https://talkie-ai.com/,0,tranco,talkie-ai.com,com,22,13,1,0,3.8454,3.3927,0,0,1,1,0,1,0.0,0,1,0,0,0,1163
https://atlassian-dev.net/,0,tranco,atlassian-dev.net,net,26,17,1,0,3.6903,3.3372,0,0,1,1,0,1,0.0,0,1,0,0,0,-1
https://telogis.com/,0,tranco,telogis.com,com,20,11,1,0,3.6464,3.2776,0,0,1,0,0,1,0.0,0,1,0,0,0,9400
https://nd.gov/,0,tranco,nd.gov,gov,15,6,1,0,3.4566,2.585,0,0,1,0,0,1,0.0,0,1,0,0,0,9387
https://bretatid.firebaseapp.com/,1,phishtank,firebaseapp.com,com,33,24,1,0,3.9226,3.6887,0,1,2,0,0,1,0.0,0,1,0,0,0,5027
https://qrco.de/bfYk65,1,phishtank,qrco.de,de,22,7,7,0,4.1524,2.8074,0,0,1,0,2,1,0.0909,0,1,0,0,0,-1
https://docs.google.com/presentation/d/e/2PACX-1vTvsfRWnXuoxznq4L2OTKJv1ntjzkC2mWzNc5wzFMYy7fyKNQdrv_pLEWhpN_gXTIzYcZZg5E1YoUgX/pub?start=false&amp;loop=false&amp;delayms=3000,1,phishtank,google.com,com,175,15,108,43,5.5956,2.9736,0,1,2,1,14,9,0.08,0,1,0,0,0,10537
https://comdirect.de/,0,tranco,comdirect.de,de,21,12,1,0,3.6538,3.085,0,0,1,0,0,1,0.0,0,1,0,0,0,-1
https://regisdopmsld.webcindario.com/,1,phishtank,webcindario.com,com,37,28,1,0,4.1885,3.8693,0,1,2,0,0,1,0.0,0,1,0,0,0,9275
https://dammy775james.wixstudio.com/my-site,1,phishtank,wixstudio.com,com,43,27,8,0,4.2374,3.9401,0,1,2,1,3,1,0.0698,0,1,0,0,0,-1
https://mobalytics.gg/,0,tranco,mobalytics.gg,gg,22,13,1,0,3.8454,3.5466,0,0,1,0,0,1,0.0,0,1,0,0,0,3673
https://unicode.org/,0,tranco,unicode.org,org,20,11,1,0,3.8842,3.2776,0,0,1,0,0,1,0.0,0,1,0,0,0,12416
https://repairmailpass.weebly.com/,1,phishtank,weebly.com,com,34,25,1,0,4.0353,3.7035,0,1,2,0,0,1,0.0,0,1,0,0,0,7420
https://pub-9e1358676a684ebd8c8608b544021116.r2.dev/index.html,1,phishtank,r2.dev,dev,62,43,11,0,4.7002,4.1359,0,1,3,1,26,1,0.4194,0,1,0,0,0,-1
https://sina.com.cn/,0,tranco,sina.com.cn,com.cn,20,11,1,0,3.5842,2.914,0,0,2,0,0,1,0.0,0,1,0,0,0,10106
https://us.com/,0,tranco,us.com,com,15,6,1,0,3.3232,2.585,0,0,1,0,0,1,0.0,0,1,0,0,0,12251
https://kiwuwohdusosw.weebly.com/,1,phishtank,weebly.com,com,33,24,1,0,4.0667,3.7202,0,1,2,0,0,1,0.0,0,1,0,0,0,7420
https://appstart-ledgrecd.wixstudio.com/en-us,1,phishtank,wixstudio.com,com,45,31,6,0,4.2779,4.0668,0,1,2,2,0,1,0.0,0,1,0,0,0,-1
https://visad-cr.eu.cc/home.html,1,phishtank,eu.cc,cc,32,14,10,0,4.0695,3.3249,0,1,3,1,0,1,0.0,0,1,0,0,0,10509
https://promocionesbhd2026.iceiy.com/,1,phishtank,iceiy.com,com,37,28,1,0,4.1753,3.8963,0,1,2,0,4,1,0.1081,0,1,0,0,0,2054
https://l.ead.me/bfK5SZ,1,phishtank,ead.me,me,23,8,7,0,4.056,2.5,0,1,2,0,1,1,0.0435,0,1,0,0,0,3928
https://mappy.com/,0,tranco,mappy.com,com,18,9,1,0,3.4194,2.7255,0,0,1,0,0,1,0.0,0,1,0,0,0,10316
https://presmowaply.weebly.com/,1,phishtank,weebly.com,com,31,22,1,0,3.9779,3.6069,0,1,2,0,0,1,0.0,0,1,0,0,0,7420
https://f-1-g-h.com/,0,tranco,f-1-g-h.com,com,20,11,1,0,3.6464,3.0272,0,0,1,3,1,1,0.05,0,1,0,0,0,421
https://aph.gov.au/,0,tranco,aph.gov.au,gov.au,19,10,1,0,3.4714,2.9219,0,0,2,0,0,1,0.0,0,1,0,0,0,-1
https://dfn.de/,0,tranco,dfn.de,de,15,6,1,0,3.3232,2.2516,0,0,1,0,0,1,0.0,0,1,0,0,0,-1
https://hostland.ru/,0,tranco,hostland.ru,ru,20,11,1,0,3.6464,3.4594,0,0,1,0,0,1,0.0,0,1,0,0,0,8406
https://superwall.com/,0,tranco,superwall.com,com,22,13,1,0,3.8797,3.5466,0,0,1,0,0,1,0.0,0,1,0,0,0,9456
https://wacoal.jp/,0,tranco,wacoal.jp,jp,18,9,1,0,3.5724,2.9477,0,0,1,0,0,1,0.0,0,1,0,0,0,9249
https://abc.net.au/,0,tranco,abc.net.au,net.au,19,10,1,0,3.5369,2.9219,0,0,2,0,0,1,0.0,0,1,0,0,0,-1
https://allegrolokalnie.642312fg.top/oferta/id-unlhh-jacuzzi-intex-pure-spa-nowe,1,phishtank,642312fg.top,top,80,28,44,0,4.6254,3.9947,0,1,2,6,6,1,0.075,0,1,0,0,0,23
https://myfritz.net/,0,tranco,myfritz.net,net,20,11,1,0,3.6842,3.2776,0,0,1,0,0,1,0.0,0,1,0,0,0,5417
https://apoyosbienestar.com,1,phishtank,apoyosbienestar.com,com,27,19,0,0,3.9303,3.6819,0,0,1,0,0,1,0.0,0,1,0,0,0,1560
https://lite.evernote.com/note/9921e238-b9a4-df93-4dd9-00a82feab8e5,1,phishtank,evernote.com,com,67,17,42,0,4.5587,3.2639,0,1,2,4,19,1,0.2836,0,1,0,0,0,9680
https://penguinrandomhouse.com/,0,tranco,penguinrandomhouse.com,com,31,22,1,0,4.0424,3.7544,0,0,1,0,0,1,0.0,0,1,0,0,0,5017
https://eu.jotform.com/app/252693345119360,1,phishtank,jotform.com,com,42,14,20,0,4.4157,3.182,0,1,2,0,15,1,0.3571,0,1,0,0,0,7559
https://onegg.site/,0,tranco,onegg.site,site,19,10,1,0,3.4316,2.9219,0,0,1,0,0,1,0.0,0,1,0,0,0,1234
https://t.co/3C8WiIupum,1,phishtank,t.co,co,23,4,11,0,3.9362,2.0,0,0,1,0,2,1,0.087,0,1,1,0,0,5931
https://t.me/DriftTradeProtocol,1,phishtank,t.me,me,31,4,19,0,4.055,2.0,0,0,1,0,0,1,0.0,0,1,0,0,0,5906
https://qrco.de/bgbkQV,1,phishtank,qrco.de,de,22,7,7,0,4.0615,2.8074,0,0,1,0,0,1,0.0,0,1,0,0,0,-1
https://futbol24.com/,0,tranco,futbol24.com,com,21,12,1,0,3.8442,3.4183,0,0,1,0,2,1,0.0952,0,1,0,0,0,8506
https://souh6.com/,0,tranco,souh6.com,com,18,9,1,0,3.4613,2.9477,0,0,1,0,1,1,0.0556,0,1,0,0,0,799
https://ecsite021.top,1,phishtank,ecsite021.top,top,21,13,0,0,3.6304,3.3927,0,0,1,0,3,1,0.1429,0,1,0,0,0,24
https://id.govbgfs.autos/,1,phishtank,govbgfs.autos,autos,25,16,1,0,3.8333,3.5,0,1,2,0,0,1,0.0,0,1,0,0,0,82
https://junowebmailm.weebly.com/,1,phishtank,weebly.com,com,32,23,1,0,4.1792,3.6753,0,1,2,0,0,1,0.0,0,1,0,0,0,7420
https://hopto.org/,0,tranco,hopto.org,org,18,9,1,0,3.1552,2.6416,0,0,1,0,0,1,0.0,0,1,0,0,0,9651
https://peer.run/,0,tranco,peer.run,run,17,8,1,0,3.3372,2.5,0,0,1,0,0,1,0.0,0,1,0,0,0,-1
https://l.ead.me/bgaD40,1,phishtank,ead.me,me,23,8,7,0,3.969,2.5,0,1,2,0,2,1,0.087,0,1,0,0,0,3928
https://bruteprotect.com/,0,tranco,bruteprotect.com,com,25,16,1,0,3.5893,3.2028,0,0,1,0,0,1,0.0,0,1,0,0,0,4842
https://sosalkino.app/,0,tranco,sosalkino.app,app,22,13,1,0,3.5383,3.0851,0,0,1,0,0,1,0.0,0,1,0,0,0,-1
http://allegrolokalnie.lokalne-ofety92133.click/oferta/konsola-playstation-5-pro-2tb-stan-idealny-prawie-jak-nowa/986205686,1,phishtank,lokalne-ofety92133.click,click,123,40,76,0,4.5699,3.9429,0,1,2,10,16,1,0.1301,0,0,0,0,0,6
https://annns-beautiful-site.webflow.io/,1,phishtank,webflow.io,io,40,31,1,0,4.0776,3.7844,0,1,2,2,0,1,0.0,0,1,0,0,0,4823
https://cubecraft.net/,0,tranco,cubecraft.net,net,22,13,1,0,3.6978,3.2389,0,0,1,0,0,1,0.0,0,1,0,0,0,5807
https://searchspring.io/,0,tranco,searchspring.io,io,24,15,1,0,3.7721,3.5069,0,0,1,0,0,1,0.0,0,1,0,0,0,3560
https://arabxn.com/,0,tranco,arabxn.com,com,19,10,1,0,3.7871,3.1219,0,0,1,0,0,1,0.0,0,1,0,0,0,2669
https://thegatewaypundit.com/,0,tranco,thegatewaypundit.com,com,29,20,1,0,4.0178,3.8842,0,0,1,0,0,1,0.0,0,1,0,0,0,5655
https://5movierulz.soccer/,0,tranco,5movierulz.soccer,soccer,26,17,1,0,4.056,3.6169,0,0,1,0,1,1,0.0385,0,1,0,0,0,-1
https://rubyonrails.org/,0,tranco,rubyonrails.org,org,24,15,1,0,3.9387,3.4566,0,0,1,0,0,1,0.0,0,1,0,0,0,8128
https://www.miricanvas.com/v/136iq5y,1,phishtank,miricanvas.com,com,36,18,10,0,4.2947,3.3502,0,1,2,0,4,1,0.1111,0,1,0,0,0,2918
https://macrium.com/,0,tranco,macrium.com,com,20,11,1,0,3.6464,2.8454,0,0,1,0,0,1,0.0,0,1,0,0,0,7667
https://bafkreiemjsnbbogxgkj3krqzy4ybh3zodfkj5ysxoebk5mycwp5orkzc2y.ipfs.dweb.link/,1,phishtank,dweb.link,link,83,74,1,0,4.7658,4.6039,0,2,3,0,7,1,0.0843,0,1,0,0,0,3435
https://loving-growth-727200.framer.app/,1,phishtank,framer.app,app,40,31,1,0,4.3964,4.2202,0,1,2,2,6,1,0.15,0,1,0,0,0,-1
https://dengeki.com/,0,tranco,dengeki.com,com,20,11,1,0,3.8842,3.2776,0,0,1,0,0,1,0.0,0,1,0,0,0,10479
https://adelement.com/,0,tranco,adelement.com,com,22,13,1,0,3.7201,3.1808,0,0,1,0,0,1,0.0,0,1,0,0,0,6830
https://starlink.com/,0,tranco,starlink.com,com,21,12,1,0,3.8442,3.585,0,0,1,0,0,1,0.0,0,1,0,0,0,11275
https://q-r.to/bfWgIP,1,phishtank,q-r.to,to,21,6,7,0,3.9395,2.585,0,0,1,1,0,1,0.0,0,1,0,0,0,5285
https://docs.google.com/presentation/d/e/2PACX-1vQRjMKRH8D4QFc2V5tKjcDG46YCH_oI2zprINEZAaohYtbacib-8XGbMhnvJDFeEA96ApikoYK_3OSp/pub?start=false&loop=false&delayms=3000&slide=id.p,1,phishtank,google.com,com,178,15,108,46,5.5828,2.9736,0,1,3,2,17,9,0.0955,0,1,0,0,0,10537
https://okiloveyoupleasedonttouchme.net/,0,tranco,okiloveyoupleasedonttouchme.net,net,40,31,1,0,4.0323,3.8583,0,0,1,0,0,1,0.0,0,1,0,0,0,155
https://nemo.travel/,0,tranco,nemo.travel,travel,20,11,1,0,3.7464,3.2776,0,0,1,0,0,1,0.0,0,1,0,0,0,-1
https://eye4.cn/,0,tranco,eye4.cn,cn,16,7,1,0,3.4528,2.5216,0,0,1,0,1,1,0.0625,0,1,0,0,0,5085
http://allegrolokalnie.pl-984523.sbs,1,phishtank,pl-984523.sbs,sbs,36,29,0,0,4.403,4.1128,0,1,2,1,6,1,0.1667,0,0,0,0,0,5
https://mamastar.jp/,0,tranco,mamastar.jp,jp,20,11,1,0,3.3087,2.8454,0,0,1,0,0,1,0.0,0,1,0,0,0,8669
https://q-r.to/bfTQ0q,1,phishtank,q-r.to,to,21,6,7,0,3.8442,2.585,0,0,1,1,1,1,0.0476,0,1,0,0,0,5285
https://trashbox.ru/,0,tranco,trashbox.ru,ru,20,11,1,0,3.5464,3.2776,0,0,1,0,0,1,0.0,0,1,0,0,0,7212
https://gov-oar.help/,1,phishtank,gov-oar.help,help,21,12,1,0,3.7849,3.4183,0,0,1,1,0,1,0.0,0,1,0,0,0,90
https://href.li/?https://hm1m0zmw.square.site/,1,phishtank,href.li,li,46,7,1,29,4.1022,2.8074,0,0,3,0,2,3,0.0435,0,1,0,0,0,-1
https://l.ead.me/Dgtes5,1,phishtank,ead.me,me,23,8,7,0,3.7294,2.5,0,1,2,0,1,1,0.0435,0,1,0,0,0,3928
https://docs.google.com/presentation/d/e/2PACX-1vQu9o_JepGUttEvuDU-wImNAb8eQu5CxGkNl5EFRtFHOBmVX5z9HOSCNA1YeY85YciqZ2NqVC6lsWGo/pub?start=false&amp;loop=false&amp;delayms=3000,1,phishtank,google.com,com,175,15,108,43,5.6131,2.9736,0,1,2,2,17,9,0.0971,0,1,0,0,0,10537
https://47news.jp/,0,tranco,47news.jp,jp,18,9,1,0,3.5724,3.1699,0,0,1,0,2,1,0.1111,0,1,0,0,0,7204
https://docs.google.com/drawings/d/1lNPFODtvkEXTrTPxL2_q81QSyzF1Z8W7y3jDkTz8kF8/edit,1,phishtank,google.com,com,84,15,61,0,5.249,2.9736,0,1,2,0,10,1,0.119,0,1,0,0,0,10537
https://dbankcloud.asia/,0,tranco,dbankcloud.asia,asia,24,15,1,0,3.9387,3.4566,0,0,1,0,0,1,0.0,0,1,0,1,1,2578
https://haproxyedge.net/,0,tranco,haproxyedge.net,net,24,15,1,0,3.8239,3.5899,0,0,1,0,0,1,0.0,0,1,0,0,0,3548
https://anmelden1.weebly.com/,1,phishtank,weebly.com,com,29,20,1,0,4.0733,3.5219,0,1,2,0,1,1,0.0345,0,1,0,0,0,7420
https://yclients.com/,0,tranco,yclients.com,com,21,12,1,0,3.749,3.4183,0,0,1,0,0,1,0.0,0,1,0,0,0,5192
http://notificardlinea.webcindario.com,1,phishtank,webcindario.com,com,38,31,0,0,4.0536,3.7081,0,1,2,0,0,1,0.0,0,0,0,0,0,9275
https://hub-suiiit-trzr.framer.media/start,1,phishtank,framer.media,media,42,28,6,0,3.9308,3.7359,0,1,2,2,0,1,0.0,0,1,0,0,0,-1
https://bit.ly/4lhlSo9,1,phishtank,bit.ly,ly,22,6,8,0,3.7201,2.585,0,0,1,0,2,1,0.0909,0,1,1,0,0,6639
https://pia.jp/,0,tranco,pia.jp,jp,15,6,1,0,3.1396,2.2516,0,0,1,0,0,1,0.0,0,1,0,0,0,9249
https://secrethostess.com/,0,tranco,secrethostess.com,com,26,17,1,0,3.3497,2.9842,0,0,1,0,0,1,0.0,0,1,0,0,0,2215
https://mwreese.de/madridsteam/,1,phishtank,mwreese.de,de,31,10,13,0,3.5791,2.5219,0,0,1,0,0,1,0.0,0,1,0,0,0,-1
https://rambler.ru/,0,tranco,rambler.ru,ru,19,10,1,0,3.6421,2.8464,0,0,1,0,0,1,0.0,0,1,0,0,0,-1
https://terser-logn.wixstudio.com/site,1,phishtank,wixstudio.com,com,38,25,5,0,4.1261,3.9737,0,1,2,1,0,1,0.0,0,1,0,0,0,-1
https://dnsmadeeasy.com/,0,tranco,dnsmadeeasy.com,com,24,15,1,0,3.7721,3.2402,0,0,1,0,0,1,0.0,0,1,0,0,0,9284
https://delta.com/,0,tranco,delta.com,com,18,9,1,0,3.6416,3.1699,0,0,1,0,0,1,0.0,0,1,0,0,0,11929
https://tmiaf.ru/,0,tranco,tmiaf.ru,ru,17,8,1,0,3.5281,3.0,0,0,1,0,0,1,0.0,0,1,0,0,0,554
https://teamsystem.com/,0,tranco,teamsystem.com,com,23,14,1,0,3.4686,3.0391,0,0,1,0,0,1,0.0,0,1,0,0,0,10557
https://metunic.com.tr/,0,tranco,metunic.com.tr,com.tr,23,14,1,0,3.7081,3.2359,0,0,2,0,0,1,0.0,0,1,0,0,0,2549
https://q-r.to/bgbeta,1,phishtank,q-r.to,to,21,6,7,0,3.6897,2.585,0,0,1,1,0,1,0.0,0,1,0,0,0,5285
https://aviasales.ru/,0,tranco,aviasales.ru,ru,21,12,1,0,3.6178,3.0221,0,0,1,0,0,1,0.0,0,1,0,0,0,6809
https://hardwarwallet.wixstudio.com/en-us,1,phishtank,wixstudio.com,com,41,27,6,0,4.2595,3.8842,0,1,2,1,0,1,0.0,0,1,0,1,1,-1
https://bafybeigwiwj44spjbfed7dmvshphdkjqnowtpxaxmqdlnq2elqzqedmdmq.ipfs.dweb.link/,1,phishtank,dweb.link,link,83,74,1,0,4.635,4.5162,0,2,3,0,4,1,0.0482,0,1,0,0,0,3435
https://pub-c5d10c3f6d9f495d824c5477d292e445.r2.dev/index.html,1,phishtank,r2.dev,dev,62,43,11,0,4.6695,4.107,0,1,3,1,23,1,0.371,0,1,0,0,0,-1
https://docs.google.com/presentation/d/e/2PACX-1vR0z7NXxwEVJrlqPK7J8UzupZfnKKaneDz1Nm5zsg3-m-vIeULAeqnQ2o2No08GQwrfWaVq6RckZoYb/pub?start=false&amp;loop=false&amp;delayms=3000&amp;slide=id.p,1,phishtank,google.com,com,190,15,108,58,5.5217,2.9736,0,1,3,3,18,12,0.0947,0,1,0,0,0,10537
https://unrealengine.com/,0,tranco,unrealengine.com,com,25,16,1,0,3.9933,3.4056,0,0,1,0,0,1,0.0,0,1,0,0,0,-1
https://sciencedirectassets.com/,0,tranco,sciencedirectassets.com,com,32,23,1,0,3.6761,3.3062,0,0,1,0,0,1,0.0,0,1,0,0,0,4191
https://awsdns-25.net/,0,tranco,awsdns-25.net,net,22,13,1,0,3.7201,3.3927,0,0,1,1,2,1,0.0909,0,1,0,0,0,5752
https://quickbase.com/,0,tranco,quickbase.com,com,22,13,1,0,3.9706,3.5466,0,0,1,0,0,1,0.0,0,1,0,0,0,9990
https://docs.google.com/presentation/d/e/2PACX-1vRuDQEO9rjhtl-iFHVZWhlT1Saef7seOxfrDV6JNrDVoIHEpO2DkngDWwmBV_epiRI9oF2-57ZaV825/pub?start=false&amp;loop=false&amp;delayms=3000,1,phishtank,google.com,com,175,15,108,43,5.54,2.9736,0,1,2,3,18,9,0.1029,0,1,0,0,0,10537
https://agricole-activation1.bolt.host,1,phishtank,bolt.host,host,38,30,0,0,4.0632,3.8566,0,1,2,1,1,1,0.0263,0,1,0,0,0,614
https://apptuts.bio/detalhamentoluiza?gclid=EAIaIQobChMI7d-jm-Kw_QIVYhTUAR0TPgk9EAAYAyAAEgIgQvD_BwE,1,phishtank,apptuts.bio,bio,99,11,18,61,5.259,3.0958,0,0,1,2,3,3,0.0303,0,1,0,0,0,-1
https://gnu.org/,0,tranco,gnu.org,org,16,7,1,0,3.4528,2.5216,0,0,1,0,0,1,0.0,0,1,0,0,0,11198
https://nexusmods.com/,0,tranco,nexusmods.com,com,22,13,1,0,3.7544,3.2389,0,0,1,0,0,1,0.0,0,1,0,0,0,-1
https://criteo.net/,0,tranco,criteo.net,net,19,10,1,0,3.4714,2.9219,0,0,1,0,0,1,0.0,0,1,0,0,0,-1
https://nvrnerlcacv.icu/?secure_connect=h3*3s*&_subid=1sd8jpm.9a.1donn&_token=124p3em17ihegp.1781851367.5.57f863f3430fa4c1d4b0d0e8cb6127bb,1,phishtank,nvrnerlcacv.icu,icu,138,15,1,113,5.0418,3.1899,0,0,6,0,42,9,0.3043,0,1,0,2,1,34
https://docs.google.com/presentation/d/e/2PACX-1vQ2C-mkp0Gdjy7Fng9OYf9_7KNCQ83VmF1Oeb1T1q67AMdAmwaxDtN_A4_ItwWNFg09r4GT9yK_Hi8U/pub?start=false&amp;loop=false&amp;delayms=3000,1,phishtank,google.com,com,175,15,108,43,5.6119,2.9736,0,1,2,2,25,9,0.1429,0,1,0,0,0,10537
https://tapk.it/mailupdate,1,phishtank,tapk.it,it,26,7,11,0,3.6284,2.5216,0,0,1,0,0,1,0.0,0,1,0,1,1,2091
https://royaltotox54.com/,0,tranco,royaltotox54.com,com,25,16,1,0,3.8137,3.375,0,0,1,0,2,1,0.08,0,1,0,0,0,126
https://se-platform.com/,0,tranco,se-platform.com,com,24,15,1,0,3.8554,3.6402,0,0,1,1,0,1,0.0,0,1,0,0,0,2975
https://casalemedia.com/,0,tranco,casalemedia.com,com,24,15,1,0,3.7721,3.1899,0,0,1,0,0,1,0.0,0,1,0,0,0,8676
https://micro-semiconductor.hk/,0,tranco,micro-semiconductor.hk,hk,31,22,1,0,4.0181,3.7544,0,0,1,1,0,1,0.0,0,1,0,0,0,2190
https://qrco.de/bgc6Ej,1,phishtank,qrco.de,de,22,7,7,0,4.0615,2.8074,0,0,1,0,1,1,0.0455,0,1,0,0,0,-1
https://l.ead.me/bgZygP,1,phishtank,ead.me,me,23,8,7,0,3.969,2.5,0,1,2,0,0,1,0.0,0,1,0,0,0,3928
https://awsdns-28.co.uk/,0,tranco,awsdns-28.co.uk,co.uk,24,15,1,0,4.0221,3.6402,0,0,2,1,2,1,0.0833,0,1,0,0,0,5753
http://global-exchange.ghost.io/en-bridge,1,phishtank,ghost.io,io,41,24,10,0,4.162,3.7721,0,1,2,2,0,1,0.0,0,0,0,0,0,5407
https://kasserver.com/,0,tranco,kasserver.com,com,22,13,1,0,3.7544,3.2389,0,0,1,0,0,1,0.0,0,1,0,0,0,8919
https://l.ead.me/bgbkdU,1,phishtank,ead.me,me,23,8,7,0,3.882,2.5,0,1,2,0,0,1,0.0,0,1,0,0,0,3928
https://4wt2rpk.ink/g7gzlrd3/JbWRvJ/YveZjn,1,phishtank,4wt2rpk.ink,ink,42,11,23,0,4.6694,3.2776,0,0,1,0,4,1,0.0952,0,1,0,0,0,-1
https://kleinanzeigen.atc365.com/receive/3672260?mail=W0RBSUxZXQ==&meta=rlWjMKWwLJ50LJqyVwb1YPWhLJ1yVwbvKUHlAmL0KUIzMGOzKUHlZQOxKUIxBQAxKUIxMQV1VREunJk5VR1unJkypvVfVzAbLKEsnJDvBv01ZwV4ZmD2ZGH1YPWmMKW2nJAyVwbvn2kynJ5uoacynJqyovVfVaE5pTHvBvWxLJyfrI9gLJyfMKVvsD==,1,phishtank,atc365.com,com,260,24,16,211,5.7045,3.8554,0,1,2,0,29,9,0.1115,0,1,0,0,0,5125
https://docs.google.com/presentation/d/e/2PACX-1vRn9diJn3txultyo1xPZNoD2LQbvPuIN_MT2k357nx1-1dK9Jj1HIyYBMogBDYICyftE4lJI6sU6ibe/pub?start=false&amp;loop=false&amp;delayms=3000,1,phishtank,google.com,com,175,15,108,43,5.5649,2.9736,0,1,2,2,21,9,0.12,0,1,0,0,0,10537
https://pubeasy.io/,0,tranco,pubeasy.io,io,19,10,1,0,3.6819,3.3219,0,0,1,0,0,1,0.0,0,1,0,0,0,666
https://arabtnt.com/,0,tranco,arabtnt.com,com,20,11,1,0,3.5842,3.0958,0,0,1,0,0,1,0.0,0,1,0,0,0,2069
https://violation-pages.start.page/,1,phishtank,start.page,page,35,26,1,0,3.8757,3.6714,0,1,2,1,0,1,0.0,0,1,0,0,0,-1
https://qrco.de/bfISjY,1,phishtank,qrco.de,de,22,7,7,0,4.1524,2.8074,0,0,1,0,0,1,0.0,0,1,0,0,0,-1
https://packetsdk.io/,0,tranco,packetsdk.io,io,21,12,1,0,3.6538,3.4183,0,0,1,0,0,1,0.0,0,1,0,0,0,753
https://web.tegaym.top,1,phishtank,tegaym.top,top,22,14,0,0,3.7322,3.3788,0,1,2,0,0,1,0.0,0,1,0,0,0,54
https://hoopladigital.com/,0,tranco,hoopladigital.com,com,26,17,1,0,3.7672,3.4548,0,0,1,0,0,1,0.0,0,1,0,0,0,5362
https://news-cdn.site/,0,tranco,news-cdn.site,site,22,13,1,0,3.6292,3.2389,0,0,1,1,0,1,0.0,0,1,0,0,0,2241
https://plain-crow-137577.framer.app/,1,phishtank,framer.app,app,37,28,1,0,4.317,3.9852,0,1,2,2,6,1,0.1622,0,1,0,0,0,-1
https://us5.campaign-archive.com/?u=575a923bd414ea70c1efde205&id=91f5ed52ec,1,phishtank,campaign-archive.com,com,75,24,1,41,4.7987,3.9387,0,1,2,1,21,5,0.28,0,1,0,0,0,7139
https://citly.me/bJS03?id=84849,1,phishtank,citly.me,me,31,8,6,8,4.4539,3.0,0,0,1,0,7,3,0.2258,0,1,0,0,0,1694
https://msauth.net/,0,tranco,msauth.net,net,19,10,1,0,3.3661,3.1219,0,0,1,0,0,1,0.0,0,1,0,1,1,2826
http://sucurvpan360-production.up.railway.app,1,phishtank,railway.app,app,45,38,0,0,4.2524,4.0606,0,2,3,1,3,1,0.0667,0,0,0,0,0,-1
https://pub-21e191326e594d51b5c592744e3d43ac.r2.dev/index.html,1,phishtank,r2.dev,dev,62,43,11,0,4.6093,4.0248,0,1,3,1,24,1,0.3871,0,1,0,0,0,-1
https://datart.cz/,0,tranco,datart.cz,cz,18,9,1,0,3.3502,2.7255,0,0,1,0,0,1,0.0,0,1,0,0,0,10716
https://admon.pro/,0,tranco,admon.pro,pro,18,9,1,0,3.5724,2.9477,0,0,1,0,0,1,0.0,0,1,0,0,0,-1
https://rudderstack.com/,0,tranco,rudderstack.com,com,24,15,1,0,3.8554,3.5069,0,0,1,0,0,1,0.0,0,1,0,0,0,2460
https://sakura.ne.jp/,0,tranco,sakura.ne.jp,ne.jp,21,12,1,0,3.6897,3.2516,0,0,2,0,0,1,0.0,0,1,0,0,0,3288
https://pointclickcare.com/,0,tranco,pointclickcare.com,com,27,18,1,0,3.8842,3.5033,0,0,1,0,0,1,0.0,0,1,0,0,0,9436
https://www.dropbox.com/scl/fi/cbi1bttz6vyv9k4dx7ks2/ATT-MAIL.papert?rlkey=k1212s650y9rec3vrc4z83so9&dl=0,1,phishtank,dropbox.com,com,105,15,45,36,5.2071,3.1396,0,1,3,1,20,5,0.1905,0,1,0,0,0,11347
https://mopinion.com/,0,tranco,mopinion.com,com,21,12,1,0,3.4633,2.6887,0,0,1,0,0,1,0.0,0,1,0,0,0,4359
https://n8n.cloud/,0,tranco,n8n.cloud,cloud,18,9,1,0,3.6835,2.9477,0,0,1,0,1,1,0.0556,0,1,0,0,0,2774
https://qrco.de/bfbQ3C,1,phishtank,qrco.de,de,22,7,7,0,4.0615,2.8074,0,0,1,0,1,1,0.0455,0,1,0,0,0,-1
https://q-r.to/bgZsQN,1,phishtank,q-r.to,to,21,6,7,0,3.8442,2.585,0,0,1,1,0,1,0.0,0,1,0,0,0,5285
https://klelnanzeigen-deutch.bellaslechon.com/om3HmCugIS?m=1,1,phishtank,bellaslechon.com,com,60,37,11,3,4.6253,3.9156,0,1,2,1,2,3,0.0333,0,1,0,0,0,5472
https://genome.gov/,0,tranco,genome.gov,gov,19,10,1,0,3.5766,2.7219,0,0,1,0,0,1,0.0,0,1,0,0,0,8843
https://wknd.ai/,0,tranco,wknd.ai,ai,16,7,1,0,3.5778,2.8074,0,0,1,0,0,1,0.0,0,1,0,0,0,2344
https://l.ead.me/Dgtes2,1,phishtank,ead.me,me,23,8,7,0,3.7294,2.5,0,1,2,0,1,1,0.0435,0,1,0,0,0,3928
https://amigosdelasantacruz-commits.github.io/instagram/,1,phishtank,github.io,io,56,37,11,0,4.169,4.0468,0,1,2,1,0,1,0.0,0,1,0,0,0,4883
https://coolmathgames.com/,0,tranco,coolmathgames.com,com,26,17,1,0,3.6612,3.2928,0,0,1,0,0,1,0.0,0,1,0,0,0,8968
https://truex.com/,0,tranco,truex.com,com,18,9,1,0,3.6416,3.1699,0,0,1,0,0,1,0.0,0,1,0,0,0,8300
https://chiphi-app.web.app/,1,phishtank,web.app,app,27,18,1,0,3.5319,3.0805,0,1,2,1,0,1,0.0,0,1,0,0,0,-1
https://latvia-pasts.firebaseapp.com/,1,phishtank,firebaseapp.com,com,37,28,1,0,3.9564,3.7674,0,1,2,1,0,1,0.0,0,1,0,0,0,5027
https://sites.google.com/view/zqwez/home,1,phishtank,google.com,com,40,16,16,0,3.9537,3.2028,0,1,2,0,0,1,0.0,0,1,0,0,0,10537
http://allegrolokalne.pl-498083926.xyz,1,phishtank,pl-498083926.xyz,xyz,38,31,0,0,4.4687,4.1926,0,1,2,1,9,1,0.2368,0,0,0,0,0,28
https://bokepindo13.center/,0,tranco,bokepindo13.center,center,27,18,1,0,4.0043,3.6835,0,0,1,0,2,1,0.0741,0,1,0,0,0,-1
https://gtm-a2b4.com/,0,tranco,gtm-a2b4.com,com,21,12,1,0,3.8442,3.4183,0,0,1,1,2,1,0.0952,0,1,0,0,0,2900
https://demonicscans.org/,0,tranco,demonicscans.org,org,25,16,1,0,3.9435,3.5,0,0,1,0,0,1,0.0,0,1,0,0,0,712
https://docs.google.com/presentation/d/e/2PACX-1vTbMGaSlAxBte3ET9lT56GV0mQU3wLFDZohygi1NAvbPXEDZT_mk4kj-gOe7Gl7S2Zo-kGWcPo0Qg1G/pub?start=false&amp;loop=false&amp;delayms=3000,1,phishtank,google.com,com,175,15,108,43,5.572,2.9736,0,1,2,3,19,9,0.1086,0,1,0,0,0,10537
https://l.ead.me/bfOP04,1,phishtank,ead.me,me,23,8,7,0,4.056,2.5,0,1,2,0,2,1,0.087,0,1,0,0,0,3928
https://uum-edumy.weebly.com/,1,phishtank,weebly.com,com,29,20,1,0,3.9952,3.4087,0,1,2,1,0,1,0.0,0,1,0,0,0,7420
https://qrco.de/bgZwSx,1,phishtank,qrco.de,de,22,7,7,0,4.1524,2.8074,0,0,1,0,0,1,0.0,0,1,0,0,0,-1
https://infogram.com/,0,tranco,infogram.com,com,21,12,1,0,3.8802,3.2516,0,0,1,0,0,1,0.0,0,1,0,0,0,11105
https://docs.google.com/presentation/d/e/2PACX-1vRmo1so3py1l0vonfsZ05_5Vic1BP9ygfrb5a4YMEnzETHU96KAdbpaEx7E0_qRRA3IhW-m4jGhUaCZ/pub?start=false&amp;loop=false&amp;delayms=3000,1,phishtank,google.com,com,175,15,108,43,5.5163,2.9736,0,1,2,2,23,9,0.1314,0,1,0,0,0,10537
https://hl.co.uk/,0,tranco,hl.co.uk,co.uk,17,8,1,0,3.4548,2.75,0,0,2,0,0,1,0.0,0,1,0,0,0,5644
https://dnevnik.hr/,0,tranco,dnevnik.hr,hr,19,10,1,0,3.6819,3.1219,0,0,1,0,0,1,0.0,0,1,0,0,0,5797
https://octo25.me/,0,tranco,octo25.me,me,18,9,1,0,3.5305,2.9477,0,0,1,0,2,1,0.1111,0,1,0,0,0,719
https://docs.google.com/presentation/d/e/2PACX-1vStwEeNh-pgR329uuyjyx1Uy4l74N8aSvTMb4vhL55XZhuFi3SnZLHOal8QCt9eKoU1IrfpWzvcsNRV/pub?start=false&amp;loop=false&amp;delayms=3000,1,phishtank,google.com,com,175,15,108,43,5.5874,2.9736,0,1,2,2,21,9,0.12,0,1,0,0,0,10537
https://53.com/,0,tranco,53.com,com,15,6,1,0,3.4566,2.585,0,0,1,0,2,1,0.1333,0,1,0,0,0,11205
https://minepi.com/,0,tranco,minepi.com,com,19,10,1,0,3.5766,2.9219,0,0,1,0,0,1,0.0,0,1,0,0,0,2787
https://fqnovel.com/,0,tranco,fqnovel.com,com,20,11,1,0,3.8842,3.2776,0,0,1,0,0,1,0.0,0,1,0,0,0,1940
https://careattmobile.surveysparrow.com/s/Satisfaction-Survey/tt-5n1QdNHmqWhXcE4QCLaVCE,1,phishtank,surveysparrow.com,com,87,31,48,0,4.9274,3.9134,0,1,2,2,3,1,0.0345,0,1,0,0,0,3555
https://xnhau.kim/,0,tranco,xnhau.kim,kim,18,9,1,0,3.6835,3.1699,0,0,1,0,0,1,0.0,0,1,0,0,0,-1
https://l.ead.me/bfNbkS,1,phishtank,ead.me,me,23,8,7,0,3.969,2.5,0,1,2,0,0,1,0.0,0,1,0,0,0,3928
https://hashnode.dev/,0,tranco,hashnode.dev,dev,21,12,1,0,3.5585,3.085,0,0,1,0,0,1,0.0,0,1,0,0,0,-1
https://salt-auth-c674ch.firebaseapp.com/,1,phishtank,firebaseapp.com,com,41,32,1,0,4.2411,4.1639,0,1,2,2,3,1,0.0732,0,1,0,1,1,5027
https://pub-8a50034aaa5440db9df0fd159167593f.r2.dev/index.html,1,phishtank,r2.dev,dev,62,43,11,0,4.7261,4.1643,0,1,3,1,22,1,0.3548,0,1,0,0,0,-1
https://awsdns-06.co.uk/,0,tranco,awsdns-06.co.uk,co.uk,24,15,1,0,4.0221,3.6402,0,0,2,1,2,1,0.0833,0,1,0,0,0,5753
https://docs.google.com/presentation/d/e/2PACX-1vRZh0bKgtAkunfG3Ph-gHv_yVZ8-kP0L8twOZ0qiNTNJzeYjsaHLgK-D-Yn5xmmwFt1-CFI3-8S23rG/pub?start=false&amp;loop=false&amp;delayms=3000,1,phishtank,google.com,com,175,15,108,43,5.5811,2.9736,0,1,2,7,18,9,0.1029,0,1,0,0,0,10537
http://allegrolokalnie.smart-92282.cfd,1,phishtank,smart-92282.cfd,cfd,38,31,0,0,4.3989,4.1313,0,1,2,1,5,1,0.1316,0,0,0,0,0,94
https://dbankcloud.ru/,0,tranco,dbankcloud.ru,ru,22,13,1,0,3.9706,3.3927,0,0,1,0,0,1,0.0,0,1,0,1,1,2200
https://arnes.si/,0,tranco,arnes.si,si,17,8,1,0,3.4104,2.75,0,0,1,0,0,1,0.0,0,1,0,0,0,12621
https://beautiful-context-878555.framer.app/,1,phishtank,framer.app,app,44,35,1,0,4.3825,4.1859,0,1,2,2,6,1,0.1364,0,1,0,0,0,-1
https://hyperallergic.com/,0,tranco,hyperallergic.com,com,26,17,1,0,3.9791,3.6169,0,0,1,0,0,1,0.0,0,1,0,0,0,7012
https://bafkreicd6mcfkhzest5kgvvvvh6xkk25wdi5okh7o4j7nomfiyebzgoltu.ipfs.dweb.link/,1,phishtank,dweb.link,link,83,74,1,0,4.8354,4.736,0,2,3,0,9,1,0.1084,0,1,0,0,0,3435
https://fffalleba12cnst.webcindario.com,1,phishtank,webcindario.com,com,39,31,0,0,4.3362,4.0424,0,1,2,0,2,1,0.0513,0,1,0,0,0,9275
https://intechopen.com/,0,tranco,intechopen.com,com,23,14,1,0,3.5884,3.2359,0,0,1,0,0,1,0.0,0,1,0,0,0,5795
https://fullcast.jp/,0,tranco,fullcast.jp,jp,20,11,1,0,3.5464,3.2776,0,0,1,0,0,1,0.0,0,1,0,0,0,3529
https://l.ead.me/bfMeiG,1,phishtank,ead.me,me,23,8,7,0,3.9362,2.5,0,1,2,0,0,1,0.0,0,1,0,0,0,3928
https://l.ead.me/bgc3md,1,phishtank,ead.me,me,23,8,7,0,3.882,2.5,0,1,2,0,1,1,0.0435,0,1,0,0,0,3928
https://corsair.com/,0,tranco,corsair.com,com,20,11,1,0,3.5842,2.914,0,0,1,0,0,1,0.0,0,1,0,0,0,11384
https://santafe.gov.ar/,0,tranco,santafe.gov.ar,gov.ar,23,14,1,0,3.7294,3.3249,0,0,2,0,0,1,0.0,0,1,0,0,0,4682
https://new.express.adobe.com/webpage/1u6aVjQIgYcbA,1,phishtank,adobe.com,com,51,21,22,0,4.5492,3.5945,0,2,3,0,2,1,0.0392,0,1,0,0,0,14492
https://q-r.to/bgcCPi,1,phishtank,q-r.to,to,21,6,7,0,3.9395,2.585,0,0,1,1,0,1,0.0,0,1,0,0,0,5285
https://acpjournals.org/,0,tranco,acpjournals.org,org,24,15,1,0,3.8868,3.5069,0,0,1,0,0,1,0.0,0,1,0,0,0,2407
https://bangmod.cloud/,0,tranco,bangmod.cloud,cloud,22,13,1,0,3.9706,3.3927,0,0,1,0,0,1,0.0,0,1,0,0,0,-1
https://proxad.net/,0,tranco,proxad.net,net,19,10,1,0,3.6421,3.3219,0,0,1,0,0,1,0.0,0,1,0,0,0,10050
https://stbid.ru/,0,tranco,stbid.ru,ru,17,8,1,0,3.4104,3.0,0,0,1,0,0,1,0.0,0,1,0,0,0,1240
https://l.ead.me/bgrdkH,1,phishtank,ead.me,me,23,8,7,0,3.969,2.5,0,1,2,0,0,1,0.0,0,1,0,0,0,3928
https://docs.google.com/presentation/d/e/2PACX-1vROqOsxp4bY0t8tfwqsO-c76nsenh6zzrxN7_yKEhcOxmp-UpeZX6ltCBXLZ216vIdlltOMsW7XNjnM/pub?start=false&amp;loop=false&amp;delayms=3000,1,phishtank,google.com,com,175,15,108,43,5.4546,2.9736,0,1,2,3,18,9,0.1029,0,1,0,0,0,10537
https://allegrolokalne.smar8t473291.shop/,1,phishtank,smar8t473291.shop,shop,41,32,1,0,4.3387,4.2028,0,1,2,0,7,1,0.1707,0,1,0,0,0,-1
https://viddeyyo.online/,0,tranco,viddeyyo.online,online,24,15,1,0,3.8035,3.1069,0,0,1,0,0,1,0.0,0,1,0,0,0,70
https://brt.cqcsxc.cc/track-it,1,phishtank,cqcsxc.cc,cc,30,13,9,0,3.6444,2.6535,0,1,2,1,0,1,0.0,0,1,0,0,0,54
https://xxxjmp.com/,0,tranco,xxxjmp.com,com,19,10,1,0,3.4316,2.6464,0,0,1,0,0,1,0.0,0,1,0,0,0,1856
https://cal.com/,0,tranco,cal.com,com,16,7,1,0,3.4528,2.5216,0,0,1,0,0,1,0.0,0,1,0,0,0,10659
https://dazeddigital.com/,0,tranco,dazeddigital.com,com,25,16,1,0,3.9133,3.4528,0,0,1,0,0,1,0.0,0,1,0,0,0,7327
https://alidropship.com/,0,tranco,alidropship.com,com,24,15,1,0,3.7721,3.5069,0,0,1,0,0,1,0.0,0,1,0,0,0,3998
https://dome9.com/,0,tranco,dome9.com,com,18,9,1,0,3.5724,2.7255,0,0,1,0,1,1,0.0556,0,1,0,0,0,5783
https://ietf.org/,0,tranco,ietf.org,org,17,8,1,0,3.5281,3.0,0,0,1,0,0,1,0.0,0,1,0,0,0,11456
https://2fk8ln.share-eu1.hsforms.com/2dRlJXoRTTAiUFcf4bRYK8Q,1,phishtank,hsforms.com,com,60,28,24,0,4.9981,4.0391,0,2,3,1,6,1,0.1,0,1,0,0,0,4690
https://vppiz.weebly.com/,1,phishtank,weebly.com,com,25,16,1,0,4.0235,3.625,0,1,2,0,0,1,0.0,0,1,0,0,0,7420
https://thomann.fr/,0,tranco,thomann.fr,fr,19,10,1,0,3.5369,3.1219,0,0,1,0,0,1,0.0,0,1,0,0,0,8100
https://sp19ct7-mafek-biz-lurek-doris.pages.dev/,1,phishtank,pages.dev,dev,48,39,1,0,4.5378,4.3943,0,1,2,4,3,1,0.0625,0,1,0,0,0,-1
https://coinsquuuarelogiin.webflow.io/,1,phishtank,webflow.io,io,38,29,1,0,4.2082,3.7975,0,1,2,0,0,1,0.0,0,1,0,0,0,4823
https://docs.google.com/document/d/1Nu8DPDlHKYfhzCSwYGKSSUK1JmRksoLF0jjEU_QunGI,1,phishtank,google.com,com,79,15,56,0,5.1752,2.9736,0,1,2,0,4,1,0.0506,0,1,0,0,0,10537
https://q-r.to/bfJyV3,1,phishtank,q-r.to,to,21,6,7,0,3.9395,2.585,0,0,1,1,1,1,0.0476,0,1,0,0,0,5285
https://mutcoup.firebaseapp.com/,1,phishtank,firebaseapp.com,com,32,23,1,0,3.9528,3.7081,0,1,2,0,0,1,0.0,0,1,0,0,0,5027
https://chkgenra.web.app/,1,phishtank,web.app,app,25,16,1,0,3.8635,3.5,0,1,2,0,0,1,0.0,0,1,0,0,0,-1
https://yandex-net.ru/,0,tranco,yandex-net.ru,ru,22,13,1,0,3.8454,3.3927,0,0,1,1,0,1,0.0,0,1,0,0,0,1595
https://www.dropbox.com/scl/fi/ppbc9m3d1ss34ajw9y4ck/Welcome-to-BT.paper?dl=0&rlkey=w08f6m1qtsbr0u0x9gamzsf1y,1,phishtank,dropbox.com,com,109,15,49,36,5.0892,3.1396,0,1,3,2,16,5,0.1468,0,1,0,0,0,11347
https://lightwidget.com/,0,tranco,lightwidget.com,com,24,15,1,0,3.8035,3.5069,0,0,1,0,0,1,0.0,0,1,0,0,0,3813
https://shorturl.at/,0,tranco,shorturl.at,at,20,11,1,0,3.3842,3.0958,0,0,1,0,0,1,0.0,0,1,1,0,0,-1
https://pidetupop.com/,0,tranco,pidetupop.com,com,22,13,1,0,3.5726,3.1808,0,0,1,0,0,1,0.0,0,1,0,0,0,4222
https://easyjet.com/,0,tranco,easyjet.com,com,20,11,1,0,3.6464,3.2776,0,0,1,0,0,1,0.0,0,1,0,0,0,10711
https://docs.google.com/drawings/d/1Qi7ik1RGvOkNAYHChecppv14wpOuYTJ40X0Pqzdm8zI/edit,1,phishtank,google.com,com,84,15,61,0,5.1822,2.9736,0,1,2,0,9,1,0.1071,0,1,0,0,0,10537
https://home-en-desktop.zapier.app/,1,phishtank,zapier.app,app,35,26,1,0,3.9544,3.7774,0,1,2,2,0,1,0.0,0,1,0,0,0,-1
https://allegrolokalnie.lokalna-3887012.sbs/oferta/Jacuzzi-ogrodowe-ca%C5%82oroczne-HotSpring-Sovereign-USA/815724073,1,phishtank,lokalna-3887012.sbs,sbs,117,35,74,0,4.959,3.9789,0,1,2,6,19,3,0.1624,0,1,0,0,0,24
https://en-trxzorio-apps.wixstudio.com/start,1,phishtank,wixstudio.com,com,44,30,6,0,4.1292,4.0151,0,1,2,2,0,1,0.0,0,1,0,0,0,-1
https://cuscatlan-web.webcindario.com/,1,phishtank,webcindario.com,com,38,29,1,0,4.241,3.9354,0,1,2,1,0,1,0.0,0,1,0,0,0,9275
https://91mobiles.com/,0,tranco,91mobiles.com,com,22,13,1,0,3.8797,3.3927,0,0,1,0,2,1,0.0909,0,1,0,0,0,6585
https://page-loading-squad-10008744.web.app/,1,phishtank,web.app,app,44,35,1,0,4.4534,4.2074,0,1,2,3,8,1,0.1818,0,1,0,0,0,-1
https://vinted.co.uk/,0,tranco,vinted.co.uk,co.uk,21,12,1,0,3.8442,3.4183,0,0,2,0,0,1,0.0,0,1,0,0,0,4935
https://backblaze.com/,0,tranco,backblaze.com,com,22,13,1,0,3.8797,3.2389,0,0,1,0,0,1,0.0,0,1,0,0,0,7050
https://sites.google.com/view/mail-verificaton-system/home,1,phishtank,google.com,com,58,16,34,0,4.1759,3.2028,0,1,2,2,0,1,0.0,0,1,0,0,0,10537
https://microsoftnewmail.framer.wiki/,1,phishtank,framer.wiki,wiki,37,28,1,0,4.1008,3.7534,0,1,2,0,0,1,0.0,0,1,0,1,1,1705
https://mirtesen.ru/,0,tranco,mirtesen.ru,ru,20,11,1,0,3.5464,3.0958,0,0,1,0,0,1,0.0,0,1,0,0,0,7495
http://encryptdrive.booogle.net/?state={ids:[1zsW2sDoRx1jgl1y1_XDtGIxXpkoMS27F],1,phishtank,booogle.net,net,79,24,1,46,5.1091,3.7202,0,1,2,0,7,4,0.0886,0,0,0,0,0,7247
https://n3tflixvalidar.webcindario.com,1,phishtank,webcindario.com,com,38,30,0,0,4.3661,4.0151,0,1,2,0,1,1,0.0263,0,1,0,0,0,9275
https://keplr.app/,0,tranco,keplr.app,app,18,9,1,0,3.3502,2.6416,0,0,1,0,0,1,0.0,0,1,0,0,0,-1
https://openfpcdn.io/,0,tranco,openfpcdn.io,io,21,12,1,0,3.6538,3.085,0,0,1,0,0,1,0.0,0,1,0,0,0,1714
https://glia.com/,0,tranco,glia.com,com,17,8,1,0,3.6901,3.0,0,0,1,0,0,1,0.0,0,1,0,0,0,10478
https://aki-game.net/,0,tranco,aki-game.net,net,21,12,1,0,3.749,3.2516,0,0,1,1,0,1,0.0,0,1,0,0,0,1072
https://autoscout24.com/,0,tranco,autoscout24.com,com,24,15,1,0,3.6054,3.1899,0,0,1,0,2,1,0.0833,0,1,0,0,0,9956
https://volkswagen.comexport.com.br/,1,phishtank,comexport.com.br,com.br,36,27,1,0,4.2181,3.9862,0,1,3,0,0,1,0.0,0,1,0,0,0,-1
https://msstate.edu/,0,tranco,msstate.edu,edu,20,11,1,0,3.3464,2.914,0,0,1,0,0,1,0.0,0,1,0,0,0,13817
https://userattmailyahoo3893940940.ukit.me/,1,phishtank,ukit.me,me,43,34,1,0,4.3129,4.1385,0,1,2,0,10,1,0.2326,0,1,0,0,0,3509
https://startappservice.com/,0,tranco,startappservice.com,com,28,19,1,0,3.7265,3.5111,0,0,1,0,0,1,0.0,0,1,0,1,1,4657
https://hostdl.com/,0,tranco,hostdl.com,com,19,10,1,0,3.4316,3.1219,0,0,1,0,0,1,0.0,0,1,0,0,0,6665
https://view-trezapp.wixstudio.com/suite-en,1,phishtank,wixstudio.com,com,43,26,9,0,4.2199,4.056,0,1,2,2,0,1,0.0,0,1,0,0,0,-1
https://3gl.net/,0,tranco,3gl.net,net,16,7,1,0,3.4056,2.8074,0,0,1,0,1,1,0.0625,0,1,0,0,0,8978
https://bit.ly/4dyZa6w,1,phishtank,bit.ly,ly,22,6,8,0,3.9363,2.585,0,0,1,0,2,1,0.0909,0,1,1,0,0,6639
https://docs.google.com/presentation/d/e/2PACX-1vT8cN8q9O36wjodhNQyhi0gwa3JdWy-AIz_98wGsCbxnLUw03JkBJ2wfHhebwrtxwJf_umao9dMtB1X/pub?start=false&amp;loop=false&amp;delayms=3000,1,phishtank,google.com,com,175,15,108,43,5.514,2.9736,0,1,2,2,20,9,0.1143,0,1,0,0,0,10537
https://10086.cn/,0,tranco,10086.cn,cn,17,8,1,0,3.5725,2.75,0,0,1,0,5,1,0.2941,0,1,0,0,0,8052
https://page-review-id-901375.web.app/,1,phishtank,web.app,app,38,29,1,0,4.3135,3.9783,0,1,2,3,6,1,0.1579,0,1,0,0,0,-1
https://handbrake.fr/,0,tranco,handbrake.fr,fr,21,12,1,0,3.7849,3.2516,0,0,1,0,0,1,0.0,0,1,0,0,0,6788
https://kugou.net/,0,tranco,kugou.net,net,18,9,1,0,3.5305,2.9477,0,0,1,0,0,1,0.0,0,1,0,0,0,-1
https://builderdeckexpo.com/m&amp;m,1,phishtank,builderdeckexpo.com,com,35,19,6,0,4.2646,3.6819,0,0,1,0,0,3,0.0,0,1,0,0,0,1386
https://sites.google.com/view/webweitere/home,1,phishtank,google.com,com,45,16,21,0,3.8502,3.2028,0,1,2,0,0,1,0.0,0,1,0,0,0,10537
https://ncsc.gov.uk/,0,tranco,ncsc.gov.uk,gov.uk,20,11,1,0,3.6842,3.0958,0,0,2,0,0,1,0.0,0,1,0,0,0,10947
https://case1009621986519654153220.web.app/,1,phishtank,web.app,app,43,34,1,0,4.2336,3.9176,0,1,2,0,22,1,0.5116,0,1,0,0,0,-1
https://wwsga.me/,0,tranco,wwsga.me,me,17,8,1,0,3.4548,2.75,0,0,1,0,0,1,0.0,0,1,0,0,0,4626
https://npb.jp/,0,tranco,npb.jp,jp,15,6,1,0,3.1396,2.2516,0,0,1,0,0,1,0.0,0,1,0,0,0,9249
https://olympics.com/,0,tranco,olympics.com,com,21,12,1,0,3.5945,3.085,0,0,1,0,0,1,0.0,0,1,0,0,0,11461
http://tinyurl.com/4ehv78fh,1,phishtank,tinyurl.com,com,27,11,9,0,4.2266,3.4594,0,0,1,0,3,1,0.1111,0,0,1,0,0,8942
https://appleinsider.com/,0,tranco,appleinsider.com,com,25,16,1,0,3.9435,3.625,0,0,1,0,0,1,0.0,0,1,0,1,1,10201
https://startcdns-ledgr.wixstudio.com/enus,1,phishtank,wixstudio.com,com,42,29,5,0,4.2321,4.0213,0,1,2,1,0,1,0.0,0,1,0,0,0,-1
https://qrco.de/bfKRDY,1,phishtank,qrco.de,de,22,7,7,0,4.1524,2.8074,0,0,1,0,0,1,0.0,0,1,0,0,0,-1
https://omio.com/,0,tranco,omio.com,com,17,8,1,0,3.2928,2.1556,0,0,1,0,0,1,0.0,0,1,0,0,0,9375
https://bumlam.com/,0,tranco,bumlam.com,com,19,10,1,0,3.6421,2.8464,0,0,1,0,0,1,0.0,0,1,0,0,0,3999
https://cdnfonts.com/,0,tranco,cdnfonts.com,com,21,12,1,0,3.5585,3.085,0,0,1,0,0,1,0.0,0,1,0,0,0,2848
https://eu.jotform.com/app/251621749435359,1,phishtank,jotform.com,com,42,14,20,0,4.4157,3.182,0,1,2,0,15,1,0.3571,0,1,0,0,0,7559
https://startapp-ledgrecdn.wixstudio.com:443/en-us,1,phishtank,wixstudio.com,com,50,32,6,0,4.4313,4.1403,0,1,2,2,3,2,0.06,0,1,0,0,0,-1
https://execulink-105824.weeblysite.com/,1,phishtank,weeblysite.com,com,40,31,1,0,4.5439,4.3216,0,1,2,1,6,1,0.15,0,1,0,0,0,4963
https://gameloft.com/,0,tranco,gameloft.com,com,21,12,1,0,3.749,3.2516,0,0,1,0,0,1,0.0,0,1,0,0,0,9967
https://app.cgd.pt/cdoOBA/login.seam?ref=3f3e1ac2300e91427aa77e420e92d00ad1,1,phishtank,cgd.pt,pt,75,10,18,38,4.6934,2.6464,0,1,3,0,22,3,0.2933,0,1,0,1,1,12311
https://sqspcdn.com/,0,tranco,sqspcdn.com,com,20,11,1,0,3.5464,3.0958,0,0,1,0,0,1,0.0,0,1,0,0,0,4157
https://alaska.edu/,0,tranco,alaska.edu,edu,19,10,1,0,3.5369,2.8464,0,0,1,0,0,1,0.0,0,1,0,0,0,13817
https://l.ead.me/bfKASoCmoasdweighrepbv,1,phishtank,ead.me,me,39,8,23,0,4.4455,2.5,0,1,2,0,0,1,0.0,0,1,0,0,0,3928
https://clashofclans.com/,0,tranco,clashofclans.com,com,25,16,1,0,3.6733,3.2028,0,0,1,0,0,1,0.0,0,1,0,0,0,5166
https://technion.ac.il/,0,tranco,technion.ac.il,ac.il,23,14,1,0,3.6753,3.2359,0,0,2,0,0,1,0.0,0,1,0,0,0,-1
https://destructoid.com/,0,tranco,destructoid.com,com,24,15,1,0,3.7202,3.3736,0,0,1,0,0,1,0.0,0,1,0,0,0,7427
https://gstatic.com/,0,tranco,gstatic.com,com,20,11,1,0,3.4842,3.0958,0,0,1,0,0,1,0.0,0,1,0,0,0,6736
https://yeahtargeter.com/,0,tranco,yeahtargeter.com,com,25,16,1,0,3.7035,3.3278,0,0,1,0,0,1,0.0,0,1,0,0,0,3561
https://login.lzjlkq.com/?ApHHHGk2YU1V4y1TVPVj2oAu,1,phishtank,lzjlkq.com,com,50,16,1,24,4.8484,3.4528,0,1,2,0,5,2,0.1,0,1,0,1,1,367
https://qrco.de/bga6pO,1,phishtank,qrco.de,de,22,7,7,0,4.0615,2.8074,0,0,1,0,1,1,0.0455,0,1,0,0,0,-1
https://metacase1003125111.web.app/,1,phishtank,web.app,app,35,26,1,0,3.9469,3.6574,0,1,2,0,10,1,0.2857,0,1,0,0,0,-1
https://xplstelstra.weebly.com/,1,phishtank,weebly.com,com,31,22,1,0,3.9536,3.7544,0,1,2,0,0,1,0.0,0,1,0,0,0,7420
https://mail-security-check8877856556.web.app/,1,phishtank,web.app,app,46,37,1,0,4.4522,4.317,0,1,2,2,10,1,0.2174,0,1,0,1,1,-1
https://q-r.to/bfJcvw,1,phishtank,q-r.to,to,21,6,7,0,3.9395,2.585,0,0,1,1,0,1,0.0,0,1,0,0,0,5285
https://offierff.web.app/,1,phishtank,web.app,app,25,16,1,0,3.7035,3.125,0,1,2,0,0,1,0.0,0,1,0,0,0,-1
https://linkin.bio/service-kvish6/,1,phishtank,linkin.bio,bio,34,10,16,0,4.0179,2.6464,0,0,1,1,1,1,0.0294,0,1,0,1,1,-1
https://btworldxxx32.komi.io/,1,phishtank,komi.io,io,29,20,1,0,4.0642,3.6464,0,1,2,0,2,1,0.069,0,1,0,0,0,2419
https://dreamhost.com/,0,tranco,dreamhost.com,com,22,13,1,0,3.6635,3.3927,0,0,1,0,0,1,0.0,0,1,0,0,0,10529
https://jgqshpywuke.web.app/,1,phishtank,web.app,app,28,19,1,0,3.9233,3.6819,0,1,2,0,0,1,0.0,0,1,0,0,0,-1
https://qrco.de/bfeYdf,1,phishtank,qrco.de,de,22,7,7,0,3.8797,2.8074,0,0,1,0,0,1,0.0,0,1,0,0,0,-1
https://docs.google.com/drawings/d/1bEgOBCDVEChXnmpXbPZfO2_-9KG9ldh6jxebKsHb0fA/edit,1,phishtank,google.com,com,84,15,61,0,5.1854,2.9736,0,1,2,1,6,1,0.0714,0,1,0,0,0,10537
https://allegro.65433y434.surf,1,phishtank,65433y434.surf,surf,30,22,0,0,4.1899,3.7544,0,1,2,0,8,1,0.2667,0,1,0,0,0,15
https://new.express.adobe.com/webpage/XRI1HnClT3p4f,1,phishtank,adobe.com,com,51,21,22,0,4.6328,3.5945,0,2,3,0,3,1,0.0588,0,1,0,0,0,14492
https://invoice-generator-2k6.pages.dev/,1,phishtank,pages.dev,dev,40,31,1,0,4.2439,3.999,0,1,2,2,2,1,0.05,0,1,0,1,1,-1
https://link.space/@btbroad,1,phishtank,link.space,space,27,10,9,0,4.1064,3.3219,0,0,1,0,0,2,0.0,1,1,0,0,0,1377
https://morgenpost.de/,0,tranco,morgenpost.de,de,22,13,1,0,3.6635,3.3927,0,0,1,0,0,1,0.0,0,1,0,0,0,-1
https://bit.ly/46ti8tj,1,phishtank,bit.ly,ly,22,6,8,0,3.6247,2.585,0,0,1,0,3,1,0.1364,0,1,1,0,0,6639
https://unity3dusercontent.com/,0,tranco,unity3dusercontent.com,com,31,22,1,0,3.9503,3.6635,0,0,1,0,1,1,0.0323,0,1,0,0,0,3351
https://srf.ch/,0,tranco,srf.ch,ch,15,6,1,0,3.1899,2.585,0,0,1,0,0,1,0.0,0,1,0,0,0,-1
http://portalfinancieroagora.online,1,phishtank,portalfinancieroagora.online,online,35,28,0,0,3.8074,3.4677,0,0,1,0,0,1,0.0,0,0,0,0,0,20
https://solitairebliss.com/,0,tranco,solitairebliss.com,com,27,18,1,0,3.7821,3.4194,0,0,1,0,0,1,0.0,0,1,0,0,0,6527
https://etisalat.ae/,0,tranco,etisalat.ae,ae,20,11,1,0,3.2464,2.6635,0,0,1,0,0,1,0.0,0,1,0,0,0,-1
https://totaljobs.com/,0,tranco,totaljobs.com,com,22,13,1,0,3.5726,3.1808,0,0,1,0,0,1,0.0,0,1,0,0,0,9963
http://www.flowcode.com/page/attiimal/,1,phishtank,flowcode.com,com,38,16,15,0,3.9027,2.9528,0,1,2,0,0,1,0.0,0,0,0,0,0,5879
https://bd33fgabh.com/,0,tranco,bd33fgabh.com,com,22,13,1,0,3.8797,3.3927,0,0,1,0,2,1,0.0909,0,1,0,0,0,1283
https://2nd2n.com/wp-admin/ams/mxo.html,1,phishtank,2nd2n.com,com,39,9,22,0,4.0359,2.7255,0,0,2,1,2,1,0.0513,0,1,0,0,0,4197
https://new.express.adobe.com/webpage/v4HfBn0c13Aso,1,phishtank,adobe.com,com,51,21,22,0,4.5396,3.5945,0,2,3,0,4,1,0.0784,0,1,0,0,0,14492
https://jugandoonline.com.ar/,0,tranco,jugandoonline.com.ar,com.ar,29,20,1,0,4.1592,3.6464,0,0,2,0,0,1,0.0,0,1,0,0,0,4714
https://rgnameserver.com/,0,tranco,rgnameserver.com,com,25,16,1,0,3.8333,3.2806,0,0,1,0,0,1,0.0,0,1,0,0,0,3672
https://docs.google.com/drawings/d/1pRyuZevPGQVNYcwzeJt7-j_qL-PgKMiFuQXeSltMUpQ/edit,1,phishtank,google.com,com,84,15,61,0,5.1958,2.9736,0,1,2,2,2,1,0.0238,0,1,0,0,0,10537
https://apicgate.com/,0,tranco,apicgate.com,com,21,12,1,0,3.6538,3.2516,0,0,1,0,0,1,0.0,0,1,0,0,0,907
https://redifinks.firebaseapp.com/,1,phishtank,firebaseapp.com,com,34,25,1,0,4.0941,3.7835,0,1,2,0,0,1,0.0,0,1,0,0,0,5027
https://qrco.de/behhnC,1,phishtank,qrco.de,de,22,7,7,0,3.8454,2.8074,0,0,1,0,0,1,0.0,0,1,0,0,0,-1
https://communitybk2goaccessrenewregain.weebly.com,1,phishtank,weebly.com,com,50,42,0,0,4.3382,4.0644,0,1,2,0,1,1,0.02,0,1,0,0,0,7420
https://unibas.ch/,0,tranco,unibas.ch,ch,18,9,1,0,3.5724,3.1699,0,0,1,0,0,1,0.0,0,1,0,0,0,-1
https://wwwmaxmy.top/4g/home.html,1,phishtank,wwwmaxmy.top,top,33,12,13,0,3.8471,3.0221,0,0,2,0,1,1,0.0303,0,1,0,0,0,22
https://1goplus.com/,0,tranco,1goplus.com,com,20,11,1,0,3.6842,3.2776,0,0,1,0,1,1,0.05,0,1,0,0,0,577
https://lhp.pyz.mybluehost.me/it/login/app/index.php,1,phishtank,mybluehost.me,me,52,21,23,0,4.0961,3.5945,0,2,4,0,0,1,0.0,0,1,0,1,1,3576
https://basis.net/,0,tranco,basis.net,net,18,9,1,0,3.3774,2.9477,0,0,1,0,0,1,0.0,0,1,0,0,0,9564
https://servogram.io/,0,tranco,servogram.io,io,21,12,1,0,3.7849,3.2516,0,0,1,0,0,1,0.0,0,1,0,0,0,3564
https://qrco.de/bfT48B,1,phishtank,qrco.de,de,22,7,7,0,4.1524,2.8074,0,0,1,0,2,1,0.0909,0,1,0,0,0,-1
https://app.jotform.com/250963617110856,1,phishtank,jotform.com,com,39,15,16,0,4.3488,3.1899,0,1,2,0,15,1,0.3846,0,1,0,0,0,7559
https://launchdarkly.com/,0,tranco,launchdarkly.com,com,25,16,1,0,4.0537,3.625,0,0,1,0,0,1,0.0,0,1,0,0,0,4389
https://q-r.to/bfO74s,1,phishtank,q-r.to,to,21,6,7,0,3.8442,2.585,0,0,1,1,2,1,0.0952,0,1,0,0,0,5285
https://lrytas.lt/,0,tranco,lrytas.lt,lt,18,9,1,0,3.2391,2.7255,0,0,1,0,0,1,0.0,0,1,0,0,0,5010
https://docs.google.com/presentation/d/1maoRWuM87m5oY8m5x9cJbg7LsngPdF4a7Q8YQLODtbc/pub?start=false&amp;loop=false&amp;delayms=3000&amp;slide=id.p,1,phishtank,google.com,com,146,15,64,58,5.1014,2.9736,0,1,3,0,15,12,0.1027,0,1,0,0,0,10537
https://validarcuenta15.webcindario.com/,1,phishtank,webcindario.com,com,40,31,1,0,4.3464,4.0023,0,1,2,0,2,1,0.05,0,1,0,0,0,9275
https://t.co/J5xDzdJEzl,1,phishtank,t.co,co,23,4,11,0,3.9362,2.0,0,0,1,0,1,1,0.0435,0,1,1,0,0,5931
https://cbseresults.nic.in/,0,tranco,cbseresults.nic.in,nic.in,27,18,1,0,3.736,3.3502,0,0,2,0,0,1,0.0,0,1,0,0,0,7880
https://boyuanhulian.com/,0,tranco,boyuanhulian.com,com,25,16,1,0,3.9737,3.5,0,0,1,0,0,1,0.0,0,1,0,0,0,1722
https://rvilotacetlem.firebaseapp.com/,1,phishtank,firebaseapp.com,com,38,29,1,0,4.0304,3.7975,0,1,2,0,0,1,0.0,0,1,0,0,0,5027
https://l.wl.co/l?u=https://qrco.de/bfAJj3,1,phishtank,wl.co,co,42,7,2,24,4.3204,2.2359,0,1,3,0,1,4,0.0238,0,1,0,0,0,5931
https://ehu.eus/,0,tranco,ehu.eus,eus,16,7,1,0,3.0778,2.2359,0,0,1,0,0,1,0.0,0,1,0,0,0,4256
https://diplo.de/,0,tranco,diplo.de,de,17,8,1,0,3.4548,2.75,0,0,1,0,0,1,0.0,0,1,0,0,0,-1
https://laclope-40e6a.firebaseapp.com/,1,phishtank,firebaseapp.com,com,38,29,1,0,4.1754,3.8664,0,1,2,1,3,1,0.0789,0,1,0,0,0,5027
http://allegro.10384977980745.shop/,1,phishtank,10384977980745.shop,shop,35,27,1,0,4.2861,4.0603,0,1,2,0,14,1,0.4,0,0,0,0,0,-1
https://hoyolab.com/,0,tranco,hoyolab.com,com,20,11,1,0,3.6464,3.0272,0,0,1,0,0,1,0.0,0,1,0,0,0,2052
https://qr-codes.io/kEjBCW,1,phishtank,qr-codes.io,io,26,11,7,0,4.2868,3.2776,0,0,1,1,0,1,0.0,0,1,0,0,0,2115
https://barotem.com/,0,tranco,barotem.com,com,20,11,1,0,3.6464,3.0958,0,0,1,0,0,1,0.0,0,1,0,0,0,4536
https://domaintools.com/,0,tranco,domaintools.com,com,24,15,1,0,3.6887,3.2402,0,0,1,0,0,1,0.0,0,1,0,0,0,10216
https://talbots.com/,0,tranco,talbots.com,com,20,11,1,0,3.4842,3.0958,0,0,1,0,0,1,0.0,0,1,0,0,0,11584
https://nifty.com/,0,tranco,nifty.com,com,18,9,1,0,3.6416,3.1699,0,0,1,0,0,1,0.0,0,1,0,0,0,10149
https://nysed.gov/,0,tranco,nysed.gov,gov,18,9,1,0,3.6835,3.1699,0,0,1,0,0,1,0.0,0,1,0,0,0,10520
https://qiniudns.com/,0,tranco,qiniudns.com,com,21,12,1,0,3.7849,3.2516,0,0,1,0,0,1,0.0,0,1,0,0,0,4374
https://justporn.com/,0,tranco,justporn.com,com,21,12,1,0,3.6538,3.4183,0,0,1,0,0,1,0.0,0,1,0,0,0,10404
https://bseh.org.in/,0,tranco,bseh.org.in,org.in,20,11,1,0,3.6842,3.2776,0,0,2,0,0,1,0.0,0,1,0,0,0,4610
https://q-r.to/bfIo35,1,phishtank,q-r.to,to,21,6,7,0,3.8442,2.585,0,0,1,1,2,1,0.0952,0,1,0,0,0,5285
https://dns.com/,0,tranco,dns.com,com,16,7,1,0,3.4528,2.8074,0,0,1,0,0,1,0.0,0,1,0,0,0,12854
https://cincinnati.com/,0,tranco,cincinnati.com,com,23,14,1,0,3.4899,2.7885,0,0,1,0,0,1,0.0,0,1,0,0,0,10151
https://l.ead.me/bfGjaO,1,phishtank,ead.me,me,23,8,7,0,3.969,2.5,0,1,2,0,0,1,0.0,0,1,0,0,0,3928
https://le-registre-des-societes-francaises.fr/,1,phishtank,le-registre-des-societes-francaises.fr,fr,47,38,1,0,3.8777,3.5659,0,0,1,4,0,1,0.0,0,1,0,0,0,18
https://internic.net/,0,tranco,internic.net,net,21,12,1,0,3.368,2.6887,0,0,1,0,0,1,0.0,0,1,0,0,0,12255
https://fes.de/,0,tranco,fes.de,de,15,6,1,0,3.1899,2.2516,0,0,1,0,0,1,0.0,0,1,0,0,0,-1
https://starline.ru/,0,tranco,starline.ru,ru,20,11,1,0,3.6464,3.2776,0,0,1,0,0,1,0.0,0,1,0,0,0,5075
https://qrco.de/bfNcil,1,phishtank,qrco.de,de,22,7,7,0,4.0615,2.8074,0,0,1,0,0,1,0.0,0,1,0,0,0,-1
https://bazaarvoice.com/,0,tranco,bazaarvoice.com,com,24,15,1,0,3.9387,3.3232,0,0,1,0,0,1,0.0,0,1,0,0,0,7763
https://servermeupdatmaiintel.pory.app/,1,phishtank,pory.app,app,39,30,1,0,4.0066,3.7899,0,1,2,0,0,1,0.0,0,1,0,0,0,-1
https://timeout.com/,0,tranco,timeout.com,com,20,11,1,0,3.4842,2.914,0,0,1,0,0,1,0.0,0,1,0,0,0,-1
https://us3.campaign-archive.com/?u=39fbf5c8ab0273072f73736b3&id=8a4a4fe684,1,phishtank,campaign-archive.com,com,75,24,1,41,4.8582,3.9387,0,1,2,1,24,5,0.32,0,1,0,0,0,7139
https://golabs.io/,0,tranco,golabs.io,io,18,9,1,0,3.5724,2.9477,0,0,1,0,0,1,0.0,0,1,0,0,0,4058
https://blacktoon410.com/,0,tranco,blacktoon410.com,com,25,16,1,0,3.9933,3.5778,0,0,1,0,3,1,0.12,0,1,0,0,0,287
https://ev2-msedge.net/,0,tranco,ev2-msedge.net,net,23,14,1,0,3.6753,3.2359,0,0,1,1,1,1,0.0435,0,1,0,0,0,683
https://lovense.com/,0,tranco,lovense.com,com,20,11,1,0,3.6842,3.0958,0,0,1,0,0,1,0.0,0,1,0,0,0,4731
https://amx1.net/,0,tranco,amx1.net,net,17,8,1,0,3.5281,3.0,0,0,1,0,1,1,0.0588,0,1,0,0,0,1728
https://opera-api2.com/,0,tranco,opera-api2.com,com,23,14,1,0,3.8492,3.3788,0,0,1,1,1,1,0.0435,0,1,0,0,0,1251
https://625dffp87.urest.org/,1,phishtank,urest.org,org,28,19,1,0,4.1106,3.9321,0,1,2,0,5,1,0.1786,0,1,0,0,0,4127
https://ingreesar-aqui23.webcindario.com/,1,phishtank,webcindario.com,com,41,32,1,0,4.4059,4.0542,0,1,2,1,2,1,0.0488,0,1,0,0,0,9275
https://q-r.to/bgbABD,1,phishtank,q-r.to,to,21,6,7,0,3.8442,2.585,0,0,1,1,0,1,0.0,0,1,0,0,0,5285
https://ffsbccs.blogspot.ch,1,phishtank,blogspot.ch,ch,27,19,0,0,3.5879,3.3264,0,1,2,0,0,1,0.0,0,1,0,0,0,-1
https://zcs.silomanagement.gr/,1,phishtank,silomanagement.gr,gr,30,21,1,0,4.0314,3.7257,0,1,2,0,0,1,0.0,0,1,0,0,0,-1
https://incmessage.weebly.com/,1,phishtank,weebly.com,com,30,21,1,0,4.0566,3.6304,0,1,2,0,0,1,0.0,0,1,0,0,0,7420
https://btumix-apps.wixstudio.com/us-en,1,phishtank,wixstudio.com,com,39,25,6,0,4.1311,3.8137,0,1,2,2,0,1,0.0,0,1,0,0,0,-1
http://allegro.oferta892312.click,1,phishtank,oferta892312.click,click,33,26,0,0,4.2714,3.9791,0,1,2,0,6,1,0.1818,0,0,0,0,0,12
https://wey.m-pages.com/1bG2Mu/rut,1,phishtank,m-pages.com,com,34,15,11,0,4.3594,3.5069,0,1,2,1,2,1,0.0588,0,1,0,0,0,2688
https://ytrdolmasercun.weebly.com/,1,phishtank,weebly.com,com,34,25,1,0,4.1973,3.8937,0,1,2,0,0,1,0.0,0,1,0,0,0,7420
https://docs.google.com/presentation/d/e/2PACX-1vTAfb0HDBlWVMvM6Wd-KFVAYp1iCYvtNv-YfiWURhKZaheA5VzTCmo0vQalDuKbJpJsmEyJApHJSPol/pub?start=false&loop=false&delayms=3000,1,phishtank,google.com,com,167,15,108,35,5.4585,2.9736,0,1,2,3,11,7,0.0659,0,1,0,0,0,10537
https://texasmonthly.com/,0,tranco,texasmonthly.com,com,25,16,1,0,3.8137,3.625,0,0,1,0,0,1,0.0,0,1,0,0,0,11484
https://bac-chudcia.com,1,phishtank,bac-chudcia.com,com,23,15,0,0,3.8279,3.2402,0,0,1,1,0,1,0.0,0,1,0,0,0,33
http://allegro.pl-smart758718581.pl,1,phishtank,pl-smart758718581.pl,pl,35,28,0,0,4.0931,3.8518,0,1,2,1,9,1,0.2571,0,0,0,0,0,9
https://eredmenyek.com/,0,tranco,eredmenyek.com,com,23,14,1,0,3.7951,3.0931,0,0,1,0,0,1,0.0,0,1,0,0,0,7047
https://blocksite.co/,0,tranco,blocksite.co,co,21,12,1,0,3.6538,3.2516,0,0,1,0,0,1,0.0,0,1,0,0,0,3222
https://srvsynd.com/,0,tranco,srvsynd.com,com,20,11,1,0,3.7464,3.2776,0,0,1,0,0,1,0.0,0,1,0,0,0,3422
https://bullettrainbtn5.blogspot.com/,1,phishtank,blogspot.com,com,37,28,1,0,4.06,3.8693,0,1,2,0,1,1,0.027,0,1,0,0,0,9486
https://bafkreiay435ma3rznbeeaf36wvsm3mixhtetm44gkn7whtefjwcs4jcvhu.ipfs.dweb.link/,1,phishtank,dweb.link,link,83,74,1,0,4.7739,4.6852,0,2,3,0,11,1,0.1325,0,1,0,0,0,3435
https://docs.google.com/presentation/d/e/2PACX-1vQKuXib-EZ5OcL-V_ERvB0aN7cHE094R1aqN5Sp0i3hanTYRQySoreSvqcoHJIoZS4btVuE9tX1PKgG/pub?start=false&amp;loop=false&amp;delayms=3000&amp;slide=id.p,1,phishtank,google.com,com,190,15,108,58,5.5211,2.9736,0,1,3,3,19,12,0.1,0,1,0,0,0,10537
https://urlz.fr/usmz,1,phishtank,urlz.fr,fr,20,7,5,0,3.5842,2.5216,0,0,1,0,0,1,0.0,0,1,0,0,0,5548
https://openssl.org/,0,tranco,openssl.org,org,20,11,1,0,3.5464,3.0958,0,0,1,0,0,1,0.0,0,1,0,0,0,10077
https://toastoven.net/,0,tranco,toastoven.net,net,22,13,1,0,3.352,2.8731,0,0,1,0,0,1,0.0,0,1,0,0,0,4786
https://share-eu1.hsforms.com/1khzIQNJsSDeOr8zu0LXbOA2fgx2k,1,phishtank,hsforms.com,com,59,21,30,0,4.9356,3.5945,0,1,2,1,6,1,0.1017,0,1,0,0,0,4690
https://tsn.ca/,0,tranco,tsn.ca,ca,15,6,1,0,3.1396,2.585,0,0,1,0,0,1,0.0,0,1,0,0,0,9411
https://streamelements.com/,0,tranco,streamelements.com,com,27,18,1,0,3.634,3.2391,0,0,1,0,0,1,0.0,0,1,0,0,0,3937
https://toll-5f0.firebaseapp.com/,1,phishtank,firebaseapp.com,com,33,24,1,0,4.1879,4.0016,0,1,2,1,2,1,0.0606,0,1,0,0,0,5027
https://new.express.adobe.com/webpage/PhJqiuzBpyCG0,1,phishtank,adobe.com,com,51,21,22,0,4.6328,3.5945,0,2,3,0,1,1,0.0196,0,1,0,0,0,14492
https://amplience.net/,0,tranco,amplience.net,net,22,13,1,0,3.6292,3.1808,0,0,1,0,0,1,0.0,0,1,0,0,0,3192
https://creditbludiner12.iceiy.com/?i=2,1,phishtank,iceiy.com,com,39,26,1,3,4.2949,3.7962,0,1,2,0,3,3,0.0769,0,1,0,0,0,2054
https://docs.google.com/presentation/d/e/2PACX-1vQX0-3guXBZ-bJualMlrNxntSmuEQPoNqA0bhKko6tBGkIpUZRBrdLxUdBr2NFE3GIGXtCsxoitdS-1/pub?start=true&amp;loop=true&amp;delayms=3000,1,phishtank,google.com,com,173,15,108,41,5.4129,2.9736,0,1,2,4,13,9,0.0751,0,1,0,0,0,10537
https://mediation.goog/,0,tranco,mediation.goog,goog,23,14,1,0,3.7294,3.182,0,0,1,0,0,1,0.0,0,1,0,0,0,-1
https://pingdom.net/,0,tranco,pingdom.net,net,20,11,1,0,3.6464,3.2776,0,0,1,0,0,1,0.0,0,1,0,0,0,6195
https://docs.google.com/presentation/d/e/2PACX-1vS_mQPslbeUX-UvIYJq1eAiqXcn33YHxpVXNEvguPSmiVGBztkxQM54wRGa9CPGneGJc_knSHAbkZa-/pub?start=false&amp;loop=false&amp;delayms=3000,1,phishtank,google.com,com,175,15,108,43,5.5653,2.9736,0,1,2,3,12,9,0.0686,0,1,0,0,0,10537
https://feedtofap.com/,0,tranco,feedtofap.com,com,22,13,1,0,3.6635,3.2389,0,0,1,0,0,1,0.0,0,1,0,0,0,332
https://pornhat.one/,0,tranco,pornhat.one,one,20,11,1,0,3.4464,3.0958,0,0,1,0,0,1,0.0,0,1,0,0,0,2347
https://admin-ad.firebaseapp.com/,1,phishtank,firebaseapp.com,com,33,24,1,0,4.0896,3.7516,0,1,2,1,0,1,0.0,0,1,0,0,0,5027
https://effective-cause-812330.framer.app/,1,phishtank,framer.app,app,42,33,1,0,4.2641,4.0408,0,1,2,2,6,1,0.1429,0,1,0,0,0,-1
https://app.duxavian.online/index3.html,1,phishtank,duxavian.online,online,39,19,12,0,4.0923,3.4316,0,1,3,0,1,1,0.0256,0,1,0,0,0,953
https://porno666.nl/,0,tranco,porno666.nl,nl,20,11,1,0,3.4464,2.6635,0,0,1,0,3,1,0.15,0,1,0,0,0,613
https://4jw.d29.mytemp.website/stoe/app-vernieuwen/gate.php,1,phishtank,mytemp.website,website,59,22,29,0,4.2871,3.7544,0,2,4,1,3,1,0.0508,0,1,0,0,0,928
https://gsrellastrax.weebly.com/,1,phishtank,weebly.com,com,32,23,1,0,4.0695,3.7623,0,1,2,0,0,1,0.0,0,1,0,0,0,7420
https://docs.google.com/presentation/d/e/2PACX-1vQ1JOU7NNxO6o1NCpyPaqegkl189M9wZcEQLiSwZIbIbtWDdQrmqhQ47TPGqsIE3s3UkQZD4BBybrvM/pub?start=false&amp;loop=false&amp;delayms=3000,1,phishtank,google.com,com,175,15,108,43,5.6083,2.9736,0,1,2,1,19,9,0.1086,0,1,0,0,0,10537
https://wrj.awf.mybluehost.me/page/methods.php,1,phishtank,mybluehost.me,me,46,21,17,0,4.1429,3.8802,0,2,4,0,0,1,0.0,0,1,0,0,0,3576
https://undip.ac.id/,0,tranco,undip.ac.id,ac.id,20,11,1,0,3.5842,2.914,0,0,2,0,0,1,0.0,0,1,0,0,0,-1
https://updateeluiss.weebly.com/,1,phishtank,weebly.com,com,32,23,1,0,4.0542,3.8279,0,1,2,0,0,1,0.0,0,1,0,1,1,7420
https://re11133.vercel.app/,1,phishtank,vercel.app,app,27,18,1,0,3.7542,3.1972,0,1,2,0,5,1,0.1852,0,1,0,0,0,-1
https://onne.link/suafaturatacdao?gclid=EAIaIQobChMI09nB8qrN_AIVF43ICh3cWgi3EAAYASAAEgIf1vD_BwE,1,phishtank,onne.link,link,95,9,16,61,5.244,2.6416,0,0,1,0,8,3,0.0842,0,1,0,0,0,2773
https://japantimes.co.jp/,0,tranco,japantimes.co.jp,co.jp,25,16,1,0,3.7533,3.5,0,0,2,0,0,1,0.0,0,1,0,0,0,11138
https://unibo.it/,0,tranco,unibo.it,it,17,8,1,0,3.4104,2.75,0,0,1,0,0,1,0.0,0,1,0,0,0,11132
https://wetransfer.net/,0,tranco,wetransfer.net,net,23,14,1,0,3.5014,3.0391,0,0,1,0,0,1,0.0,0,1,0,0,0,6379
https://hawaii.gov/,0,tranco,hawaii.gov,gov,19,10,1,0,3.5766,2.9219,0,0,1,0,0,1,0.0,0,1,0,0,0,10520
https://infn.it/,0,tranco,infn.it,it,16,7,1,0,3.1556,2.2359,0,0,1,0,0,1,0.0,0,1,0,0,0,11132
https://l.ead.me/bfJOJV,1,phishtank,ead.me,me,23,8,7,0,3.969,2.5,0,1,2,0,0,1,0.0,0,1,0,0,0,3928
https://docs.google.com/presentation/d/e/2PACX-1vQGBfOykuF4sTSA02z3fHUzJlnCRSRN4ojzf_mE76KLr-6aD0lpSfzf-2l3XJK81FBnvMz239eKlQwN/pub?start=false&amp;loop=false&amp;delayms=3000,1,phishtank,google.com,com,175,15,108,43,5.5863,2.9736,0,1,2,3,22,9,0.1257,0,1,0,0,0,10537
https://victronenergy.com/,0,tranco,victronenergy.com,com,26,17,1,0,3.9501,3.4992,0,0,1,0,0,1,0.0,0,1,0,0,0,9498
https://limelight.pk/,0,tranco,limelight.pk,pk,21,12,1,0,3.5585,3.2516,0,0,1,0,0,1,0.0,0,1,0,0,0,4667
https://tld.sk/,0,tranco,tld.sk,sk,15,6,1,0,3.1396,2.585,0,0,1,0,0,1,0.0,0,1,0,0,0,8443
https://nipepe-3d2ee.firebaseapp.com/,1,phishtank,firebaseapp.com,com,37,28,1,0,4.0777,3.7534,0,1,2,1,2,1,0.0541,0,1,0,0,0,5027
https://chainvista.webflow.io/,1,phishtank,webflow.io,io,30,21,1,0,4.0314,3.7849,0,1,2,0,0,1,0.0,0,1,0,0,0,4823
https://bnditonabs.firebaseapp.com/,1,phishtank,firebaseapp.com,com,35,26,1,0,4.0284,3.7962,0,1,2,0,0,1,0.0,0,1,0,0,0,5027
https://l.ead.me/bfOdPk,1,phishtank,ead.me,me,23,8,7,0,3.969,2.5,0,1,2,0,0,1,0.0,0,1,0,0,0,3928
https://qrco.de/bfLOwC,1,phishtank,qrco.de,de,22,7,7,0,4.1524,2.8074,0,0,1,0,0,1,0.0,0,1,0,0,0,-1
https://bhphotovideo.com/,0,tranco,bhphotovideo.com,com,25,16,1,0,3.6733,3.375,0,0,1,0,0,1,0.0,0,1,0,0,0,11026
https://walletconnect.org/,0,tranco,walletconnect.org,org,26,17,1,0,3.8253,3.3816,0,0,1,0,0,1,0.0,0,1,0,1,1,3040
https://supportcenter-business.pages.dev/,1,phishtank,pages.dev,dev,41,32,1,0,3.9948,3.8133,0,1,2,1,0,1,0.0,0,1,0,1,1,-1
https://fairplifnciaezrds.firebaseapp.com/,1,phishtank,firebaseapp.com,com,42,33,1,0,4.112,3.8014,0,1,2,0,0,1,0.0,0,1,0,0,0,5027
https://6pt8hwg94.ukit.me/,1,phishtank,ukit.me,me,26,17,1,0,3.9791,3.8522,0,1,2,0,4,1,0.1538,0,1,0,0,0,3509
https://cert-000049-0000c5.firebaseapp.com/,1,phishtank,firebaseapp.com,com,43,34,1,0,4.0827,3.8078,0,1,2,2,11,1,0.2558,0,1,0,0,0,5027
https://midasplayer.net/,0,tranco,midasplayer.net,net,24,15,1,0,3.8554,3.6402,0,0,1,0,0,1,0.0,0,1,0,0,0,5460
https://cettire.com/,0,tranco,cettire.com,com,20,11,1,0,3.4842,2.914,0,0,1,0,0,1,0.0,0,1,0,0,0,4688
https://golfdigest.com/,0,tranco,golfdigest.com,com,23,14,1,0,3.8492,3.5216,0,0,1,0,0,1,0.0,0,1,0,0,0,11250
https://ugm.ac.id/,0,tranco,ugm.ac.id,ac.id,18,9,1,0,3.6835,2.9477,0,0,2,0,0,1,0.0,0,1,0,0,0,-1
https://sites.google.com/view/vgcfdbgfbj03/accueil,1,phishtank,google.com,com,50,16,26,0,4.3513,3.2028,0,1,2,0,2,1,0.04,0,1,0,0,0,10537
https://caci.com/,0,tranco,caci.com,com,17,8,1,0,3.4104,2.4056,0,0,1,0,0,1,0.0,0,1,0,0,0,12514
https://stanby.com/,0,tranco,stanby.com,com,19,10,1,0,3.6421,3.3219,0,0,1,0,0,1,0.0,0,1,0,0,0,5646
https://qrco.de/bgatFW,1,phishtank,qrco.de,de,22,7,7,0,4.0272,2.8074,0,0,1,0,0,1,0.0,0,1,0,0,0,-1
https://unicampbr2.ukit.me/,1,phishtank,ukit.me,me,27,18,1,0,4.0323,3.7255,0,1,2,0,1,1,0.037,0,1,0,0,0,3509
https://starting-guide-desktop.zapier.app/,1,phishtank,zapier.app,app,42,33,1,0,4.0353,3.862,0,1,2,2,0,1,0.0,0,1,0,0,0,-1
https://noibu.com/,0,tranco,noibu.com,com,18,9,1,0,3.6835,2.9477,0,0,1,0,0,1,0.0,0,1,0,0,0,3429
https://uni-marburg.de/,0,tranco,uni-marburg.de,de,23,14,1,0,4.056,3.5216,0,0,1,1,0,1,0.0,0,1,0,0,0,-1
https://awsdns-45.com/,0,tranco,awsdns-45.com,com,22,13,1,0,3.9363,3.5466,0,0,1,1,2,1,0.0909,0,1,0,0,0,5752
https://new.express.adobe.com/webpage/hXVyGPpCWIakQ,1,phishtank,adobe.com,com,51,21,22,0,4.5788,3.5945,0,2,3,0,0,1,0.0,0,1,0,0,0,14492
https://lgin-trexo.wixstudio.com/login-oi,1,phishtank,wixstudio.com,com,41,24,9,0,4.1387,3.9387,0,1,2,2,0,1,0.0,0,1,0,1,1,-1
https://docs.google.com/presentation/d/e/2PACX-1vTVCyhL7SHdYzcDa5eHTEpU28dhlFGEUN-jRFWSP2xWqkJZJAHY128zFalIuLRMjSXENEJN3X0G5Y_t/pub?start=false&amp;loop=false&amp;delayms=3000,1,phishtank,google.com,com,175,15,108,43,5.6707,2.9736,0,1,2,2,17,9,0.0971,0,1,0,0,0,10537
https://tktube.com/,0,tranco,tktube.com,com,19,10,1,0,3.5766,3.1219,0,0,1,0,0,1,0.0,0,1,0,0,0,2591
https://sweepquest.info/,0,tranco,sweepquest.info,info,24,15,1,0,3.7091,3.4566,0,0,1,0,0,1,0.0,0,1,0,0,0,-1
https://liveweb-ledge.wixstudio.com/us-en,1,phishtank,wixstudio.com,com,41,27,6,0,4.269,3.9121,0,1,2,2,0,1,0.0,0,1,0,0,0,-1
https://ousaqb.tech/,0,tranco,ousaqb.tech,tech,20,11,1,0,3.6464,3.4594,0,0,1,0,0,1,0.0,0,1,0,0,0,1030
https://potok.cash/,0,tranco,potok.cash,cash,19,10,1,0,3.3264,3.1219,0,0,1,0,0,1,0.0,0,1,0,0,0,-1
https://btinternetvoice9583.komi.io/,1,phishtank,komi.io,io,36,27,1,0,4.1179,3.7821,0,1,2,0,4,1,0.1111,0,1,0,0,0,2419
https://ekatox.com/,0,tranco,ekatox.com,com,19,10,1,0,3.6421,3.1219,0,0,1,0,0,1,0.0,0,1,0,0,0,2063
https://allegro.sk/,0,tranco,allegro.sk,sk,19,10,1,0,3.6819,3.1219,0,0,1,0,0,1,0.0,0,1,0,0,0,8050
https://speedof.me/,0,tranco,speedof.me,me,19,10,1,0,3.4316,2.8464,0,0,1,0,0,1,0.0,0,1,0,0,0,5355
https://2648tkn.ink/txtstyh9/15twRz/sTgWXV,1,phishtank,2648tkn.ink,ink,42,11,23,0,4.3919,3.0958,0,0,1,0,7,1,0.1667,0,1,0,0,0,-1
https://kidoz.net/,0,tranco,kidoz.net,net,18,9,1,0,3.6416,3.1699,0,0,1,0,0,1,0.0,0,1,0,0,0,6849
https://faqs-io-trezre-pages.wixstudio.com/support,1,phishtank,wixstudio.com,com,50,34,8,0,4.264,4.1529,0,1,2,3,0,1,0.0,0,1,0,1,1,-1
https://coches.net/,0,tranco,coches.net,net,19,10,1,0,3.3264,2.9219,0,0,1,0,0,1,0.0,0,1,0,0,0,10814
https://bridgelearn.wixstudio.com/en-us,1,phishtank,wixstudio.com,com,39,25,6,0,4.3681,4.0537,0,1,2,1,0,1,0.0,0,1,0,0,0,-1
https://did.li/b84ZH,1,phishtank,did.li,li,20,6,6,0,3.7842,1.9183,0,0,1,0,2,1,0.1,0,1,0,0,0,-1
https://awmdm.com/,0,tranco,awmdm.com,com,18,9,1,0,3.5305,2.6416,0,0,1,0,0,1,0.0,0,1,0,0,0,6284
https://voskhod.ru/,0,tranco,voskhod.ru,ru,19,10,1,0,3.5766,3.1219,0,0,1,0,0,1,0.0,0,1,0,0,0,9504
https://www.dpdlocotm.cyou/com,1,phishtank,dpdlocotm.cyou,cyou,30,18,4,0,3.7396,3.3083,0,1,2,0,0,1,0.0,0,1,0,0,0,68
https://free-5512703.webadorsite.com/,1,phishtank,webadorsite.com,com,37,28,1,0,4.4659,4.2359,0,1,2,1,7,1,0.1892,0,1,0,1,1,2435
https://l.ead.me/bgZycx,1,phishtank,ead.me,me,23,8,7,0,4.056,2.5,0,1,2,0,0,1,0.0,0,1,0,0,0,3928
https://veirifcaemail.webcindario.com/,1,phishtank,webcindario.com,com,38,29,1,0,4.1787,3.6899,0,1,2,0,0,1,0.0,0,1,0,0,0,9275
https://nameserver.vip/,0,tranco,nameserver.vip,vip,23,14,1,0,3.6753,3.182,0,0,1,0,0,1,0.0,0,1,0,0,0,2113
https://adobeoobe.com/,0,tranco,adobeoobe.com,com,22,13,1,0,3.6069,2.7774,0,0,1,0,0,1,0.0,0,1,0,0,0,4361
https://q-r.to/bgapWD,1,phishtank,q-r.to,to,21,6,7,0,3.8442,2.585,0,0,1,1,0,1,0.0,0,1,0,0,0,5285
https://marphezis.com/,0,tranco,marphezis.com,com,22,13,1,0,3.7888,3.5466,0,0,1,0,0,1,0.0,0,1,0,0,0,4026
https://kurier.at/,0,tranco,kurier.at,at,18,9,1,0,3.5305,2.9477,0,0,1,0,0,1,0.0,0,1,0,0,0,-1
https://docs.google.com/presentation/d/e/2PACX-1vQvVFJ06k-N9xYWBlCl1TAalJZyxmilKiWPR5XBodgxLID4H1SMqJLZYaZEM-FkjemZhQpA8huvC2HB/pub?start=false&amp;loop=false&amp;delayms=3000,1,phishtank,google.com,com,175,15,108,43,5.645,2.9736,0,1,2,3,15,9,0.0857,0,1,0,0,0,10537
https://qrco.de/bgc4oC,1,phishtank,qrco.de,de,22,7,7,0,3.9706,2.8074,0,0,1,0,1,1,0.0455,0,1,0,0,0,-1
https://gscontxt.net/,0,tranco,gscontxt.net,net,21,12,1,0,3.4226,3.0221,0,0,1,0,0,1,0.0,0,1,0,0,0,5257
https://webmail785895333.weebly.com/,1,phishtank,weebly.com,com,36,27,1,0,4.3292,3.8842,0,1,2,0,9,1,0.25,0,1,0,0,0,7420
https://force.com/,0,tranco,force.com,com,18,9,1,0,3.5724,2.7255,0,0,1,0,0,1,0.0,0,1,0,0,0,12847
https://place.bio/jhuuiui,1,phishtank,place.bio,bio,25,9,8,0,3.8333,3.1699,0,0,1,0,0,1,0.0,0,1,0,0,0,-1
https://hellomoon.io/,0,tranco,hellomoon.io,io,21,12,1,0,3.4992,2.7516,0,0,1,0,0,1,0.0,0,1,0,0,0,1756
https://shared-document-cfb9de.webflow.io/,1,phishtank,webflow.io,io,42,33,1,0,4.368,4.1502,0,1,2,2,1,1,0.0238,0,1,0,0,0,4823
https://jut.su/,0,tranco,jut.su,su,15,6,1,0,3.0062,2.2516,0,0,1,0,0,1,0.0,0,1,0,0,0,5020
https://ngenix.net/,0,tranco,ngenix.net,net,19,10,1,0,3.3919,2.6464,0,0,1,0,0,1,0.0,0,1,0,0,0,7005
"https://www.adsensecustomsearchads.com/afs/ads?adtest=off&psid=3113057640&pcsa=false&channel=pid-bodis-gcontrol202,pid-bodis-gcontrol97,pid-bodis-gcontrol318,pid-bodis-gcontrol151,pid-bodis-gcontrol472&client=dp-bodis31_3ph&r=m&hl=fr&ivt=0&rpbu=http://75463078676.hyperphp.com?caf&&max_radlink_len=50&type=3&uiopt=false&swp=as-drid-2894319533101138&oe=UTF-8&ie=UTF-8&fexp=21404,17300002,17301383,17301418,17301437,17301439,17301442,71847096&client_gdprApplies=1&format=r3&nocache=6471709748134934&num=0&output=afd_ads&domain_name=75463078676.hyperphp.com&v=3&bsl=8&pac=2&u_his=2&u_tz=60&dt=1709748134936&u_w=800&u_h=600&biw=1920&bih=1080&psw=1920&psh=972&frm=0&uio=-&cont=rs&drt=0&jsid=caf&jsv=610814804&rurl=http://75463078676.hyperphpcom/",1,phishtank,adsensecustomsearchads.com,com,740,30,8,693,5.1556,3.6193,0,1,7,16,213,98,0.2878,0,1,0,0,0,5653
https://3tx8qvn.top/o3brvzmp/lu3w5C/JTdLzP,1,phishtank,3tx8qvn.top,top,42,11,23,0,4.5561,3.2776,0,0,1,0,5,1,0.119,0,1,0,0,0,-1
https://m.pge.link/srtyu/db99a7ec-7057-4f7a-9ab7-1c77df89bf4a,1,phishtank,pge.link,link,61,10,43,0,4.6206,3.1219,0,1,2,4,17,1,0.2787,0,1,0,0,0,1945
https://suspension-decorreo.iceiy.com/?i=1,1,phishtank,iceiy.com,com,42,29,1,3,4.1659,3.6075,0,1,2,1,1,3,0.0238,0,1,0,0,0,2054
https://reimagined-funicular-ivory.vercel.app/,1,phishtank,vercel.app,app,46,37,1,0,4.3439,3.9999,0,1,2,2,0,1,0.0,0,1,0,0,0,-1
https://sites.google.com/view/anti-b/home,1,phishtank,google.com,com,41,16,17,0,4.062,3.2028,0,1,2,1,0,1,0.0,0,1,0,0,0,10537
https://channel.io/,0,tranco,channel.io,io,19,10,1,0,3.6819,3.1219,0,0,1,0,0,1,0.0,0,1,0,0,0,5748
https://qrco.de/bgeWmt,1,phishtank,qrco.de,de,22,7,7,0,3.9363,2.8074,0,0,1,0,0,1,0.0,0,1,0,0,0,-1
https://bestesgrous.web.app/,1,phishtank,web.app,app,28,19,1,0,3.6995,3.4316,0,1,2,0,0,1,0.0,0,1,0,0,0,-1
https://u.to/gift/zhp9Ig,1,phishtank,u.to,to,24,4,12,0,3.6683,2.0,0,0,1,0,1,1,0.0417,0,1,0,1,1,1707
https://share-eu1.hsforms.com/1MuhYRDY-Rx2J7-mXdFQ9Ig2ffvv8,1,phishtank,hsforms.com,com,59,21,30,0,4.9162,3.5945,0,1,2,3,7,1,0.1186,0,1,0,0,0,4690
https://l.ead.me/bgf33T,1,phishtank,ead.me,me,23,8,7,0,3.969,2.5,0,1,2,0,2,1,0.087,0,1,0,0,0,3928
https://sites.google.com/view/fac-tura-tion-esp-ace05/home,1,phishtank,google.com,com,58,16,34,0,4.2959,3.2028,0,1,2,4,2,1,0.0345,0,1,0,0,0,10537
https://elster-de-eportal.web.app/,1,phishtank,web.app,app,34,25,1,0,3.7826,3.5093,0,1,2,2,0,1,0.0,0,1,0,0,0,-1
https://us8.campaign-archive.com/?u=d01a15eb61bad026857cfa08e&id=766bec2101,1,phishtank,campaign-archive.com,com,75,24,1,41,4.7821,3.9387,0,1,2,1,22,5,0.2933,0,1,0,0,0,7139
https://bookonrer.web.app/,1,phishtank,web.app,app,26,17,1,0,3.7672,3.2195,0,1,2,0,0,1,0.0,0,1,0,0,0,-1
https://app-page-trezor.wixstudio.com:443/start-io,1,phishtank,wixstudio.com,com,50,29,9,0,4.2831,4.0473,0,1,2,3,3,2,0.06,0,1,0,0,0,-1
https://webbmall.weebly.com/,1,phishtank,weebly.com,com,28,19,1,0,3.8424,3.1814,0,1,2,0,0,1,0.0,0,1,0,0,0,7420
http://ingreso-servicio.webcindario.com/,1,phishtank,webcindario.com,com,40,32,1,0,4.1562,3.7539,0,1,2,1,0,1,0.0,0,0,0,0,0,9275
https://oxforddictionaries.com/,0,tranco,oxforddictionaries.com,com,31,22,1,0,3.9779,3.6069,0,0,1,0,0,1,0.0,0,1,0,0,0,9486
https://charmoula.storage.googleapis.com/cd05eb60-bd78-4624-a17d-1e2d3a44469b/index.html,1,phishtank,googleapis.com,com,88,32,48,0,4.8005,3.715,0,2,4,4,20,1,0.2273,0,1,0,0,0,7847
https://desirable-vision-869022.framer.app/,1,phishtank,framer.app,app,43,34,1,0,4.4662,4.2339,0,1,2,2,6,1,0.1395,0,1,0,0,0,-1
https://qrco.de/bfJuYr,1,phishtank,qrco.de,de,22,7,7,0,4.0615,2.8074,0,0,1,0,0,1,0.0,0,1,0,0,0,-1
https://merrimsg.m-pages.com/BT01/voicemsg,1,phishtank,m-pages.com,com,42,20,14,0,4.1752,3.4219,0,1,2,1,2,1,0.0476,0,1,0,0,0,2688
https://cvs.com/,0,tranco,cvs.com,com,16,7,1,0,3.3278,2.5216,0,0,1,0,0,1,0.0,0,1,0,0,0,11131
https://google.com.tj/,0,tranco,google.com.tj,com.tj,22,13,1,0,3.6292,3.027,0,0,2,0,0,1,0.0,0,1,0,0,0,-1
https://q-r.to/bgbbOC,1,phishtank,q-r.to,to,21,6,7,0,3.713,2.585,0,0,1,1,0,1,0.0,0,1,0,0,0,5285
https://skills.google/,0,tranco,skills.google,google,22,13,1,0,3.5383,2.8731,0,0,1,0,0,1,0.0,0,1,0,0,0,-1
https://zpr.io/efyte787WqYD,1,phishtank,zpr.io,io,27,6,13,0,4.1805,2.585,0,0,1,0,3,1,0.1111,0,1,0,0,0,5000
https://sz.gov.cn/,0,tranco,sz.gov.cn,gov.cn,18,9,1,0,3.5724,2.9477,0,0,2,0,0,1,0.0,0,1,0,0,0,-1
https://partner.co.il/,0,tranco,partner.co.il,co.il,22,13,1,0,3.7544,3.3927,0,0,2,0,0,1,0.0,0,1,0,0,0,-1
https://colla-gen.ru/dvla910,1,phishtank,colla-gen.ru,ru,28,12,8,0,4.3249,3.4183,0,0,1,1,3,1,0.1071,0,1,0,0,0,2220
https://eadaily.com/,0,tranco,eadaily.com,com,20,11,1,0,3.8842,3.2776,0,0,1,0,0,1,0.0,0,1,0,0,0,4419
https://docs.google.com/presentation/d/e/2PACX-1vQfOHgtZFbY-NqgZKWlLLaYbQEKL0GZdS2JI_UOk-KrmBOmSghMR51m_YNYvH2NMrYseBh1zE1wSB8p/pub?start=false&amp;loop=false&amp;delayms=3000,1,phishtank,google.com,com,175,15,108,43,5.5952,2.9736,0,1,2,3,14,9,0.08,0,1,0,0,0,10537
https://qrco.de/bgbmSZ,1,phishtank,qrco.de,de,22,7,7,0,4.0615,2.8074,0,0,1,0,0,1,0.0,0,1,0,0,0,-1
https://bardatuyda.weebly.com/,1,phishtank,weebly.com,com,30,21,1,0,4.0981,3.6897,0,1,2,0,0,1,0.0,0,1,0,0,0,7420
https://english-heritage.org.uk/,0,tranco,english-heritage.org.uk,org.uk,32,23,1,0,4.007,3.7623,0,0,2,1,0,1,0.0,0,1,0,0,0,10843
https://massive-tangerine-175291.framer.app/,1,phishtank,framer.app,app,44,35,1,0,4.2827,4.0791,0,1,2,2,6,1,0.1364,0,1,0,0,0,-1
https://new.express.adobe.com/webpage/LnPdQCNJhMe8S,1,phishtank,adobe.com,com,51,21,22,0,4.5368,3.5945,0,2,3,0,1,1,0.0196,0,1,0,0,0,14492
https://law360.com/,0,tranco,law360.com,com,19,10,1,0,3.8924,3.3219,0,0,1,0,3,1,0.1579,0,1,0,0,0,8607
https://urlsnippets.dimensionsparcelsstatistics.org/asm/unsubscribe/-09475-lxm93moppyr4coc91mfrhaob8imqcjy297tazwgtnnsyiwbt4---987946381442623-3112231975-b-mwu-un7c506mq8ywqyrqdwnqyepq0pdm-uzrz3e0c-vh3qh4-qpztxs5,1,phishtank,dimensionsparcelsstatistics.org,org,212,43,161,0,5.0618,3.7372,0,1,2,12,51,1,0.2406,0,1,0,0,0,27
https://ua.es/,0,tranco,ua.es,es,14,5,1,0,3.182,2.3219,0,0,1,0,0,1,0.0,0,1,0,0,0,-1
https://viifwjox.com/,0,tranco,viifwjox.com,com,21,12,1,0,3.8802,3.2516,0,0,1,0,0,1,0.0,0,1,0,0,0,243
https://rug.nl/,0,tranco,rug.nl,nl,15,6,1,0,3.4566,2.585,0,0,1,0,0,1,0.0,0,1,0,0,0,13929
https://badische-zeitung.de/,0,tranco,badische-zeitung.de,de,28,19,1,0,4.0122,3.7871,0,0,1,1,0,1,0.0,0,1,0,0,0,-1
https://discord.gg/,0,tranco,discord.gg,gg,19,10,1,0,3.5766,2.9219,0,0,1,0,0,1,0.0,0,1,0,0,0,4163
https://docs.google.com/drawings/d/101y5dl8QJUEAjgHDhqqtFvw6cOAxMQhveKWLPEzX76o/edit,1,phishtank,google.com,com,84,15,61,0,5.2525,2.9736,0,1,2,0,8,1,0.0952,0,1,0,0,0,10537
https://l.ead.me/bgaIRY,1,phishtank,ead.me,me,23,8,7,0,3.969,2.5,0,1,2,0,0,1,0.0,0,1,0,0,0,3928
https://lodz.pl/,0,tranco,lodz.pl,pl,16,7,1,0,3.3278,2.5216,0,0,1,0,0,1,0.0,0,1,0,0,0,11525
https://openai.org/,0,tranco,openai.org,org,19,10,1,0,3.6819,3.1219,0,0,1,0,0,1,0.0,0,1,0,0,0,9563
https://www.dpdlocahh.top/com/,1,phishtank,dpdlocahh.top,top,30,17,5,0,3.6477,3.2195,0,1,2,0,0,1,0.0,0,1,0,0,0,86
https://www.roblox.com.bn/games/98997704925513/Clone-Infection?privateServerLinkCode=20500039043020497411860862860566,1,openphish,roblox.com.bn,com.bn,117,17,37,54,5.0477,3.1307,0,1,3,1,46,3,0.3932,0,1,0,0,0,624
https://edf.espace-facture.info/pages/isap.php,1,phishtank,espace-facture.info,info,46,23,15,0,3.9717,3.7081,0,1,3,1,0,1,0.0,0,1,0,0,0,-1
https://pub-d477ef7483a9463f8c8d77797c65b3ca.r2.dev/index.html,1,phishtank,r2.dev,dev,62,43,11,0,4.6689,4.0908,0,1,3,1,22,1,0.3548,0,1,0,0,0,-1
https://t3xglm.webwave.dev/,1,phishtank,webwave.dev,dev,27,18,1,0,4.0043,3.5724,0,1,2,0,1,1,0.037,0,1,0,0,0,-1
https://ok.gov/,0,tranco,ok.gov,gov,15,6,1,0,3.3232,2.2516,0,0,1,0,0,1,0.0,0,1,0,0,0,8147
https://marutisuzuki.com/,0,tranco,marutisuzuki.com,com,25,16,1,0,3.8333,3.4528,0,0,1,0,0,1,0.0,0,1,0,0,0,10010
https://information-ameli.help/,1,phishtank,information-ameli.help,help,31,22,1,0,3.9779,3.6978,0,0,1,1,0,1,0.0,0,1,0,0,0,42
https://bit.ly/4ffWRWK,1,phishtank,bit.ly,ly,22,6,8,0,3.8454,2.585,0,0,1,0,1,1,0.0455,0,1,1,0,0,6639
https://zadn.vn/,0,tranco,zadn.vn,vn,16,7,1,0,3.4528,2.5216,0,0,1,0,0,1,0.0,0,1,0,0,0,-1
https://securewebmailo.netlify.app/,1,phishtank,netlify.app,app,35,26,1,0,4.2074,4.0081,0,1,2,0,0,1,0.0,0,1,0,1,1,-1
https://sbs.co.kr/,0,tranco,sbs.co.kr,co.kr,18,9,1,0,3.4194,2.7255,0,0,2,0,0,1,0.0,0,1,0,0,0,10765
https://sites.google.com/view/gru65i6ir6iur6uu5eue5ue,1,phishtank,google.com,com,53,16,29,0,4.0457,3.2028,0,1,2,0,7,1,0.1321,0,1,0,0,0,10537
https://gmu.edu/,0,tranco,gmu.edu,edu,16,7,1,0,3.4528,2.5216,0,0,1,0,0,1,0.0,0,1,0,0,0,14161
https://depotfr-8ae92.web.app/,1,phishtank,web.app,app,30,21,1,0,4.0314,3.749,0,1,2,1,3,1,0.1,0,1,0,0,0,-1
https://91porny.com/,0,tranco,91porny.com,com,20,11,1,0,3.7842,3.2776,0,0,1,0,2,1,0.1,0,1,0,0,0,2333
https://klelnanzeigen-deutch.7e5fn8.cfd/receive/order/3Z9qL3jun8-?r=0x15&__cf_chl_rt_tk=0WrFc0aK8Pda.NhhkMnS7QGOmWgHNCuft4l9Up8n7uI-1779992120-1.0.1.1-17jB7hyFaWydTvV7in_E8pszaqj1DIxOQJ91fgVOKHo,1,phishtank,7e5fn8.cfd,cfd,194,31,26,128,5.6402,3.999,0,1,6,5,40,5,0.2062,0,1,0,0,0,58
https://dnswl.org/,0,tranco,dnswl.org,org,18,9,1,0,3.6835,3.1699,0,0,1,0,0,1,0.0,0,1,0,0,0,7530
https://videosdemadurasx.com/,0,tranco,videosdemadurasx.com,com,29,20,1,0,4.0213,3.5842,0,0,1,0,0,1,0.0,0,1,0,0,0,4934
https://user-liveledgr.wixstudio.com/live-en,1,phishtank,wixstudio.com,com,44,28,8,0,4.2633,3.9677,0,1,2,2,0,1,0.0,0,1,0,0,0,-1
https://q-r.to/bgbQM2,1,phishtank,q-r.to,to,21,6,7,0,3.8442,2.585,0,0,1,1,1,1,0.0476,0,1,0,0,0,5285
https://3415xvp.top/a4nppaq2/bmA08C/594CKh,1,phishtank,3415xvp.top,top,42,11,23,0,4.4226,3.2776,0,0,1,0,11,1,0.2619,0,1,0,0,0,67
http://allegrolokalnie.oferta-5384913.cfd,1,phishtank,oferta-5384913.cfd,cfd,41,34,0,0,4.4546,4.1973,0,1,2,1,7,1,0.1707,0,0,0,0,0,-1
https://ltguevmavv.com/,0,tranco,ltguevmavv.com,com,23,14,1,0,3.8164,3.3249,0,0,1,0,0,1,0.0,0,1,0,0,0,705
https://qrco.de/bfES3j,1,phishtank,qrco.de,de,22,7,7,0,4.1524,2.8074,0,0,1,0,1,1,0.0455,0,1,0,0,0,-1
https://file-greview.web.app/,1,phishtank,web.app,app,29,20,1,0,3.9783,3.5219,0,1,2,1,0,1,0.0,0,1,0,0,0,-1
https://docs.google.com/drawings/d/1ZJerODnGdeOVlfpfOV6CR4g3fkNQ2ukFS6QE7vtC1Aw/edit,1,phishtank,google.com,com,84,15,61,0,5.1854,2.9736,0,1,2,0,8,1,0.0952,0,1,0,0,0,10537
https://ilmeteo.it/,0,tranco,ilmeteo.it,it,19,10,1,0,3.3661,2.7219,0,0,1,0,0,1,0.0,0,1,0,0,0,9367
https://alibaba.com/,0,tranco,alibaba.com,com,20,11,1,0,3.6464,2.8454,0,0,1,0,0,1,0.0,0,1,0,0,0,9960
http://cancelartupago.appbancolombia.co.hstn.me/?i=2,1,phishtank,hstn.me,me,52,40,1,3,4.2193,3.8464,0,3,4,0,1,3,0.0192,0,0,0,0,0,2606
https://belastingdienst.nl/,0,tranco,belastingdienst.nl,nl,27,18,1,0,3.708,3.3502,0,0,1,0,0,1,0.0,0,1,0,0,0,11220
https://bbcgoodfood.com/,0,tranco,bbcgoodfood.com,com,24,15,1,0,3.5698,2.7329,0,0,1,0,0,1,0.0,0,1,0,0,0,9654
https://askul.co.jp/,0,tranco,askul.co.jp,co.jp,20,11,1,0,3.6842,3.2776,0,0,2,0,0,1,0.0,0,1,0,0,0,10752
https://docs.google.com/presentation/d/e/2PACX-1vT99CWO3A7Ncu6ZS8zM3o3ubQSxBb5hWW2A2tbkPjjMmzbGoSl67zNlbQtbo-JSgnCfFKCo-ngq9NFC/pub?start=false&amp;loop=false&amp;delayms=3000,1,phishtank,google.com,com,175,15,108,43,5.5283,2.9736,0,1,2,3,20,9,0.1143,0,1,0,0,0,10537
https://claspws.tv/,0,tranco,claspws.tv,tv,19,10,1,0,3.3919,3.1219,0,0,1,0,0,1,0.0,0,1,0,0,0,4152
https://zalando.pl/,0,tranco,zalando.pl,pl,19,10,1,0,3.5766,2.9219,0,0,1,0,0,1,0.0,0,1,0,0,0,6546
https://vibrantdreamscape.com/,0,tranco,vibrantdreamscape.com,com,30,21,1,0,4.0314,3.7849,0,0,1,0,0,1,0.0,0,1,0,0,0,180
https://localnowapi.com/,0,tranco,localnowapi.com,com,24,15,1,0,3.7721,3.1899,0,0,1,0,0,1,0.0,0,1,0,0,0,2162
https://fastecn.com/,0,tranco,fastecn.com,com,20,11,1,0,3.6464,3.2776,0,0,1,0,0,1,0.0,0,1,0,0,0,1489
https://q-r.to/bgaN24,1,phishtank,q-r.to,to,21,6,7,0,3.9395,2.585,0,0,1,1,2,1,0.0952,0,1,0,0,0,5285
https://rakuten-bank.co.jp/,0,tranco,rakuten-bank.co.jp,co.jp,27,18,1,0,4.0323,3.7255,0,0,2,1,0,1,0.0,0,1,0,1,1,7478
https://site-ausu3wbam.godaddysites.com/,1,phishtank,godaddysites.com,com,40,31,1,0,4.1751,3.9378,0,1,2,1,1,1,0.025,0,1,0,0,0,4628
http://allegro-lokalnie.oferta37654208.shop/,1,phishtank,oferta37654208.shop,shop,44,36,1,0,4.4817,4.3502,0,1,2,1,8,1,0.1818,0,0,0,0,0,-1
https://attmailerinnfos.urest.org/,1,phishtank,urest.org,org,34,25,1,0,3.9735,3.7035,0,1,2,0,0,1,0.0,0,1,0,0,0,4127
https://new.express.adobe.com/webpage/MejHt4JmDaz9R,1,phishtank,adobe.com,com,51,21,22,0,4.5072,3.5945,0,2,3,0,2,1,0.0392,0,1,0,0,0,14492
https://pubadx.one/,0,tranco,pubadx.one,one,19,10,1,0,3.7871,3.3219,0,0,1,0,0,1,0.0,0,1,0,0,0,917
https://google.se/,0,tranco,google.se,se,18,9,1,0,3.3502,2.5033,0,0,1,0,0,1,0.0,0,1,0,0,0,8365
http://inicidaaavihn.webcindario.com,1,phishtank,webcindario.com,com,36,29,0,0,3.9194,3.5125,0,1,2,0,0,1,0.0,0,0,0,0,0,9275
https://bit.ly/4fhCqtn,1,phishtank,bit.ly,ly,22,6,8,0,3.7888,2.585,0,0,1,0,1,1,0.0455,0,1,1,0,0,6639
https://qrco.de/bgZrJ2,1,phishtank,qrco.de,de,22,7,7,0,4.0615,2.8074,0,0,1,0,1,1,0.0455,0,1,0,0,0,-1
https://jaxa.jp/,0,tranco,jaxa.jp,jp,16,7,1,0,3.2028,2.2359,0,0,1,0,0,1,0.0,0,1,0,0,0,8545
https://jasav.m-pages.com/jY8XzI/ttbtbbtee,1,phishtank,m-pages.com,com,42,17,17,0,4.1892,3.4548,0,1,2,1,1,1,0.0238,0,1,0,0,0,2688
https://n8n.io/,0,tranco,n8n.io,io,15,6,1,0,3.3232,2.2516,0,0,1,0,1,1,0.0667,0,1,0,0,0,2790
https://bytedns1.com/,0,tranco,bytedns1.com,com,21,12,1,0,3.8442,3.585,0,0,1,0,1,1,0.0476,0,1,0,0,0,2626
https://oui-0x00199d.com/,0,tranco,oui-0x00199d.com,com,25,16,1,0,4.0235,3.4528,0,0,1,1,6,1,0.24,0,1,0,0,0,6314
https://l.ead.me/bfHggf,1,phishtank,ead.me,me,23,8,7,0,3.882,2.5,0,1,2,0,0,1,0.0,0,1,0,0,0,3928
https://statmuse.com/,0,tranco,statmuse.com,com,21,12,1,0,3.4633,3.085,0,0,1,0,0,1,0.0,0,1,0,0,0,4430
https://amebaownd.com/,0,tranco,amebaownd.com,com,22,13,1,0,3.8797,3.2389,0,0,1,0,0,1,0.0,0,1,0,0,0,4341
https://pub-2deedb30aff5494b826a955e4e27f0d5.r2.dev/index.html,1,phishtank,r2.dev,dev,62,43,11,0,4.6373,4.0804,0,1,3,1,19,1,0.3065,0,1,0,0,0,-1
https://bafkreigcwlcyafg3qofooig52dhl7sp2csm4634cl247fm5jn4hn4xpm24.ipfs.dweb.link/,1,phishtank,dweb.link,link,83,74,1,0,4.828,4.6905,0,2,3,0,17,1,0.2048,0,1,0,0,0,3435
https://qrco.de/bglZfI,1,phishtank,qrco.de,de,22,7,7,0,4.1524,2.8074,0,0,1,0,0,1,0.0,0,1,0,0,0,-1
https://appraisal-analysis.myportfolio.com/,1,phishtank,myportfolio.com,com,43,34,1,0,3.9698,3.716,0,1,2,1,0,1,0.0,0,1,0,0,0,10585
https://sspnet.tech/,0,tranco,sspnet.tech,tech,20,11,1,0,3.1464,2.914,0,0,1,0,0,1,0.0,0,1,0,0,0,1009
https://eropuru.com/,0,tranco,eropuru.com,com,20,11,1,0,3.5842,2.914,0,0,1,0,0,1,0.0,0,1,0,0,0,5683
https://publico.es/,0,tranco,publico.es,es,19,10,1,0,3.6819,3.3219,0,0,1,0,0,1,0.0,0,1,0,0,0,-1
https://docs.google.com/drawings/d/1dwhuV5f_EBixFKm8-WxYpeGIv2jHrFO2ycZAisQDZGc/edit,1,phishtank,google.com,com,84,15,61,0,5.2568,2.9736,0,1,2,1,5,1,0.0595,0,1,0,0,0,10537
https://escortbabylon.net/,0,tranco,escortbabylon.net,net,26,17,1,0,3.8253,3.4992,0,0,1,0,0,1,0.0,0,1,0,0,0,5080
https://us14.campaign-archive.com/?u=aa955a7655efc5f81d5513c3b&id=3290e37b1d,1,phishtank,campaign-archive.com,com,76,25,1,41,4.8559,4.0235,0,1,2,1,24,5,0.3158,0,1,0,0,0,7139
https://uniquedesign.ma/?gclid=CjwKCAjw5pShBhB_EiwAvmnNV7ccoBbQEn4diVJyptHHT_Ifp8jjnQKD2ykHNc6t-oP4J93dN43DchoCkFgQAvD_BwE,1,phishtank,uniquedesign.ma,ma,122,15,1,97,5.5382,3.3736,0,0,1,1,11,3,0.0902,0,1,0,0,0,3598
https://nme.com/,0,tranco,nme.com,com,16,7,1,0,3.4528,2.5216,0,0,1,0,0,1,0.0,0,1,0,0,0,-1
https://jcpenney.com/,0,tranco,jcpenney.com,com,21,12,1,0,3.6897,3.085,0,0,1,0,0,1,0.0,0,1,0,0,0,11970
https://egress.com/,0,tranco,egress.com,com,19,10,1,0,3.5369,2.9219,0,0,1,0,0,1,0.0,0,1,0,0,0,10099
https://santander.co.uk/,0,tranco,santander.co.uk,co.uk,24,15,1,0,3.8554,3.5069,0,0,2,0,0,1,0.0,0,1,0,0,0,8378
https://my.gov.au/,0,tranco,my.gov.au,gov.au,18,9,1,0,3.6835,2.9477,0,0,2,0,0,1,0.0,0,1,0,0,0,-1
https://schwab.com/,0,tranco,schwab.com,com,19,10,1,0,3.5766,3.1219,0,0,1,0,0,1,0.0,0,1,0,0,0,12159
https://share-eu1.hsforms.com/1pf97ACziR22hcgycuHREdQ2fg03h,1,phishtank,hsforms.com,com,59,21,30,0,4.855,3.5945,0,1,2,1,9,1,0.1525,0,1,0,0,0,4690
https://kundenservices2023.blogspot.com/,1,phishtank,blogspot.com,com,40,31,1,0,4.3964,4.236,0,1,2,0,4,1,0.1,0,1,0,1,1,9486
https://docs.google.com/presentation/d/e/2PACX-1vTGiur5X3Hfpqe5osFOHUgHHWe1U9NY0_o7kxtEaGLMbfgLF1hoIKPBTV8ojirWWqgv2gLw4gmgAjjr/pub?start=false&amp;loop=false&amp;delayms=3000,1,phishtank,google.com,com,175,15,108,43,5.5675,2.9736,0,1,2,1,17,9,0.0971,0,1,0,0,0,10537
https://qrco.de/bgcP06,1,phishtank,qrco.de,de,22,7,7,0,4.0615,2.8074,0,0,1,0,2,1,0.0909,0,1,0,0,0,-1
https://twitchcdn.net/,0,tranco,twitchcdn.net,net,22,13,1,0,3.4429,3.027,0,0,1,0,0,1,0.0,0,1,0,0,0,3345
https://q-r.to/bgbNDN,1,phishtank,q-r.to,to,21,6,7,0,3.749,2.585,0,0,1,1,0,1,0.0,0,1,0,0,0,5285
https://shopeemobile.com/,0,tranco,shopeemobile.com,com,25,16,1,0,3.6733,3.2806,0,0,1,0,0,1,0.0,0,1,0,0,0,-1
https://vkontakte.ru/,0,tranco,vkontakte.ru,ru,21,12,1,0,3.6897,3.2516,0,0,1,0,0,1,0.0,0,1,0,0,0,7234
https://q-r.to/bfF0tW,1,phishtank,q-r.to,to,21,6,7,0,3.7849,2.585,0,0,1,1,1,1,0.0476,0,1,0,0,0,5285
https://linqapp.com/jean_wiggings,1,phishtank,linqapp.com,com,33,11,14,0,4.1421,3.2776,0,0,1,0,0,1,0.0,0,1,0,0,0,-1
https://paryajlakay.com/,0,tranco,paryajlakay.com,com,24,15,1,0,3.8035,3.2402,0,0,1,0,0,1,0.0,0,1,0,0,0,2553
https://qrco.de/bgftTP,1,phishtank,qrco.de,de,22,7,7,0,4.0272,2.8074,0,0,1,0,0,1,0.0,0,1,0,0,0,-1
https://sites.google.com/view/yahoonice/yahoo-com,1,phishtank,google.com,com,49,16,25,0,4.0354,3.2028,0,1,2,1,0,1,0.0,0,1,0,0,0,10537
https://qrco.de/bgbc4L,1,phishtank,qrco.de,de,22,7,7,0,3.9706,2.8074,0,0,1,0,1,1,0.0455,0,1,0,0,0,-1
https://traffic-signal-manufacturers.com/,1,phishtank,traffic-signal-manufacturers.com,com,41,32,1,0,4.1435,3.8667,0,0,1,2,0,1,0.0,0,1,0,0,0,1699
https://open-internet.nl/,0,tranco,open-internet.nl,nl,25,16,1,0,3.5435,3.0778,0,0,1,1,0,1,0.0,0,1,0,0,0,-1
https://urban.org/,0,tranco,urban.org,org,18,9,1,0,3.6835,2.9477,0,0,1,0,0,1,0.0,0,1,0,0,0,12376
https://nakamacloud.io/,0,tranco,nakamacloud.io,io,23,14,1,0,3.9362,3.3249,0,0,1,0,0,1,0.0,0,1,0,0,0,3409
https://impression.link/,0,tranco,impression.link,link,24,15,1,0,3.7406,3.3232,0,0,1,0,0,1,0.0,0,1,0,0,0,3269
https://s.pu.go.id/MTE1/vzllay/?support-Siac1eCD,1,phishtank,pu.go.id,go.id,48,10,13,16,4.6292,2.8464,0,1,3,1,2,2,0.0417,0,1,0,1,1,-1
https://hyundaiusa.com/,0,tranco,hyundaiusa.com,com,23,14,1,0,3.882,3.5216,0,0,1,0,0,1,0.0,0,1,0,0,0,10568
https://qrco.de/bgaIlT,1,phishtank,qrco.de,de,22,7,7,0,4.1524,2.8074,0,0,1,0,0,1,0.0,0,1,0,0,0,-1
https://kemendikdasmen.go.id/,0,tranco,kemendikdasmen.go.id,go.id,29,20,1,0,3.8833,3.3464,0,0,2,0,0,1,0.0,0,1,0,0,0,-1
https://sites.google.com/view/richieeverizonhjk/home,1,phishtank,google.com,com,52,16,28,0,4.0852,3.2028,0,1,2,0,0,1,0.0,0,1,0,0,0,10537
https://tvwiki23.net/,0,tranco,tvwiki23.net,net,21,12,1,0,3.6897,3.2516,0,0,1,0,2,1,0.0952,0,1,0,0,0,402
https://l.ead.me/bfeYdf,1,phishtank,ead.me,me,23,8,7,0,3.7623,2.5,0,1,2,0,0,1,0.0,0,1,0,0,0,3928
https://mercadolibre.com.ar/,0,tranco,mercadolibre.com.ar,com.ar,28,19,1,0,3.9677,3.3661,0,0,2,0,0,1,0.0,0,1,0,0,0,4660
https://ca.dmvueq.sbs/dmv,1,phishtank,dmvueq.sbs,sbs,25,13,4,0,3.8635,3.3927,0,1,2,0,0,1,0.0,0,1,0,0,0,39
https://pbskids.org/,0,tranco,pbskids.org,org,20,11,1,0,3.6464,3.2776,0,0,1,0,0,1,0.0,0,1,0,0,0,9966
https://sdffht3.pages.dev/gp/browse.html?node=16115931011&ref_=nav_cs_registry,1,openphish,pages.dev,dev,78,17,15,37,4.7543,3.4992,0,1,3,0,12,5,0.1538,0,1,0,0,0,-1
https://cathaypacific.com/,0,tranco,cathaypacific.com,com,26,17,1,0,3.6133,3.2195,0,0,1,0,0,1,0.0,0,1,0,0,0,11268
https://a8.net/,0,tranco,a8.net,net,15,6,1,0,3.2729,2.585,0,0,1,0,1,1,0.0667,0,1,0,0,0,10162
https://q-r.to/bgbAVB,1,phishtank,q-r.to,to,21,6,7,0,3.8442,2.585,0,0,1,1,0,1,0.0,0,1,0,0,0,5285
https://ns0.com/,0,tranco,ns0.com,com,16,7,1,0,3.4528,2.8074,0,0,1,0,1,1,0.0625,0,1,0,0,0,10886
https://bringe.net/,0,tranco,bringe.net,net,19,10,1,0,3.5369,2.9219,0,0,1,0,0,1,0.0,0,1,0,0,0,9638
https://iperceptions.com/,0,tranco,iperceptions.com,com,25,16,1,0,3.6733,3.375,0,0,1,0,0,1,0.0,0,1,0,0,0,10382
https://networksolution-6cc5f.web.app/,1,phishtank,web.app,app,38,29,1,0,4.3462,4.2113,0,1,2,1,2,1,0.0526,0,1,0,0,0,-1
https://prezo.ai/public/new-prezo--1e6fc567-b502-4055-a94a-19d0ebc7ff99,1,phishtank,prezo.ai,ai,71,8,55,0,4.6704,3.0,0,0,1,7,20,1,0.2817,0,1,0,0,0,1333
https://l.ead.me/bgavUI,1,phishtank,ead.me,me,23,8,7,0,3.969,2.5,0,1,2,0,0,1,0.0,0,1,0,0,0,3928
https://commondreams.org/,0,tranco,commondreams.org,org,25,16,1,0,3.8333,3.2806,0,0,1,0,0,1,0.0,0,1,0,0,0,10662
https://cloudconvert.com/,0,tranco,cloudconvert.com,com,25,16,1,0,3.8831,3.4056,0,0,1,0,0,1,0.0,0,1,0,0,0,6502
https://elcorreo.com/,0,tranco,elcorreo.com,com,21,12,1,0,3.5585,2.6887,0,0,1,0,0,1,0.0,0,1,0,0,0,10589
https://zpr.io/CeHDRDRthRmB,1,phishtank,zpr.io,io,27,6,13,0,4.0043,2.585,0,0,1,0,0,1,0.0,0,1,0,0,0,5000
https://ipfs.io/ipfs/QmS2Sk1FzVjdFcLhqTuBZ8jLq2zcfc14YK2vbQFXr8z6fP,1,phishtank,ipfs.io,io,67,7,52,0,5.0618,2.5216,0,0,1,0,9,1,0.1343,0,1,0,0,0,4449
http://allegrolokalnie.pl-oferta6383639.click,1,phishtank,pl-oferta6383639.click,click,45,38,0,0,4.2633,4.0235,0,1,2,1,7,1,0.1556,0,0,0,0,0,119
https://linuxjournal.com/,0,tranco,linuxjournal.com,com,25,16,1,0,4.0537,3.5,0,0,1,0,0,1,0.0,0,1,0,0,0,11878
https://hengmanrui.com/u/uhncfarstt,1,phishtank,hengmanrui.com,com,35,14,13,0,3.9789,3.5216,0,0,1,0,0,1,0.0,0,1,0,0,0,320
https://u-strasbg.fr/,0,tranco,u-strasbg.fr,fr,21,12,1,0,3.6178,3.2516,0,0,1,1,0,1,0.0,0,1,0,0,0,11525
https://dresrryopikuj.weebly.com/,1,phishtank,weebly.com,com,33,24,1,0,4.2485,3.9387,0,1,2,0,0,1,0.0,0,1,0,0,0,7420
https://remigiorizzo3orr.blogspot.com/,1,phishtank,blogspot.com,com,38,29,1,0,3.9381,3.6075,0,1,2,0,1,1,0.0263,0,1,0,0,0,9486
https://zuwmbztn.firebaseapp.com/,1,phishtank,firebaseapp.com,com,33,24,1,0,4.1879,4.0016,0,1,2,0,0,1,0.0,0,1,0,0,0,5027
https://qrco.de/beuSzQ,1,phishtank,qrco.de,de,22,7,7,0,4.0615,2.8074,0,0,1,0,0,1,0.0,0,1,0,0,0,-1
https://docs.google.com/drawings/d/1TqL62_r1ZeFuaTlF9GOslLvQSS1YsHjzunDZnkqCkVQ/edit,1,phishtank,google.com,com,84,15,61,0,5.206,2.9736,0,1,2,0,6,1,0.0714,0,1,0,0,0,10537
https://lightningmaps.org/,0,tranco,lightningmaps.org,org,26,17,1,0,3.7672,3.5725,0,0,1,0,0,1,0.0,0,1,0,0,0,5114
https://www.instagram-clone-mauve-beta.vercel.app/,1,openphish,vercel.app,app,50,41,1,0,4.264,4.0531,0,2,3,3,0,1,0.0,0,1,0,0,0,-1
https://tuya.com/,0,tranco,tuya.com,com,17,8,1,0,3.5281,3.0,0,0,1,0,0,1,0.0,0,1,0,0,0,-1
https://docs.google.com/presentation/d/e/2PACX-1vRV2Fl7cKcDxHpx1Tt10J-Go1TFBzrLF9SvJs6RQNRu2TrP-0gITjv7yDjBOKDxwgXITr24oFH29HDe/pub?start=false&loop=false&delayms=3000&slide=id.p,1,phishtank,google.com,com,178,15,108,46,5.5446,2.9736,0,1,3,3,21,9,0.118,0,1,0,0,0,10537
https://aacreditvnlon-onllne.top/?secure_connect=f523c*&_subid=1jgli31.4c.29plm&_token=20ink9fptip8q.1784005840.4.18080d98d937831a08fea8368a1d13ea,1,phishtank,aacreditvnlon-onllne.top,top,146,24,1,112,5.02,3.6054,0,0,6,1,46,8,0.3151,0,1,0,2,1,11
https://51-75-63-68.cprapid.com/eu/k.php?22h539ee4m0lsw2po8s9,1,phishtank,cprapid.com,com,61,23,9,20,4.7374,3.882,0,1,3,3,18,2,0.2951,0,1,0,0,0,2623
https://humorous-stack-874003.framer.app/,1,phishtank,framer.app,app,41,32,1,0,4.3203,4.2028,0,1,2,2,6,1,0.1463,0,1,0,0,0,-1
https://unl.edu/,0,tranco,unl.edu,edu,16,7,1,0,3.4528,2.5216,0,0,1,0,0,1,0.0,0,1,0,0,0,14239
https://rsgsv.net/,0,tranco,rsgsv.net,net,18,9,1,0,3.3774,2.9477,0,0,1,0,0,1,0.0,0,1,0,0,0,5528
https://cebjiankb12.web.app/,1,phishtank,web.app,app,28,19,1,0,4.0122,3.5766,0,1,2,0,2,1,0.0714,0,1,0,0,0,-1
https://l.ead.me/bfGJPl,1,phishtank,ead.me,me,23,8,7,0,3.969,2.5,0,1,2,0,0,1,0.0,0,1,0,0,0,3928
https://us16.campaign-archive.com/?u=74ab19017cb7461d1e7e539d3&id=2109a92703,1,phishtank,campaign-archive.com,com,76,25,1,41,4.8366,4.0235,0,1,2,1,28,5,0.3684,0,1,0,0,0,7139
https://baomoi.com/,0,tranco,baomoi.com,com,19,10,1,0,3.5369,2.6464,0,0,1,0,0,1,0.0,0,1,0,0,0,7786
https://tala.ir/,0,tranco,tala.ir,ir,16,7,1,0,3.2806,2.5216,0,0,1,0,0,1,0.0,0,1,0,0,0,-1
https://pub-72ff0da947884933b7d660b493e76417.r2.dev/index.html,1,phishtank,r2.dev,dev,62,43,11,0,4.7018,4.1383,0,1,3,1,25,1,0.4032,0,1,0,0,0,-1
https://axiom.trade/,0,tranco,axiom.trade,trade,20,11,1,0,3.7464,3.2776,0,0,1,0,0,1,0.0,0,1,0,0,0,575
https://allegro.g3g3497g43.bond/lokalnie/?id=4z6n5H7H4V5W2E0v7w1W3c3X1t1z8R2r,1,phishtank,g3g3497g43.bond,bond,77,23,10,35,5.106,3.6212,0,1,2,0,23,3,0.2987,0,1,0,0,0,126
https://genspark.ai/,0,tranco,genspark.ai,ai,20,11,1,0,3.6842,3.2776,0,0,1,0,0,1,0.0,0,1,0,0,0,963
https://fdating.com/,0,tranco,fdating.com,com,20,11,1,0,3.8464,3.4594,0,0,1,0,0,1,0.0,0,1,0,0,0,7609
https://ja.cat/kzy0u,1,phishtank,ja.cat,cat,20,6,6,0,3.7464,2.2516,0,0,1,0,1,1,0.05,0,1,0,0,0,2990
https://amazon.cn/,0,tranco,amazon.cn,cn,18,9,1,0,3.5724,2.7255,0,0,1,0,0,1,0.0,0,1,0,1,1,8528
https://ici.fr/,0,tranco,ici.fr,fr,15,6,1,0,3.3232,2.2516,0,0,1,0,0,1,0.0,0,1,0,0,0,8216
https://personio.de/,0,tranco,personio.de,de,20,11,1,0,3.5842,3.0958,0,0,1,0,0,1,0.0,0,1,0,0,0,-1
https://myeclass4.weebly.com/,1,phishtank,weebly.com,com,29,20,1,0,3.9523,3.4842,0,1,2,0,1,1,0.0345,0,1,0,0,0,7420
https://ufstoryfun.com/,0,tranco,ufstoryfun.com,com,23,14,1,0,3.7623,3.3788,0,0,1,0,0,1,0.0,0,1,0,0,0,109
https://psychiatry.org/,0,tranco,psychiatry.org,org,23,14,1,0,3.6753,3.5216,0,0,1,0,0,1,0.0,0,1,0,0,0,11095
https://www.dropbox.com/scl/fi/17qoxzy3rgk2er87haiu8/BT-MAIL.papert?rlkey=btugxfg57xeg1z1ziy874ljvz&dl=0,1,phishtank,dropbox.com,com,104,15,44,36,5.2807,3.1396,0,1,3,1,15,5,0.1442,0,1,0,0,0,11347
https://admin.multa.net/,1,phishtank,multa.net,net,24,15,1,0,3.7202,3.2402,0,1,2,0,0,1,0.0,0,1,0,0,0,8369
https://waltonbd.com/,0,tranco,waltonbd.com,com,21,12,1,0,3.8442,3.4183,0,0,1,0,0,1,0.0,0,1,0,0,0,7968
https://qrco.de/bgcd0f,1,phishtank,qrco.de,de,22,7,7,0,3.9706,2.8074,0,0,1,0,1,1,0.0455,0,1,0,0,0,-1
https://tokopedia.com/,0,tranco,tokopedia.com,com,22,13,1,0,3.7201,3.3347,0,0,1,0,0,1,0.0,0,1,0,0,0,6627
https://youm7.com/,0,tranco,youm7.com,com,18,9,1,0,3.5724,2.7255,0,0,1,0,1,1,0.0556,0,1,0,0,0,6805
https://getui.com/,0,tranco,getui.com,com,18,9,1,0,3.6416,3.1699,0,0,1,0,0,1,0.0,0,1,0,0,0,6112
https://myportfolio.com/,0,tranco,myportfolio.com,com,24,15,1,0,3.6887,3.2402,0,0,1,0,0,1,0.0,0,1,0,0,0,10585
https://adnxs-simple.com/,0,tranco,adnxs-simple.com,com,25,16,1,0,4.0235,3.75,0,0,1,1,0,1,0.0,0,1,0,0,0,1966
http://icsacv.com.mx/ceph/,1,phishtank,icsacv.com.mx,com.mx,26,13,6,0,3.7004,3.027,0,0,2,0,0,1,0.0,0,0,0,0,0,2598
https://www.miricanvas.com/v/135ajqu,1,phishtank,miricanvas.com,com,36,18,10,0,4.2947,3.3502,0,1,2,0,3,1,0.0833,0,1,0,0,0,2918
https://doxygen.nl/,0,tranco,doxygen.nl,nl,19,10,1,0,3.7871,3.1219,0,0,1,0,0,1,0.0,0,1,0,0,0,7528
https://grabcad.com/,0,tranco,grabcad.com,com,20,11,1,0,3.7842,3.0958,0,0,1,0,0,1,0.0,0,1,0,0,0,6543
http://msnsupline.webcindario.com/,1,phishtank,webcindario.com,com,34,26,1,0,4.1973,3.8731,0,1,2,0,0,1,0.0,0,0,0,0,0,9275
https://qwest.net/,0,tranco,qwest.net,net,18,9,1,0,3.2391,2.7255,0,0,1,0,0,1,0.0,0,1,0,0,0,11286
https://clmknhuyt.firebaseapp.com/,1,phishtank,firebaseapp.com,com,34,25,1,0,4.2561,4.1639,0,1,2,0,0,1,0.0,0,1,0,0,0,5027
https://my-site-106156-106288.weeblysite.com/,1,phishtank,weeblysite.com,com,45,36,1,0,4.3413,4.107,0,1,2,3,12,1,0.2667,0,1,0,0,0,4963
https://stanford.edu/,0,tranco,stanford.edu,edu,21,12,1,0,3.749,3.4183,0,0,1,0,0,1,0.0,0,1,0,0,0,14901
https://docs.google.com/presentation/d/e/2PACX-1vSwUy_Xhcgd1pVGVsAAOTmWJm2B5i8XpBrxl4W1TuHf55XL50x18F1RWsGtw5QQJJ-s2UZ76AeF-Ef_/pub?start=false&loop=false&delayms=3000&slide=id.p,1,phishtank,google.com,com,178,15,108,46,5.5433,2.9736,0,1,3,3,23,9,0.1292,0,1,0,0,0,10537
https://pub-13125263ee2e4bf5a7b38c70a3099e7f.r2.dev/fccx8uyihfsjkibf398ry8s73r45sdyfhjscvbkr30ru9rsojhcnlkxcnbi3trg8wfcyfvzxjcvbf30ofsjkicvbg.html,1,phishtank,r2.dev,dev,146,43,95,0,5.0158,4.2374,0,1,3,1,38,1,0.2603,0,1,0,0,0,-1
https://onthemarket.com/,0,tranco,onthemarket.com,com,24,15,1,0,3.7202,3.3736,0,0,1,0,0,1,0.0,0,1,0,0,0,10535
https://q-r.to/bgbodM,1,phishtank,q-r.to,to,21,6,7,0,3.749,2.585,0,0,1,1,0,1,0.0,0,1,0,0,0,5285
https://l.ead.me/bfIxjq,1,phishtank,ead.me,me,23,8,7,0,4.056,2.5,0,1,2,0,0,1,0.0,0,1,0,0,0,3928
https://ionos.fr/,0,tranco,ionos.fr,fr,17,8,1,0,3.4548,2.75,0,0,1,0,0,1,0.0,0,1,0,0,0,3654
https://sulinabioprodutos.com.br/,1,phishtank,sulinabioprodutos.com.br,com.br,33,24,1,0,4.0061,3.7516,0,0,2,0,0,1,0.0,0,1,0,0,0,1856
https://goodnotes.com/,0,tranco,goodnotes.com,com,22,13,1,0,3.5726,3.0851,0,0,1,0,0,1,0.0,0,1,0,0,0,8070
https://q-r.to/bfMv2N,1,phishtank,q-r.to,to,21,6,7,0,3.9395,2.585,0,0,1,1,1,1,0.0476,0,1,0,0,0,5285
https://qrco.de/bgin7Q,1,phishtank,qrco.de,de,22,7,7,0,4.1524,2.8074,0,0,1,0,1,1,0.0455,0,1,0,0,0,-1
https://universityofcincinnatioffice365emailupdate.ukit.me/,1,phishtank,ukit.me,me,59,50,1,0,4.3082,4.1113,0,1,2,0,3,1,0.0508,0,1,0,2,1,3509
http://allegrolokalnie.ogloszenie-19215169-dla-ciebie.lat,1,phishtank,ogloszenie-19215169-dla-ciebie.lat,lat,57,50,0,0,4.3693,4.1104,0,1,2,3,8,1,0.1404,0,0,0,0,0,65
https://easying-f6b8c.web.app/,1,phishtank,web.app,app,30,21,1,0,4.1899,3.9161,0,1,2,1,2,1,0.0667,0,1,0,0,0,-1
https://jussieu.fr/,0,tranco,jussieu.fr,fr,19,10,1,0,3.5369,2.9219,0,0,1,0,0,1,0.0,0,1,0,0,0,11525
https://meituan.net/,0,tranco,meituan.net,net,20,11,1,0,3.4842,2.914,0,0,1,0,0,1,0.0,0,1,0,0,0,6022
https://flashscore.de/,0,tranco,flashscore.de,de,22,13,1,0,3.7544,3.3927,0,0,1,0,0,1,0.0,0,1,0,0,0,-1
https://q-r.to/bgavpm,1,phishtank,q-r.to,to,21,6,7,0,3.8442,2.585,0,0,1,1,0,1,0.0,0,1,0,0,0,5285
https://hotukdeals.com/,0,tranco,hotukdeals.com,com,23,14,1,0,3.8492,3.6645,0,0,1,0,0,1,0.0,0,1,0,0,0,8015
https://ipfs.best-practice.se/ipfs/bafybeicpzmzp67z7j64n37lgmkgqvaxq2ddu46exvqldxqcwf2sxbkr7ae/,1,phishtank,best-practice.se,se,95,21,66,0,4.8603,3.4633,0,1,2,1,12,1,0.1263,0,1,0,0,0,5884
https://docs.google.com/presentation/d/e/2PACX-1vTQSgVTVPpNg5sbZ0UATFCE2wzRMC-dNLp6VfKnhFEt02-gGPD3Fh3m3EQkdytC_-E-SB07Hc55yJo0/pub?start=false&amp;loop=false&amp;delayms=3000,1,phishtank,google.com,com,175,15,108,43,5.5557,2.9736,0,1,2,5,20,9,0.1143,0,1,0,0,0,10537
https://qrco.de/beCsasdiviuscoascxvq,1,phishtank,qrco.de,de,36,7,21,0,4.1388,2.8074,0,0,1,0,0,1,0.0,0,1,0,0,0,-1
https://fec.gov/,0,tranco,fec.gov,gov,16,7,1,0,3.5778,2.8074,0,0,1,0,0,1,0.0,0,1,0,0,0,10520
https://boun.edu.tr/,0,tranco,boun.edu.tr,edu.tr,20,11,1,0,3.6464,3.0958,0,0,2,0,0,1,0.0,0,1,0,0,0,9603
https://q-r.to/bgZnEh,1,phishtank,q-r.to,to,21,6,7,0,3.8442,2.585,0,0,1,1,0,1,0.0,0,1,0,0,0,5285
https://unicef.org/,0,tranco,unicef.org,org,19,10,1,0,3.8924,3.3219,0,0,1,0,0,1,0.0,0,1,0,0,0,12187
https://docs.google.com/presentation/d/e/2PACX-1vRqP8mRdFwVnoJ3bTkYNMXLithfOuaJQd56D_L01ZMoAPUHByz-HBXmqlsEUJBGsTMbGvJJU4ZmlPid/pub?start=false&amp;loop=false&amp;delayms=3000,1,phishtank,google.com,com,175,15,108,43,5.607,2.9736,0,1,2,2,13,9,0.0743,0,1,0,0,0,10537
http://startd-ledgrcdnapp.wixstudio.com/us-en,1,phishtank,wixstudio.com,com,45,32,6,0,4.2946,4.1014,0,1,2,2,0,1,0.0,0,0,0,0,0,-1
https://elegantthemes.com/,0,tranco,elegantthemes.com,com,26,17,1,0,3.6714,3.3816,0,0,1,0,0,1,0.0,0,1,0,0,0,6496
https://cookieyes.com/,0,tranco,cookieyes.com,com,22,13,1,0,3.6635,3.027,0,0,1,0,0,1,0.0,0,1,0,0,0,2971
https://docs.google.com/presentation/d/e/2PACX-1vSSseINz2LnvNS7KLE2lPXRzvnnzuMj-zKgdl1tgrUawe4fFV5mJkgFS9zOd-3fZmrrFfPU3OWpdVGg/pub?start=false&loop=false&delayms=3000&slide=id.p%3E,1,phishtank,google.com,com,181,15,108,49,5.5194,2.9736,0,1,3,3,16,10,0.0884,0,1,0,0,0,10537
https://webmail-unibas.weebly.com/,1,phishtank,weebly.com,com,34,25,1,0,4.1973,3.7835,0,1,2,1,0,1,0.0,0,1,0,0,0,7420
https://bit.ly/46hq3tc,1,phishtank,bit.ly,ly,22,6,8,0,3.7888,2.585,0,0,1,0,3,1,0.1364,0,1,1,0,0,6639
https://deepl-cdn.com/,0,tranco,deepl-cdn.com,com,22,13,1,0,3.7888,3.2389,0,0,1,1,0,1,0.0,0,1,0,0,0,153
https://docs.google.com/presentation/d/e/2PACX-1vRmhiAq1A0RvZxTKsXXmTzAx2ymdQ1hiYcR03uWFDKUiFCbiDjTDTlEcFONXYnn1Qq3NpCftGYDvTbq/pub?start=true&amp;loop=false&amp;delayms=3000,1,phishtank,google.com,com,174,15,108,42,5.4952,2.9736,0,1,2,1,14,9,0.0805,0,1,0,0,0,10537
https://new.express.adobe.com/webpage/zwUtfrX6vI0cK,1,phishtank,adobe.com,com,51,21,22,0,4.5492,3.5945,0,2,3,0,2,1,0.0392,0,1,0,0,0,14492
https://manulife.com/,0,tranco,manulife.com,com,21,12,1,0,3.9754,3.4183,0,0,1,0,0,1,0.0,0,1,0,0,0,11846
http://allegro-lokalnie.prywatne483291.baby,1,phishtank,prywatne483291.baby,baby,43,36,0,0,4.4609,4.2601,0,1,2,1,6,1,0.1395,0,0,0,0,0,38
https://traderepublic.com/,0,tranco,traderepublic.com,com,26,17,1,0,4.027,3.7345,0,0,1,0,0,1,0.0,0,1,0,0,0,7687
https://livetex.ru/,0,tranco,livetex.ru,ru,19,10,1,0,3.6421,3.1219,0,0,1,0,0,1,0.0,0,1,0,0,0,5661
https://xiaomiev.com/,0,tranco,xiaomiev.com,com,21,12,1,0,3.7849,3.085,0,0,1,0,0,1,0.0,0,1,0,0,0,2234
https://dexscreener.com/,0,tranco,dexscreener.com,com,24,15,1,0,3.7202,3.1069,0,0,1,0,0,1,0.0,0,1,0,0,0,1867
https://imgsrc.ru/,0,tranco,imgsrc.ru,ru,18,9,1,0,3.5724,2.9477,0,0,1,0,0,1,0.0,0,1,0,0,0,7768
https://josepertuz3865-lab.github.io/pert977638/,1,phishtank,github.io,io,48,28,12,0,4.4783,4.3074,0,1,2,1,10,1,0.2083,0,1,0,0,0,4883
https://l.ead.me/NET-Check,1,phishtank,ead.me,me,26,8,10,0,4.1039,2.5,0,1,2,1,0,1,0.0,0,1,0,0,0,3928
https://tinyurl.com/4cuudhjh,1,phishtank,tinyurl.com,com,28,11,9,0,4.0567,3.4594,0,0,1,0,1,1,0.0357,0,1,1,0,0,8942
https://sp-today.com/,0,tranco,sp-today.com,com,21,12,1,0,3.6538,3.4183,0,0,1,1,0,1,0.0,0,1,0,0,0,4838
https://sparkservice.mailsecu.co/,1,phishtank,mailsecu.co,co,33,24,1,0,4.0061,3.6573,0,1,2,0,0,1,0.0,0,1,0,1,1,-1
https://exp-tas.com/,0,tranco,exp-tas.com,com,20,11,1,0,3.6464,3.4594,0,0,1,1,0,1,0.0,0,1,0,0,0,2722
http://allegro-lokalnie.348239h.lol/,1,phishtank,348239h.lol,lol,36,28,1,0,4.1416,3.7979,0,1,2,1,6,1,0.1667,0,0,0,0,0,30
https://banggood.com/,0,tranco,banggood.com,com,21,12,1,0,3.749,3.0221,0,0,1,0,0,1,0.0,0,1,0,0,0,6443
https://btvoice01.m-pages.com/VpmlXV/bt-broadband,1,phishtank,m-pages.com,com,49,21,20,0,4.451,3.9161,0,1,2,2,2,1,0.0408,0,1,0,0,0,2688
https://orange.ro/,0,tranco,orange.ro,ro,18,9,1,0,3.5724,2.7255,0,0,1,0,0,1,0.0,0,1,0,0,0,-1
https://cebutele-net.ph/app/app/,1,phishtank,cebutele-net.ph,ph,32,15,9,0,3.5275,3.2402,0,0,1,1,0,1,0.0,0,1,0,0,0,-1
https://q-r.to/bgaENg,1,phishtank,q-r.to,to,21,6,7,0,3.8442,2.585,0,0,1,1,0,1,0.0,0,1,0,0,0,5285
https://greenfosstech.com/,1,phishtank,greenfosstech.com,com,26,17,1,0,3.7381,3.4548,0,0,1,0,0,1,0.0,0,1,0,0,0,1505
https://torrentfreak.com/,0,tranco,torrentfreak.com,com,25,16,1,0,3.7835,3.3278,0,0,1,0,0,1,0.0,0,1,0,0,0,7652
https://allegrolokalnie.209089883cc.shop/,1,phishtank,209089883cc.shop,shop,41,32,1,0,4.3267,4.0778,0,1,2,0,9,1,0.2195,0,1,0,0,0,-1
https://ecfr.gov/,0,tranco,ecfr.gov,gov,17,8,1,0,3.6901,3.0,0,0,1,0,0,1,0.0,0,1,0,0,0,5306
https://djrvtu.cn/g1/g/2ds=docomos/,1,phishtank,djrvtu.cn,cn,35,9,18,0,4.0284,3.1699,0,0,1,0,2,2,0.0571,0,1,0,0,0,-1
https://ebay.es/,0,tranco,ebay.es,es,16,7,1,0,3.3278,2.5216,0,0,1,0,0,1,0.0,0,1,0,1,1,-1
https://inverse.com/,0,tranco,inverse.com,com,20,11,1,0,3.7842,3.2776,0,0,1,0,0,1,0.0,0,1,0,0,0,9021
https://swissinfo.ch/,0,tranco,swissinfo.ch,ch,21,12,1,0,3.4992,3.0221,0,0,1,0,0,1,0.0,0,1,0,0,0,-1
https://maisonsdumonde.com/,0,tranco,maisonsdumonde.com,com,27,18,1,0,3.8282,3.3083,0,0,1,0,0,1,0.0,0,1,0,0,0,8035
https://www.dropbox.com/scl/fi/gzw6b6v7lx9b4hoy7xb9o/Update-your-BT-BROADBAND.paper?rlkey=b7nsrwmyfrf2892jv7gzia5b9&dl=0,1,phishtank,dropbox.com,com,120,15,60,36,5.3335,3.1396,0,1,3,3,16,5,0.1333,0,1,0,1,1,11347
https://microsoftwebserver.mfs.gg/AMRftkg,1,phishtank,mfs.gg,gg,41,25,8,0,4.2411,3.6733,0,1,2,0,0,1,0.0,0,1,0,1,1,2521
https://webmail-cisco.web.app/,1,phishtank,web.app,app,30,21,1,0,3.9899,3.6304,0,1,2,1,0,1,0.0,0,1,0,0,0,-1
https://allegrolokalnie.pl-ofertan5noi4gq.click/,1,phishtank,pl-ofertan5noi4gq.click,click,48,39,1,0,4.2508,3.9385,0,1,2,1,2,1,0.0417,0,1,0,0,0,42
https://gtld.biz/,0,tranco,gtld.biz,biz,17,8,1,0,3.5281,3.0,0,0,1,0,0,1,0.0,0,1,0,0,0,9060
https://imggaming.com/,0,tranco,imggaming.com,com,22,13,1,0,3.6292,2.8151,0,0,1,0,0,1,0.0,0,1,0,0,0,4832
https://brandwatch.com/,0,tranco,brandwatch.com,com,23,14,1,0,3.8492,3.5216,0,0,1,0,0,1,0.0,0,1,0,0,0,10141
https://zpr.io/UYYdv5mqUJpS,1,phishtank,zpr.io,io,27,6,13,0,4.1805,2.585,0,0,1,0,1,1,0.037,0,1,0,0,0,5000
https://hostwindsdns.com/,0,tranco,hostwindsdns.com,com,25,16,1,0,3.6235,3.3278,0,0,1,0,0,1,0.0,0,1,0,0,0,5549
https://1024tera.com/,0,tranco,1024tera.com,com,21,12,1,0,3.9395,3.585,0,0,1,0,4,1,0.1905,0,1,0,0,0,1290
https://crateandbarrel.com/,0,tranco,crateandbarrel.com,com,27,18,1,0,3.9023,3.4194,0,0,1,0,0,1,0.0,0,1,0,0,0,10348
https://gotchamall.com/,0,tranco,gotchamall.com,com,23,14,1,0,3.5884,3.0931,0,0,1,0,0,1,0.0,0,1,0,0,0,4522
https://tz.de/,0,tranco,tz.de,de,14,5,1,0,3.1281,2.3219,0,0,1,0,0,1,0.0,0,1,0,0,0,-1
https://cloudflareinsights.com/,0,tranco,cloudflareinsights.com,com,31,22,1,0,4.1715,4.0049,0,0,1,0,0,1,0.0,0,1,0,0,0,2517
https://royalsocietypublishing.org/,0,tranco,royalsocietypublishing.org,org,35,26,1,0,4.1072,3.9501,0,0,1,0,0,1,0.0,0,1,0,0,0,6635
https://promaillptdadmin.weebly.com/,1,phishtank,weebly.com,com,36,27,1,0,4.1762,3.8842,0,1,2,0,0,1,0.0,0,1,0,0,0,7420
http://support.trustwallet.afmil.info,1,phishtank,afmil.info,info,37,30,0,0,3.9723,3.7899,0,2,3,0,0,1,0.0,0,0,0,2,1,-1
https://snapchatunlocker1.weebly.com/,1,phishtank,weebly.com,com,37,28,1,0,4.263,4.1106,0,1,2,0,1,1,0.027,0,1,0,1,1,7420
http://update-start-hub.lovable.app,1,phishtank,lovable.app,app,35,28,0,0,3.8833,3.7534,0,1,2,2,0,1,0.0,0,0,0,1,1,-1
https://felenasoft.com/,0,tranco,felenasoft.com,com,23,14,1,0,3.7623,3.3788,0,0,1,0,0,1,0.0,0,1,0,0,0,8225
https://hubspot.com/,0,tranco,hubspot.com,com,20,11,1,0,3.4464,3.2776,0,0,1,0,0,1,0.0,0,1,0,0,0,7835
https://q-r.to/bgMQhl,1,phishtank,q-r.to,to,21,6,7,0,3.8442,2.585,0,0,1,1,0,1,0.0,0,1,0,0,0,5285
https://metafb-r4puxxh.firebaseapp.com/,1,phishtank,firebaseapp.com,com,39,30,1,0,4.1823,4.0314,0,1,2,1,1,1,0.0256,0,1,0,0,0,5027
https://awsdns-cn-44.com/,0,tranco,awsdns-cn-44.com,com,25,16,1,0,3.8635,3.375,0,0,1,2,2,1,0.08,0,1,0,0,0,3079
https://docs.google.com/presentation/d/e/2PACX-1vRGjqpau49VTyDWdKrRPGmDHB2Xju36BrCaPhRGEMnD3LwkxLMtWEqHBwfeB6foZ29v_Pp9s1QtEbNt/pub?start=false&amp;loop=false&amp;delayms=3000,1,phishtank,google.com,com,175,15,108,43,5.5756,2.9736,0,1,2,1,17,9,0.0971,0,1,0,0,0,10537
https://mediaroom.com/,0,tranco,mediaroom.com,com,22,13,1,0,3.7201,2.9689,0,0,1,0,0,1,0.0,0,1,0,0,0,9209
https://amocrm.ru/,0,tranco,amocrm.ru,ru,18,9,1,0,3.5724,2.7255,0,0,1,0,0,1,0.0,0,1,0,0,0,5543
https://docs.google.com/presentation/d/e/2PACX-1vSUHTUFJlqfndTguepuYzBwaO3oHJ5qWdTmZfTcQyfq4lbxtFezaqrbgaUBMwBt2eg6S5pxQ-Zs9QUm/pub?start=true&loop=true&delayms=3000&slide=id.p,1,phishtank,google.com,com,176,15,108,44,5.4522,2.9736,0,1,3,2,13,9,0.0739,0,1,0,0,0,10537
https://lycos.com/,0,tranco,lycos.com,com,18,9,1,0,3.4613,2.7255,0,0,1,0,0,1,0.0,0,1,0,0,0,11423
https://diepresse.com/,0,tranco,diepresse.com,com,22,13,1,0,3.6292,3.1808,0,0,1,0,0,1,0.0,0,1,0,0,0,10067
https://docs.google.com/presentation/d/e/2PACX-1vSdkp8hU5EU4Gz-4eh_Ut44533HgW_v01I1GvfoPJoE2o0a2xx34vOHEMQkdaeF48Gqu7mpQ43atdMb/pub?start=false&amp;loop=false&amp;delayms=3000,1,phishtank,google.com,com,175,15,108,43,5.4474,2.9736,0,1,2,2,28,9,0.16,0,1,0,0,0,10537
https://oklahoma.gov-zch.help/,1,phishtank,gov-zch.help,help,30,21,1,0,3.9899,3.6538,0,1,2,1,0,1,0.0,0,1,0,0,0,93
https://samsung-dict.com/,0,tranco,samsung-dict.com,com,25,16,1,0,3.9133,3.625,0,0,1,1,0,1,0.0,0,1,0,0,0,2455
https://pichinchaavanza1.webcindario.com/,1,phishtank,webcindario.com,com,41,32,1,0,4.1411,3.8011,0,1,2,0,1,1,0.0244,0,1,0,0,0,9275
https://allegrolokalne.oferta87851858.click,1,phishtank,oferta87851858.click,click,43,35,0,0,4.2488,3.8757,0,1,2,0,8,1,0.186,0,1,0,0,0,22
https://dot-st.com/,0,tranco,dot-st.com,com,19,10,1,0,3.3661,2.9219,0,0,1,1,0,1,0.0,0,1,0,0,0,4474
https://web.pancake.run/,1,phishtank,pancake.run,run,24,15,1,0,3.8868,3.3736,0,1,2,0,0,1,0.0,0,1,0,0,0,-1
https://novonaver.weebly.com/,1,phishtank,weebly.com,com,29,20,1,0,4.0902,3.5464,0,1,2,0,0,1,0.0,0,1,0,0,0,7420
https://pub-bd98dac241874256b11ed6c63ced0c9d.r2.dev/index.html,1,phishtank,r2.dev,dev,62,43,11,0,4.681,4.1406,0,1,3,1,19,1,0.3065,0,1,0,0,0,-1
https://vista.froodaifroo.ru.com/VKot5V0Q4D@/,1,phishtank,ru.com,com,45,24,13,0,4.3581,3.455,0,2,3,0,3,2,0.0667,1,1,0,0,0,11125
https://docs.google.com/presentation/d/e/2PACX-1vRT4ZFWTQ_tls8y2IlwcpjdoDPaF0UDMaIkv_7spUN-ZJW2DITVHNsdEz0CSJTnE5x9jwZz2ktquNb7/pub?start=false&amp;loop=false&amp;delayms=3000,1,phishtank,google.com,com,175,15,108,43,5.6157,2.9736,0,1,2,2,17,9,0.0971,0,1,0,0,0,10537
http://vrry-s2gz-if85r6-fpq2-c1rmu6.pages.dev/,1,phishtank,pages.dev,dev,46,38,1,0,4.5777,4.3532,0,1,2,4,7,1,0.1522,0,0,0,0,0,-1
https://us10.campaign-archive.com/?u=217bf2619cd436acb862ac0ba&id=f845444939,1,phishtank,campaign-archive.com,com,76,25,1,41,4.907,4.0235,0,1,2,1,25,5,0.3289,0,1,0,0,0,7139
https://starts-us-desktop.wixstudio.com/us-en,1,phishtank,wixstudio.com,com,45,31,6,0,4.0656,3.8457,0,1,2,3,0,1,0.0,0,1,0,0,0,-1
https://avcdn.net/,0,tranco,avcdn.net,net,18,9,1,0,3.5305,2.9477,0,0,1,0,0,1,0.0,0,1,0,0,0,3551
https://docs.google.com/presentation/d/1xSNKBZniYIFXKNlQDdUQ3vy10_EF7SF-jPi-55C1yxU/edit,1,phishtank,google.com,com,88,15,65,0,5.2123,2.9736,0,1,2,2,8,1,0.0909,0,1,0,0,0,10537
https://docs.google.com/presentation/d/e/2PACX-1vRl62zZ3DauchqiaegjusL4FROkfBtyi_HuRBj91wMxgwcGKBar-h6Q_Z8V0AaRapdVs4wSimRkUzKd/pub?start=false&amp;loop=false&amp;delayms=3000&amp;slide=id.p,1,phishtank,google.com,com,190,15,108,58,5.5209,2.9736,0,1,3,2,16,12,0.0842,0,1,0,0,0,10537
https://geico.com/,0,tranco,geico.com,com,18,9,1,0,3.5724,2.7255,0,0,1,0,0,1,0.0,0,1,0,0,0,11323
https://cuhk.edu.hk/,0,tranco,cuhk.edu.hk,edu.hk,20,11,1,0,3.4464,2.7322,0,0,2,0,0,1,0.0,0,1,0,0,0,11206
https://optimove.net/,0,tranco,optimove.net,net,21,12,1,0,3.4992,3.085,0,0,1,0,0,1,0.0,0,1,0,0,0,5398
https://qualified.com/,0,tranco,qualified.com,com,22,13,1,0,4.0615,3.5466,0,0,1,0,0,1,0.0,0,1,0,0,0,10532
https://utoronto.ca/,0,tranco,utoronto.ca,ca,20,11,1,0,3.4464,2.8454,0,0,1,0,0,1,0.0,0,1,0,0,0,9428
https://desktop-enldxxer.wixstudio.com/desktop,1,phishtank,wixstudio.com,com,46,30,8,0,4.135,4.0062,0,1,2,1,0,1,0.0,0,1,0,0,0,-1
https://linqapp.com/br0adbana254btee,1,phishtank,linqapp.com,com,36,11,17,0,4.3083,3.2776,0,0,1,0,4,1,0.1111,0,1,0,0,0,-1
https://prestashop.com/,0,tranco,prestashop.com,com,23,14,1,0,3.5227,3.3788,0,0,1,0,0,1,0.0,0,1,0,0,0,7042
http://allegrolokalne.pl92838282.shop,1,phishtank,pl92838282.shop,shop,37,30,0,0,4.0573,3.7777,0,1,2,0,8,1,0.2162,0,0,0,0,0,-1
https://raydiumtoken-en.web.app/,1,phishtank,web.app,app,32,23,1,0,4.2181,3.969,0,1,2,1,0,1,0.0,0,1,0,1,1,-1
https://qrco.de/bgbY30,1,phishtank,qrco.de,de,22,7,7,0,4.0615,2.8074,0,0,1,0,2,1,0.0909,0,1,0,0,0,-1
https://www.flare.shafultonb.com,1,phishtank,shafultonb.com,com,32,24,0,0,4.1167,3.8554,0,2,3,0,0,1,0.0,0,1,0,0,0,548
https://www.whatsappvips.com/,1,phishtank,whatsappvips.com,com,29,20,1,0,3.6075,3.3842,0,1,2,0,0,1,0.0,0,1,0,0,0,323
https://publico.pt/,0,tranco,publico.pt,pt,19,10,1,0,3.4972,3.1219,0,0,1,0,0,1,0.0,0,1,0,0,0,-1
https://docs.google.com/presentation/d/e/2PACX-1vS3WAD7cmbDC_RmeUmYppV_C4zmH3CtCuBRudnjGpVd3GYsy4U2gsHz1G3SIi4e88K3K44cdgHyqW9y/pub?start=false&amp;loop=false&amp;delayms=3000,1,phishtank,google.com,com,175,15,108,43,5.4594,2.9736,0,1,2,1,22,9,0.1257,0,1,0,0,0,10537
https://pub-e119bb50e05a485ba59cc4fcc30e8c49.r2.dev/albaodontologiagfgftrtrtrfdfdfdfd.html,1,phishtank,r2.dev,dev,90,43,39,0,4.6816,4.0804,0,1,3,1,19,1,0.2111,0,1,0,0,0,-1
https://saser.tw/,0,tranco,saser.tw,tw,17,8,1,0,3.2484,2.75,0,0,1,0,0,1,0.0,0,1,0,0,0,2141
https://us11.campaign-archive.com/?u=db0706fd5773b6d4184b9448a&id=78b9873343,1,phishtank,campaign-archive.com,com,76,25,1,41,4.8764,3.9435,0,1,2,1,28,5,0.3684,0,1,0,0,0,7139
https://docs.google.com/drawings/d/1FNA2KShlbC0wfCRIlaFUYSA4EpZEH7IeP2MxZlpN9tE/edit,1,phishtank,google.com,com,84,15,61,0,5.2104,2.9736,0,1,2,0,7,1,0.0833,0,1,0,0,0,10537
https://fastly-masque.net/,0,tranco,fastly-masque.net,net,26,17,1,0,3.8731,3.6169,0,0,1,1,0,1,0.0,0,1,0,0,0,-1
https://qrco.de/bf7TjF,1,phishtank,qrco.de,de,22,7,7,0,4.1524,2.8074,0,0,1,0,1,1,0.0455,0,1,0,0,0,-1
https://es.io/,0,tranco,es.io,io,14,5,1,0,3.182,2.3219,0,0,1,0,0,1,0.0,0,1,0,0,0,8339
https://kali.org/,0,tranco,kali.org,org,17,8,1,0,3.6901,3.0,0,0,1,0,0,1,0.0,0,1,0,0,0,8767
https://value-domain.com/,0,tranco,value-domain.com,com,25,16,1,0,4.1337,3.625,0,0,1,1,0,1,0.0,0,1,0,0,0,8755
https://anahuacmk.ukit.me/,1,phishtank,ukit.me,me,26,17,1,0,3.7672,3.3372,0,1,2,0,0,1,0.0,0,1,0,0,0,3509
https://jadwalnonton.com/,0,tranco,jadwalnonton.com,com,25,16,1,0,3.8031,3.2806,0,0,1,0,0,1,0.0,0,1,0,0,0,3434
https://2fkren.share-eu1.hsforms.com/2bpDShtH2SYi3xej5K0Iwvw,1,phishtank,hsforms.com,com,60,28,24,0,4.9106,3.8424,0,2,3,1,7,1,0.1167,0,1,0,0,0,4690
https://www.dropbox.com/scl/fi/gqr3g9s7e49l4w8t03oxt/Your-bill-is-ready.paper?rlkey=ds7i1uax0nhai083sk9oiy5by&st=20j6v8r0&dl=0,1,phishtank,dropbox.com,com,126,15,54,48,5.1479,3.1396,0,1,3,3,23,7,0.1825,0,1,0,0,0,11347
https://appsflyersdk.com/,0,tranco,appsflyersdk.com,com,25,16,1,0,3.9933,3.75,0,0,1,0,0,1,0.0,0,1,0,0,0,2543
https://docs.google.com/presentation/d/e/2PACX-1vQ-Z-d3aDUMyHcRofn_AkPZ00SyB64MPbafgUeztbGlO63wjZlEUzwri5k6kvy8clrqSOCB5AAGz5Ii/pub?start=false&amp;loop=false&amp;delayms=3000,1,phishtank,google.com,com,175,15,108,43,5.5588,2.9736,0,1,2,3,18,9,0.1029,0,1,0,0,0,10537
https://allegrolokalnie.ofeta-lokalana584307175.shop/oferta/Steam-Deck-OLED-512GB-jak-nowy/663578706,1,phishtank,ofeta-lokalana584307175.shop,shop,100,44,48,0,4.9095,4.1552,0,1,2,6,21,1,0.21,0,1,0,0,0,-1
https://cdw.com/,0,tranco,cdw.com,com,16,7,1,0,3.4528,2.5216,0,0,1,0,0,1,0.0,0,1,0,0,0,11600
https://ipfs.io/ipfs/QmWtKR7KvMBhdhEgepiKWka8K4NWVv8dWtzL2Mv6dGb1qX,1,phishtank,ipfs.io,io,67,7,52,0,4.9762,2.5216,0,0,1,0,7,1,0.1045,0,1,0,0,0,4449
http://allegrolokalnie.ofertazcud2848368djb3859274858478.shop,1,phishtank,ofertazcud2848368djb3859274858478.shop,shop,61,54,0,0,4.7066,4.5713,0,1,2,0,20,1,0.3279,0,0,0,0,0,-1
https://openwork.jp/,0,tranco,openwork.jp,jp,20,11,1,0,3.6464,3.0958,0,0,1,0,0,1,0.0,0,1,0,0,0,4864
https://pa.gov/,0,tranco,pa.gov,gov,15,6,1,0,3.3232,2.585,0,0,1,0,0,1,0.0,0,1,0,0,0,9140
https://islamweb.net/,0,tranco,islamweb.net,net,21,12,1,0,3.749,3.4183,0,0,1,0,0,1,0.0,0,1,0,0,0,10113
https://gcs-web.com/,0,tranco,gcs-web.com,com,20,11,1,0,3.7842,3.2776,0,0,1,1,0,1,0.0,0,1,0,0,0,3651
https://monacotelecomservice.weebly.com/,1,phishtank,weebly.com,com,40,31,1,0,4.0276,3.6553,0,1,2,0,0,1,0.0,0,1,0,1,1,7420
https://homedepot.com/,0,tranco,homedepot.com,com,22,13,1,0,3.4474,3.027,0,0,1,0,0,1,0.0,0,1,0,0,0,12405
https://questionai.com/,0,tranco,questionai.com,com,23,14,1,0,3.8492,3.5216,0,0,1,0,0,1,0.0,0,1,0,0,0,3455
https://lineapichi2023.webcindario.com/,1,phishtank,webcindario.com,com,39,30,1,0,4.2823,3.9614,0,1,2,0,4,1,0.1026,0,1,0,0,0,9275
https://www.homologousrecombination.cfd/caadgukvhxacMjykjaokwt,1,phishtank,homologousrecombination.cfd,cfd,62,31,23,0,4.5425,3.9779,0,1,2,0,0,1,0.0,0,1,0,0,0,134
https://yuandeauto.com/olx-order/xQ7WZ0OBi6plQqi,1,phishtank,yuandeauto.com,com,48,14,26,0,4.7359,3.3788,0,0,1,1,3,1,0.0625,0,1,0,0,0,417
https://cricbet99.black/,0,tranco,cricbet99.black,black,24,15,1,0,3.8239,3.3232,0,0,1,0,2,1,0.0833,0,1,0,0,0,-1
https://bit.ly/3S0tHC3,1,phishtank,bit.ly,ly,22,6,8,0,3.7888,2.585,0,0,1,0,3,1,0.1364,0,1,1,0,0,6639
https://mailadminportal.weebly.com/,1,phishtank,weebly.com,com,35,26,1,0,4.1643,3.8441,0,1,2,0,0,1,0.0,0,1,0,0,0,7420
https://google.ml/,0,tranco,google.ml,ml,18,9,1,0,3.4613,2.5033,0,0,1,0,0,1,0.0,0,1,0,0,0,-1
https://tiktok-minis.com/,0,tranco,tiktok-minis.com,com,25,16,1,0,3.6235,3.2028,0,0,1,1,0,1,0.0,0,1,0,0,0,645
https://likee.com/,0,tranco,likee.com,com,18,9,1,0,3.6835,2.9477,0,0,1,0,0,1,0.0,0,1,0,0,0,8372
https://docs.google.com/presentation/d/e/2PACX-1vS0cSV4EONL4I0fJcynmdtXYpD-kOJMR0us4y6jd2MhRAjn_rxhx_BhjNraJ75IKbaItNevDr03-7iX/pub?start=false&amp;loop=false&amp;delayms=3000,1,phishtank,google.com,com,175,15,108,43,5.5362,2.9736,0,1,2,3,19,9,0.1086,0,1,0,0,0,10537
https://ca-secure-client.com/,1,phishtank,ca-secure-client.com,com,29,20,1,0,3.9523,3.5842,0,0,1,2,0,1,0.0,0,1,0,1,1,90
https://farfetch.com/,0,tranco,farfetch.com,com,21,12,1,0,3.6538,3.2516,0,0,1,0,0,1,0.0,0,1,0,0,0,8455
https://suno.com/,0,tranco,suno.com,com,17,8,1,0,3.4548,2.75,0,0,1,0,0,1,0.0,0,1,0,0,0,9162
https://hikvision-cctv.su/,0,tranco,hikvision-cctv.su,su,26,17,1,0,3.7381,3.4548,0,0,1,1,0,1,0.0,0,1,0,0,0,269
https://on-wangcai28.com/A5lc99bCt1.hta,1,phishtank,on-wangcai28.com,com,39,16,15,0,4.4581,3.5,0,0,2,1,6,1,0.1538,0,1,0,0,0,-1
https://digikala.com/,0,tranco,digikala.com,com,21,12,1,0,3.8802,3.2516,0,0,1,0,0,1,0.0,0,1,0,0,0,7197
https://chavesnamao.com.br/,0,tranco,chavesnamao.com.br,com.br,27,18,1,0,3.8842,3.4613,0,0,2,0,0,1,0.0,0,1,0,0,0,5231
https://l.wl.co/l?u=https://mailingsbb.blogspot.it,1,phishtank,wl.co,co,50,7,2,32,4.0489,2.2359,0,1,4,0,0,4,0.0,0,1,0,0,0,5931
https://docs.google.com/presentation/d/e/2PACX-1vSdXoXTumby1C_T7Nji0aK_2qRVsQAKstFhMqY4zRHq9lKF6liyRLjPZphn_JwKzdFEq8ZAbxNru8nf/pub?start=false&loop=false&delayms=3000,1,phishtank,google.com,com,167,15,108,35,5.6087,2.9736,0,1,2,1,15,7,0.0898,0,1,0,0,0,10537
http://ryanml.github.io/website,1,phishtank,github.io,io,31,16,8,0,4.1313,3.75,0,1,2,0,0,1,0.0,0,0,0,0,0,4883
https://tinyurl.com/ynfmvb55,1,phishtank,tinyurl.com,com,28,11,9,0,4.182,3.4594,0,0,1,0,2,1,0.0714,0,1,1,0,0,8942
https://flowserveinc.weebly.com/,1,phishtank,weebly.com,com,32,23,1,0,4.1639,3.741,0,1,2,0,0,1,0.0,0,1,0,0,0,7420
https://joelosteen12645-creator.github.io/ok/#%5Bemail,1,phishtank,github.io,io,54,33,4,0,4.6144,4.2336,0,1,2,1,6,3,0.1111,0,1,0,0,0,4883
https://looti.net/,0,tranco,looti.net,net,18,9,1,0,3.3502,2.7255,0,0,1,0,0,1,0.0,0,1,0,0,0,6097
https://syntx.ai/,0,tranco,syntx.ai,ai,17,8,1,0,3.4104,3.0,0,0,1,0,0,1,0.0,0,1,0,0,0,1077
https://fortisase.com/,0,tranco,fortisase.com,com,22,13,1,0,3.7201,3.3927,0,0,1,0,0,1,0.0,0,1,0,0,0,2273
https://my-personaltrainer.it/,0,tranco,my-personaltrainer.it,it,30,21,1,0,3.9232,3.6897,0,0,1,1,0,1,0.0,0,1,0,0,0,7601
https://view.campanhasbradesco.com.br/?qs=da69879c363b00ff3d9c6947e79fc6a6c96445fb688b20e03f87e53593d057ca0c503485b3725b657e464ef1354c4c3aea489232eeee7a3610d56dc380e4737ca86d394363ded1b7bfc6b6f66b98d52e,1,phishtank,campanhasbradesco.com.br,com.br,202,29,1,163,4.517,3.8404,0,1,3,0,103,3,0.5099,0,1,0,0,0,2526
https://uanl.mx/,0,tranco,uanl.mx,mx,16,7,1,0,3.5778,2.8074,0,0,1,0,0,1,0.0,0,1,0,0,0,13321
http://www.gov-parkingqt.top/com/,1,phishtank,gov-parkingqt.top,top,33,21,5,0,4.0061,3.6897,0,1,2,1,0,1,0.0,0,0,0,0,0,55
https://saviyntcloud.com/,0,tranco,saviyntcloud.com,com,25,16,1,0,4.0235,3.75,0,0,1,0,0,1,0.0,0,1,0,0,0,3533
https://santesupport.com/,1,phishtank,santesupport.com,com,25,16,1,0,3.6733,3.5,0,0,1,0,0,1,0.0,0,1,0,1,1,65
https://l.ead.me/bfJXkD,1,phishtank,ead.me,me,23,8,7,0,4.056,2.5,0,1,2,0,0,1,0.0,0,1,0,0,0,3928
https://contasecuredadminportalupdate.framer.website/,1,phishtank,framer.website,website,53,44,1,0,4.1496,3.9623,0,1,2,0,0,1,0.0,0,1,0,2,1,1705
https://l.ead.me/bfRFBZ,1,phishtank,ead.me,me,23,8,7,0,4.056,2.5,0,1,2,0,0,1,0.0,0,1,0,0,0,3928
https://ntt.net/,0,tranco,ntt.net,net,16,7,1,0,2.8522,1.8424,0,0,1,0,0,1,0.0,0,1,0,0,0,11293
http://allegro.lokalna-oferta1931462.ink,1,phishtank,lokalna-oferta1931462.ink,ink,40,33,0,0,4.3342,4.0518,0,1,2,1,7,1,0.175,0,0,0,0,0,29
https://l.ead.me/bgaG1w,1,phishtank,ead.me,me,23,8,7,0,3.969,2.5,0,1,2,0,1,1,0.0435,0,1,0,0,0,3928
https://login-outlook.webcindario.com/,1,phishtank,webcindario.com,com,38,29,1,0,4.2539,3.8833,0,1,2,1,0,1,0.0,0,1,0,2,1,9275
https://obramaxbuscador.vercel.app/,1,phishtank,vercel.app,app,35,26,1,0,4.0931,3.7483,0,1,2,0,0,1,0.0,0,1,0,0,0,-1
https://trezssutrt.wixstudio.com/en-iie,1,phishtank,wixstudio.com,com,39,24,7,0,4.0285,3.6368,0,1,2,1,0,1,0.0,0,1,0,0,0,-1
https://paloaltonetworks.com/,0,tranco,paloaltonetworks.com,com,29,20,1,0,3.8664,3.6219,0,0,1,0,0,1,0.0,0,1,0,0,0,7821
https://qrco.de/bfNvy4,1,phishtank,qrco.de,de,22,7,7,0,4.1524,2.8074,0,0,1,0,1,1,0.0455,0,1,0,0,0,-1
https://giallozafferano.it/,0,tranco,giallozafferano.it,it,27,18,1,0,3.9303,3.4613,0,0,1,0,0,1,0.0,0,1,0,0,0,7348
https://thefreedictionary.com/,0,tranco,thefreedictionary.com,com,30,21,1,0,3.9899,3.6897,0,0,1,0,0,1,0.0,0,1,0,1,1,8447
https://6ctuslwqz.com/,0,tranco,6ctuslwqz.com,com,22,13,1,0,3.8454,3.5466,0,0,1,0,1,1,0.0455,0,1,0,0,0,55
https://newsweek.com/,0,tranco,newsweek.com,com,21,12,1,0,3.6538,3.0221,0,0,1,0,0,1,0.0,0,1,0,0,0,11754
https://varzesh3.com/,0,tranco,varzesh3.com,com,21,12,1,0,3.8802,3.585,0,0,1,0,1,1,0.0476,0,1,0,0,0,5651
https://pbxai.com/,0,tranco,pbxai.com,com,18,9,1,0,3.6835,3.1699,0,0,1,0,0,1,0.0,0,1,0,0,0,2169
https://mythad.com/,0,tranco,mythad.com,com,19,10,1,0,3.5369,3.1219,0,0,1,0,0,1,0.0,0,1,0,0,0,2002
https://envoyer.io/,0,tranco,envoyer.io,io,19,10,1,0,3.6819,2.9219,0,0,1,0,0,1,0.0,0,1,0,0,0,4246
https://cdn77.org/,0,tranco,cdn77.org,org,18,9,1,0,3.6835,2.9477,0,0,1,0,2,1,0.1111,0,1,0,0,0,4879
https://l.ead.me/bgcX1c,1,phishtank,ead.me,me,23,8,7,0,3.969,2.5,0,1,2,0,1,1,0.0435,0,1,0,0,0,3928
https://qrco.de/bfScIv,1,phishtank,qrco.de,de,22,7,7,0,4.0615,2.8074,0,0,1,0,0,1,0.0,0,1,0,0,0,-1
https://canva-apps.com/,0,tranco,canva-apps.com,com,23,14,1,0,3.6425,3.182,0,0,1,1,0,1,0.0,0,1,0,0,0,2658
https://betplay.com.co/,0,tranco,betplay.com.co,com.co,23,14,1,0,3.7623,3.3788,0,0,2,0,0,1,0.0,0,1,0,0,0,3441
https://casa.it/,0,tranco,casa.it,it,16,7,1,0,3.1556,2.5216,0,0,1,0,0,1,0.0,0,1,0,0,0,11032
https://prime-videosfrance.com/index.php,1,phishtank,prime-videosfrance.com,com,40,22,10,0,4.1842,3.7888,0,0,2,1,0,1,0.0,0,1,0,0,0,44
https://csemizuho.fr,1,phishtank,csemizuho.fr,fr,20,12,0,0,3.9219,3.585,0,0,1,0,0,1,0.0,0,1,0,0,0,1689
https://geny.com/,0,tranco,geny.com,com,17,8,1,0,3.6901,3.0,0,0,1,0,0,1,0.0,0,1,0,0,0,11019
https://bit.ly/48DFXzg,1,phishtank,bit.ly,ly,22,6,8,0,4.0272,2.585,0,0,1,0,2,1,0.0909,0,1,1,0,0,6639
https://fr-logistiquerelivraison.com/,1,phishtank,fr-logistiquerelivraison.com,com,37,28,1,0,4.2426,3.9677,0,0,1,1,0,1,0.0,0,1,0,0,0,-1
https://skybet.com/,0,tranco,skybet.com,com,19,10,1,0,3.6421,3.3219,0,0,1,0,0,1,0.0,0,1,0,0,0,10145
https://rum-ingress-coralogix.com/,0,tranco,rum-ingress-coralogix.com,com,34,25,1,0,4.1751,3.7835,0,0,1,2,0,1,0.0,0,1,0,0,0,975
https://new.express.adobe.com/webpage/lZA425iMJFamn,1,phishtank,adobe.com,com,51,21,22,0,4.6032,3.5945,0,2,3,0,3,1,0.0588,0,1,0,0,0,14492
https://l.ead.me/bgaDeo,1,phishtank,ead.me,me,23,8,7,0,3.8492,2.5,0,1,2,0,0,1,0.0,0,1,0,0,0,3928
https://hotm.art/5VHqE7,1,phishtank,hotm.art,art,23,8,7,0,3.882,2.75,0,0,1,0,2,1,0.087,0,1,0,0,0,3254
https://myspace.com/,0,tranco,myspace.com,com,20,11,1,0,3.5842,3.0958,0,0,1,0,0,1,0.0,0,1,0,0,0,11108
https://anuytzc.xyz/,0,tranco,anuytzc.xyz,xyz,20,11,1,0,3.6464,3.0958,0,0,1,0,0,1,0.0,0,1,0,0,0,159
https://masstamilan.dev/,0,tranco,masstamilan.dev,dev,24,15,1,0,3.7091,3.3232,0,0,1,0,0,1,0.0,0,1,0,0,0,-1
https://quenq.com/,0,tranco,quenq.com,com,18,9,1,0,3.6835,2.9477,0,0,1,0,0,1,0.0,0,1,0,0,0,890
https://docs.google.com/drawings/d/1HcoR7rQVAcZB23f0FvPsLueJiW0F24b-Z1kGFVK9u1I/preview,1,phishtank,google.com,com,87,15,64,0,5.2976,2.9736,0,1,2,1,11,1,0.1264,0,1,0,0,0,10537
https://docs.google.com/presentation/d/e/2PACX-1vTzl67_GMKf74Izfcg1K_kuB61DRLSxabduVKbswpJc86WZGT06YYV6kZXKnTMaq6xrqbjD3SyBm0Ee/pub?start=false&loop=false&delayms=3000&slide=id.p%3E,1,phishtank,google.com,com,181,15,108,49,5.6456,2.9736,0,1,3,1,22,10,0.1215,0,1,0,0,0,10537
https://gbadagni.liv-536801.pro/captcha.php,1,phishtank,liv-536801.pro,pro,43,23,12,0,4.3884,4.1757,0,1,3,1,6,1,0.1395,0,1,0,0,0,-1
https://tclking.com/,0,tranco,tclking.com,com,20,11,1,0,3.7464,3.2776,0,0,1,0,0,1,0.0,0,1,0,0,0,10223
https://qrco.de/Doc0sign,1,phishtank,qrco.de,de,24,7,9,0,4.0535,2.8074,0,0,1,0,1,1,0.0417,0,1,0,0,0,-1
https://secure289.inmotionhosting.com/~catch26/js/bitt/,1,phishtank,inmotionhosting.com,com,55,29,18,0,4.2419,3.8404,0,1,2,0,5,2,0.0909,0,1,0,1,1,9288
https://qrco.de/bga6PF,1,phishtank,qrco.de,de,22,7,7,0,4.1524,2.8074,0,0,1,0,1,1,0.0455,0,1,0,0,0,-1
https://idusal1ser.weebly.com/,1,phishtank,weebly.com,com,30,21,1,0,4.2314,3.8802,0,1,2,0,1,1,0.0333,0,1,0,0,0,7420
https://www.gov-parkingtk.top/com,1,phishtank,gov-parkingtk.top,top,33,21,4,0,4.0438,3.5945,0,1,2,1,0,1,0.0,0,1,0,0,0,34
https://t.co/fU6cAxEv0H,1,phishtank,t.co,co,23,4,11,0,4.0231,2.0,0,0,1,0,2,1,0.087,0,1,1,0,0,5931
https://q-r.to/bfaY4P,1,phishtank,q-r.to,to,21,6,7,0,3.9395,2.585,0,0,1,1,1,1,0.0476,0,1,0,0,0,5285
https://join.chat/,0,tranco,join.chat,chat,18,9,1,0,3.5305,3.1699,0,0,1,0,0,1,0.0,0,1,0,0,0,-1
https://modland.net/,0,tranco,modland.net,net,20,11,1,0,3.6464,3.0958,0,0,1,0,0,1,0.0,0,1,0,0,0,4960
https://q-r.to/bfT4Cs,1,phishtank,q-r.to,to,21,6,7,0,3.8442,2.585,0,0,1,1,1,1,0.0476,0,1,0,0,0,5285
https://validand0bip.webcindario.com/,1,phishtank,webcindario.com,com,37,28,1,0,4.2293,3.8249,0,1,2,0,1,1,0.027,0,1,0,0,0,9275
https://qrco.de/bgcXJk,1,phishtank,qrco.de,de,22,7,7,0,4.0615,2.8074,0,0,1,0,0,1,0.0,0,1,0,0,0,-1
https://smartrecruiters.com/,0,tranco,smartrecruiters.com,com,28,19,1,0,3.682,3.3006,0,0,1,0,0,1,0.0,0,1,0,0,0,-1
https://confirmaccounts-managerpage-settingcenter.pages.dev/,1,phishtank,pages.dev,dev,60,51,1,0,4.1295,3.9395,0,1,2,2,0,1,0.0,0,1,0,2,1,-1
https://lifehack.org/,0,tranco,lifehack.org,org,21,12,1,0,3.9754,3.585,0,0,1,0,0,1,0.0,0,1,0,0,0,7745
https://gospolum.web.app/,1,phishtank,web.app,app,25,16,1,0,3.8137,3.4528,0,1,2,0,0,1,0.0,0,1,0,0,0,-1
https://banki.ru/,0,tranco,banki.ru,ru,17,8,1,0,3.6901,3.0,0,0,1,0,0,1,0.0,0,1,0,1,1,9823
https://qrco.de/bfNjLX,1,phishtank,qrco.de,de,22,7,7,0,4.1524,2.8074,0,0,1,0,0,1,0.0,0,1,0,0,0,-1
https://ticketmaster.ca/,0,tranco,ticketmaster.ca,ca,24,15,1,0,3.5698,3.1899,0,0,1,0,0,1,0.0,0,1,0,0,0,9415
https://qrco.de/bgLDxS,1,phishtank,qrco.de,de,22,7,7,0,4.1524,2.8074,0,0,1,0,0,1,0.0,0,1,0,0,0,-1
https://bit.ly/4fuivXH,1,phishtank,bit.ly,ly,22,6,8,0,3.9363,2.585,0,0,1,0,1,1,0.0455,0,1,1,0,0,6639
https://l.ead.me/1kNcV9Et2Fk7wKahMbgHWG,1,phishtank,ead.me,me,39,8,23,0,4.7852,2.5,0,1,2,0,4,1,0.1026,0,1,0,0,0,3928
https://riken.jp/,0,tranco,riken.jp,jp,17,8,1,0,3.5725,3.0,0,0,1,0,0,1,0.0,0,1,0,0,0,9221
https://wzrkt.com/,0,tranco,wzrkt.com,com,18,9,1,0,3.6416,3.1699,0,0,1,0,0,1,0.0,0,1,0,0,0,4345
https://splunkcloud.com/,0,tranco,splunkcloud.com,com,24,15,1,0,3.8035,3.3736,0,0,1,0,0,1,0.0,0,1,0,0,0,4879
https://sailthru.com/,0,tranco,sailthru.com,com,21,12,1,0,3.749,3.585,0,0,1,0,0,1,0.0,0,1,0,0,0,6980
https://l.wl.co/l?u=https://qr-codes.io/h5gKjY,1,phishtank,wl.co,co,46,7,2,28,4.3652,2.2359,0,1,3,1,1,4,0.0217,0,1,0,0,0,5931
https://riyefjsbmnk2i13642r87iuwhfk125367-43.webflow.io/,1,phishtank,webflow.io,io,56,47,1,0,4.7757,4.5542,0,1,2,1,16,1,0.2857,0,1,0,0,0,4823
https://aviso.bz/,0,tranco,aviso.bz,bz,17,8,1,0,3.5725,3.0,0,0,1,0,0,1,0.0,0,1,0,0,0,-1
https://vimbia.weebly.com/,1,phishtank,weebly.com,com,26,17,1,0,4.056,3.4992,0,1,2,0,0,1,0.0,0,1,0,0,0,7420
https://pub-005b0ffa1491459888d064e89e851fc3.r2.dev/index.html,1,phishtank,r2.dev,dev,62,43,11,0,4.7219,4.1672,0,1,3,1,24,1,0.3871,0,1,0,0,0,-1
https://stream-io-api.com/,0,tranco,stream-io-api.com,com,26,17,1,0,3.7962,3.4992,0,0,1,2,0,1,0.0,0,1,0,0,0,3241
https://modotopazempresas.com/,1,phishtank,modotopazempresas.com,com,30,21,1,0,3.7144,3.404,0,0,1,0,0,1,0.0,0,1,0,0,0,84
https://foxnews.com/,0,tranco,foxnews.com,com,20,11,1,0,3.7842,3.2776,0,0,1,0,0,1,0.0,0,1,0,0,0,11354
https://l.ead.me/bgcYtH,1,phishtank,ead.me,me,23,8,7,0,3.9362,2.5,0,1,2,0,0,1,0.0,0,1,0,0,0,3928
https://usg.edu/,0,tranco,usg.edu,edu,16,7,1,0,3.3278,2.5216,0,0,1,0,0,1,0.0,0,1,0,0,0,10333
https://q-r.to/bgIhXf,1,phishtank,q-r.to,to,21,6,7,0,3.8442,2.585,0,0,1,1,0,1,0.0,0,1,0,0,0,5285
https://arity.com/,0,tranco,arity.com,com,18,9,1,0,3.6416,3.1699,0,0,1,0,0,1,0.0,0,1,0,0,0,11009
https://my.games/,0,tranco,my.games,games,17,8,1,0,3.4548,2.75,0,0,1,0,0,1,0.0,0,1,0,0,0,-1
https://new.express.adobe.com/webpage/v0UpyKA175ztd,1,phishtank,adobe.com,com,51,21,22,0,4.5788,3.5945,0,2,3,0,4,1,0.0784,0,1,0,0,0,14492
https://internet-filiale.net/,0,tranco,internet-filiale.net,net,29,20,1,0,3.6209,3.1087,0,0,1,1,0,1,0.0,0,1,0,0,0,8617
https://ygtfrdjxwcf6shgxfs0kcjhm1b-j6uwysgcfjxokhbnvfgehj.teemill.com/,1,phishtank,teemill.com,com,70,61,1,0,4.6743,4.5498,0,1,2,1,4,1,0.0571,0,1,0,0,0,4016
https://signon.auth-verify.com/pages/10ab5b62ac22/XWWRXUWNvQjZLVk1hK0FLRk41clBBMGE2ZWJKNUFDVkVsdmZkbXdPNUR2cExGQ2I5QnVHQTAzalYySFJmTVZlbmplM3UvQzY1SzNDQ1U1L3l6RDBYaW4zQmZVVzBQWTk3cDkvQmk0Sy83anlrYVZWWlNVN1VIajdTNFpFemZxQStSa053d2l0c2JGUVV0Zk5OWlVETTIxZVloSzN2cU9LdnVJa3d3bnpyVmI3MWdzODA2WUpWN1ByUWl4a1ctLUxjTkM0R0ZuRGduaGZreS8tLWh4VVlQWUdlQ2xJamI5WGxEYnlxNHc9PQ==,1,phishtank,auth-verify.com,com,363,22,333,0,5.6876,4.0958,0,1,2,1,51,3,0.1405,0,1,0,2,1,3800
https://l.ead.me/bfInIe,1,phishtank,ead.me,me,23,8,7,0,3.8492,2.5,0,1,2,0,0,1,0.0,0,1,0,0,0,3928
https://oranuxconsult.com/tonos/,1,phishtank,oranuxconsult.com,com,32,17,7,0,3.715,3.4548,0,0,1,0,0,1,0.0,0,1,0,0,0,3016
https://deadline.com/,0,tranco,deadline.com,com,21,12,1,0,3.8802,3.2516,0,0,1,0,0,1,0.0,0,1,0,0,0,11276
https://www.dropbox.com/scl/fi/rnf46j5hqinr55e4nr051/Login-to-MyBT.papert?rlkey=myru84cjhd1qmbk2vufkeggsl&st=y4a9gikp&dl=0,1,phishtank,dropbox.com,com,122,15,50,48,5.242,3.1396,0,1,3,2,16,7,0.1311,0,1,0,1,1,11347
https://likee.video/,0,tranco,likee.video,video,20,11,1,0,3.6464,2.8454,0,0,1,0,0,1,0.0,0,1,0,0,0,-1
http://zpr.io/qzsEq4PmzLex,1,phishtank,zpr.io,io,26,6,13,0,4.1039,2.585,0,0,1,0,1,1,0.0385,0,0,0,0,0,5000
https://appsuite-trexo.wixstudio.com/us-en,1,phishtank,wixstudio.com,com,42,28,6,0,4.1033,3.8693,0,1,2,2,0,1,0.0,0,1,0,0,0,-1
https://spotv24.com/,0,tranco,spotv24.com,com,20,11,1,0,3.5464,3.2776,0,0,1,0,2,1,0.1,0,1,0,0,0,2825
https://mail2update-c484.firebaseapp.com/,1,phishtank,firebaseapp.com,com,41,32,1,0,4.3267,4.1403,0,1,2,1,4,1,0.0976,0,1,0,1,1,5027
https://support-trezor-io-start-starting-cdn.typedream.app/,1,phishtank,typedream.app,app,59,50,1,0,4.028,3.871,0,1,2,5,0,1,0.0,0,1,0,1,1,-1
https://webstart-trezr.wixstudio.com/us-en,1,phishtank,wixstudio.com,com,42,28,6,0,4.2072,3.9233,0,1,2,2,0,1,0.0,0,1,0,0,0,-1
https://metruyenhot.me/,0,tranco,metruyenhot.me,me,23,14,1,0,3.5884,3.182,0,0,1,0,0,1,0.0,0,1,0,0,0,754
https://openx.net/,0,tranco,openx.net,net,18,9,1,0,3.3083,2.7255,0,0,1,0,0,1,0.0,0,1,0,0,0,10847
https://challonge.com/,0,tranco,challonge.com,com,22,13,1,0,3.7888,3.2389,0,0,1,0,0,1,0.0,0,1,0,0,0,6361
https://m-trnsports.pro/,1,phishtank,m-trnsports.pro,pro,24,15,1,0,3.3758,3.0566,0,0,1,1,0,1,0.0,0,1,0,0,0,-1
https://dabopsik.firebaseapp.com/,1,phishtank,firebaseapp.com,com,33,24,1,0,4.0061,3.6887,0,1,2,0,0,1,0.0,0,1,0,0,0,5027
https://bafkreicofgansyusv5jbvn65ejxgbvvnxojd73xjk5b2yztikcpiisfzne.ipfs.dweb.link/,1,phishtank,dweb.link,link,83,74,1,0,4.7742,4.6285,0,2,3,0,7,1,0.0843,0,1,0,0,0,3435
http://allegro.9274186913507.click/,1,phishtank,9274186913507.click,click,35,27,1,0,4.5147,4.2084,0,1,2,0,13,1,0.3714,0,0,0,0,0,119
https://jkrdjhfdjkuxux.weebly.com/,1,phishtank,weebly.com,com,34,25,1,0,4.3372,3.9737,0,1,2,0,0,1,0.0,0,1,0,0,0,7420
https://desconto-three.vercel.app/,1,phishtank,vercel.app,app,34,25,1,0,3.8781,3.6995,0,1,2,1,0,1,0.0,0,1,0,0,0,-1
https://whoisdomain.kr/,0,tranco,whoisdomain.kr,kr,23,14,1,0,3.882,3.5216,0,0,1,0,0,1,0.0,0,1,0,0,0,7041
https://bkn.go.id/,0,tranco,bkn.go.id,go.id,18,9,1,0,3.6835,2.9477,0,0,2,0,0,1,0.0,0,1,0,0,0,-1
https://ionos.co.uk/,0,tranco,ionos.co.uk,co.uk,20,11,1,0,3.5464,2.8454,0,0,2,0,0,1,0.0,0,1,0,0,0,3264
https://pixnet.net/,0,tranco,pixnet.net,net,19,10,1,0,3.2608,2.7219,0,0,1,0,0,1,0.0,0,1,0,0,0,8080
https://fanniemae.com/,0,tranco,fanniemae.com,com,22,13,1,0,3.7888,3.0851,0,0,1,0,0,1,0.0,0,1,0,0,0,11408
https://lunchhunch.com,1,phishtank,lunchhunch.com,com,22,14,0,0,3.516,2.8424,0,0,1,0,0,1,0.0,0,1,0,0,0,393
https://rackspaceclouddb.com/,0,tranco,rackspaceclouddb.com,com,29,20,1,0,4.0044,3.6219,0,0,1,0,0,1,0.0,0,1,0,0,0,5360
https://bt.co/,0,tranco,bt.co,co,14,5,1,0,3.1281,2.3219,0,0,1,0,0,1,0.0,0,1,0,0,0,5931
https://bov-verify.web.app/,1,phishtank,web.app,app,27,18,1,0,4.0323,3.6144,0,1,2,1,0,1,0.0,0,1,0,1,1,-1
https://huntflow.ru/,0,tranco,huntflow.ru,ru,20,11,1,0,3.6464,3.2776,0,0,1,0,0,1,0.0,0,1,0,0,0,4180
https://motorolasolutions.com/,0,tranco,motorolasolutions.com,com,30,21,1,0,3.6729,3.2728,0,0,1,0,0,1,0.0,0,1,0,0,0,9548
https://shein.co.uk/,0,tranco,shein.co.uk,co.uk,20,11,1,0,3.6842,3.2776,0,0,2,0,0,1,0.0,0,1,0,0,0,4239
https://okbet.com/,0,tranco,okbet.com,com,18,9,1,0,3.5305,2.9477,0,0,1,0,0,1,0.0,0,1,0,0,0,8284
https://ycombinator.com/,0,tranco,ycombinator.com,com,24,15,1,0,3.8239,3.3232,0,0,1,0,0,1,0.0,0,1,0,0,0,7793
https://ilewtkbpk.firebaseapp.com/,1,phishtank,firebaseapp.com,com,34,25,1,0,4.0797,3.8635,0,1,2,0,0,1,0.0,0,1,0,0,0,5027
https://kleinanzelgen.verify35132-email.my.id/zcYJZ1,1,phishtank,verify35132-email.my.id,my.id,52,37,7,0,4.6883,4.0777,0,1,3,1,6,1,0.1154,0,1,0,1,1,-1
https://home-bitunexx.wixstudio.com/en-login,1,phishtank,wixstudio.com,com,44,27,9,0,4.209,3.8562,0,1,2,2,0,1,0.0,0,1,0,1,1,-1
https://ipower.com/,0,tranco,ipower.com,com,19,10,1,0,3.6819,3.1219,0,0,1,0,0,1,0.0,0,1,0,0,0,10600
https://qrco.de/bgb9yv,1,phishtank,qrco.de,de,22,7,7,0,4.0615,2.8074,0,0,1,0,1,1,0.0455,0,1,0,0,0,-1
https://bit.ly/3Yndasg,1,phishtank,bit.ly,ly,22,6,8,0,3.9363,2.585,0,0,1,0,1,1,0.0455,0,1,1,0,0,6639
https://taylorfrancis.com/,0,tranco,taylorfrancis.com,com,26,17,1,0,3.9501,3.6169,0,0,1,0,0,1,0.0,0,1,0,0,0,9010
https://hiaiabc.com/,0,tranco,hiaiabc.com,com,20,11,1,0,3.5842,2.914,0,0,1,0,0,1,0.0,0,1,0,0,0,2336
https://tufts.edu/,0,tranco,tufts.edu,edu,18,9,1,0,3.2391,2.7255,0,0,1,0,0,1,0.0,0,1,0,0,0,14275
https://rp.mockplus.com/run/BPcpUG0btY/SbQb1Af3dx/0inL0uAmOl?cps=expand&rps=expand&nav=1&ha=0&la=0&fc=1&dt=iphoneX&out=0&rt=1&as=true,1,phishtank,mockplus.com,com,133,15,37,72,4.9336,3.2402,0,1,2,0,11,21,0.0827,0,1,0,0,0,4563
https://porntrex.com/,0,tranco,porntrex.com,com,21,12,1,0,3.6538,3.2516,0,0,1,0,0,1,0.0,0,1,0,0,0,4157
https://starthub.framer.website/app-en,1,phishtank,framer.website,website,38,23,7,0,3.9483,3.5555,0,1,2,1,0,1,0.0,0,1,0,0,0,1705
https://ctr45-mttbb66.web.app/,1,phishtank,web.app,app,30,21,1,0,3.9111,3.6538,0,1,2,1,4,1,0.1333,0,1,0,0,0,-1
https://docs.google.com/presentation/d/e/2PACX-1vQsA6a10-MuEy_M7Dl5MbUtW4ZKfQoGZybq1HQnzNUb3RqvRUqR3ODU5Z4kT6kMjoS6yM6QeWsdsXv-/pub?start=false&amp;loop=false&amp;delayms=3000,1,phishtank,google.com,com,175,15,108,43,5.5585,2.9736,0,1,2,3,20,9,0.1143,0,1,0,0,0,10537
https://medex.com.bd/,0,tranco,medex.com.bd,com.bd,21,12,1,0,3.6897,2.9183,0,0,2,0,0,1,0.0,0,1,0,0,0,-1
https://klm.com/,0,tranco,klm.com,com,16,7,1,0,3.4528,2.5216,0,0,1,0,0,1,0.0,0,1,0,0,0,10248
https://verify.hn/,0,tranco,verify.hn,hn,18,9,1,0,3.6835,3.1699,0,0,1,0,0,1,0.0,0,1,0,1,1,1661
https://dkttc.ac.th/,0,tranco,dkttc.ac.th,ac.th,20,11,1,0,3.2037,2.6635,0,0,2,0,0,1,0.0,0,1,0,0,0,-1
https://elastic.co/,0,tranco,elastic.co,co,19,10,1,0,3.5369,3.1219,0,0,1,0,0,1,0.0,0,1,0,0,0,5845
https://gsspat.jp/,0,tranco,gsspat.jp,jp,18,9,1,0,3.1133,2.7255,0,0,1,0,0,1,0.0,0,1,0,0,0,4871
https://pub-81a947e8d81d4d49b1b096168d258f36.r2.dev/index.html,1,phishtank,r2.dev,dev,62,43,11,0,4.6774,4.1184,0,1,3,1,24,1,0.3871,0,1,0,0,0,-1
https://tmz.com/,0,tranco,tmz.com,com,16,7,1,0,3.2806,2.5216,0,0,1,0,0,1,0.0,0,1,0,0,0,11115
https://bit.ly/3SaDYvw,1,phishtank,bit.ly,ly,22,6,8,0,4.0272,2.585,0,0,1,0,1,1,0.0455,0,1,1,0,0,6639
https://bafkreiaq3pljos4ltygvhnewtlebhqwsqymrhxjb6e4xbx34z5m6dewyp4.ipfs.dweb.link/,1,phishtank,dweb.link,link,83,74,1,0,4.7889,4.7073,0,2,3,0,9,1,0.1084,0,1,0,0,0,3435
https://www.roblox.com.ml/games/2753915549/Blox-Fruits?privateServerLinkCode=333234067125848913368471701828,1,phishtank,roblox.com.ml,com.ml,107,17,29,52,5.1098,3.0131,0,1,3,1,40,3,0.3738,0,1,0,0,0,-1
https://docs.google.com/presentation/d/e/2PACX-1vQCTaejXBCObBXhxeZaZTYaKb6Fsx3hhscVb7jqSfDJK_wabzOo8IT6TnmKSGE29Djg-9yDjHQAZuMF/pub?start=false&amp;loop=false&amp;delayms=3000&amp;slide=id.p,1,phishtank,google.com,com,190,15,108,58,5.5939,2.9736,0,1,3,2,14,12,0.0737,0,1,0,0,0,10537
https://lloydsbank.co.uk/,0,tranco,lloydsbank.co.uk,co.uk,25,16,1,0,3.9737,3.5,0,0,2,0,0,1,0.0,0,1,0,1,1,10947
https://olbubf.webwave.dev/,1,phishtank,webwave.dev,dev,27,18,1,0,3.9303,3.3083,0,1,2,0,0,1,0.0,0,1,0,0,0,-1
https://loja-2026-4.myshopify.com/products/freezer-horizontal-electrolux-513l-inverter-uma-porta-hi550-cor-branco?utm_source=organic&amp;amp;utm_campaign=&amp;amp;utm_medium=&amp;amp;utm_content=&amp;amp;utm_term=,1,phishtank,myshopify.com,com,213,25,80,99,4.7201,4.0537,0,1,2,11,11,19,0.0516,0,1,0,1,1,7446
https://mlssoccer.com/,0,tranco,mlssoccer.com,com,22,13,1,0,3.5383,2.8731,0,0,1,0,0,1,0.0,0,1,0,0,0,9194
https://www.viapo.it/dab/made-in-chin/index.html,1,phishtank,viapo.it,it,48,12,28,0,4.1735,2.8554,0,1,3,2,0,1,0.0,0,1,0,0,0,3414
http://allegro.128931727j9456j45623129.shop/,1,phishtank,128931727j9456j45623129.shop,shop,44,36,1,0,4.408,4.1835,0,1,2,0,21,1,0.4773,0,0,0,0,0,-1
https://ipfs.io/ipfs/Qmdq7QLBT2APaEr8AjY6Xkhh2LDb2b6bKbTfaGmuewCXCX,1,phishtank,ipfs.io,io,67,7,52,0,5.0618,2.5216,0,0,1,0,7,1,0.1045,0,1,0,0,0,4449
https://heraldo.es/,0,tranco,heraldo.es,es,19,10,1,0,3.5766,3.1219,0,0,1,0,0,1,0.0,0,1,0,0,0,-1
https://awsdns-35.co.uk/,0,tranco,awsdns-35.co.uk,co.uk,24,15,1,0,4.0221,3.6402,0,0,2,1,2,1,0.0833,0,1,0,0,0,5753
https://helloclue.com/,0,tranco,helloclue.com,com,22,13,1,0,3.5726,2.8731,0,0,1,0,0,1,0.0,0,1,0,0,0,4955
https://share-eu1.hsforms.com/2qDgRl1RBQZyB440jBWYPdg2exj88,1,phishtank,hsforms.com,com,59,21,30,0,5.0179,3.5945,0,1,2,1,9,1,0.1525,0,1,0,0,0,4690
https://zax3ro.lat/c7uup3ox/TFGIhF/n4mEoo,1,phishtank,zax3ro.lat,lat,41,10,23,0,4.4218,3.1219,0,0,1,0,4,1,0.0976,0,1,0,0,0,98
http://financeiroportal.online,1,phishtank,financeiroportal.online,online,30,23,0,0,3.7647,3.4144,0,0,1,0,0,1,0.0,0,0,0,0,0,20
https://alexandre.sg-app-52.info/,1,phishtank,sg-app-52.info,info,33,24,1,0,4.2485,3.9702,0,1,2,2,2,1,0.0606,0,1,0,0,0,-1
https://3c26yhw.skin/al0tpjn7/ZG26pi/je2Ve1,1,phishtank,3c26yhw.skin,skin,43,12,23,0,4.499,3.585,0,0,1,0,9,1,0.2093,0,1,0,0,0,-1
https://socket-com.weebly.com/,1,phishtank,weebly.com,com,30,21,1,0,3.9144,3.5226,0,1,2,1,0,1,0.0,0,1,0,0,0,7420
https://eng-trezoo-bridge.netlify.app/,1,phishtank,netlify.app,app,38,29,1,0,4.2082,3.9614,0,1,2,2,0,1,0.0,0,1,0,0,0,-1
https://docs.google.com/presentation/d/e/2PACX-1vRzu0qbkfTyx715xdEmNmDYuzzySvCKCcAcL38hdhLon0VqOQSp-rQhBK43uSUw3EHL9dWv2RUop531/pub?start=false&amp;loop=false&amp;delayms=3000,1,phishtank,google.com,com,175,15,108,43,5.6181,2.9736,0,1,2,2,21,9,0.12,0,1,0,0,0,10537
https://intergi.com/,0,tranco,intergi.com,com,20,11,1,0,3.7464,3.2776,0,0,1,0,0,1,0.0,0,1,0,0,0,6969
https://myharmony.com/,0,tranco,myharmony.com,com,22,13,1,0,3.6635,3.027,0,0,1,0,0,1,0.0,0,1,0,0,0,7990
https://nav-metemask-ext.wixstudio.com/web-extension,1,phishtank,wixstudio.com,com,52,30,14,0,4.1946,3.9647,0,1,2,3,0,1,0.0,0,1,0,0,0,-1
https://allfreenovel.com/,0,tranco,allfreenovel.com,com,25,16,1,0,3.9133,3.2806,0,0,1,0,0,1,0.0,0,1,0,1,1,2209
https://secomtrust.net/,0,tranco,secomtrust.net,net,23,14,1,0,3.5184,3.182,0,0,1,0,0,1,0.0,0,1,0,0,0,9602
https://cyberark.cloud/,0,tranco,cyberark.cloud,cloud,23,14,1,0,4.056,3.5216,0,0,1,0,0,1,0.0,0,1,0,0,0,2780
https://chromium.org/,0,tranco,chromium.org,org,21,12,1,0,3.6897,3.085,0,0,1,0,0,1,0.0,0,1,0,0,0,8826
https://calendly.com/,0,tranco,calendly.com,com,21,12,1,0,3.8802,3.2516,0,0,1,0,0,1,0.0,0,1,0,0,0,4893
https://did.li/WmpmC,1,phishtank,did.li,li,20,6,6,0,3.5842,1.9183,0,0,1,0,0,1,0.0,0,1,0,0,0,-1
https://santandernetibe.com.br/,0,tranco,santandernetibe.com.br,com.br,31,22,1,0,3.9134,3.5726,0,0,2,0,0,1,0.0,0,1,0,0,0,5552
http://allegrolokalnie.348239h.lol,1,phishtank,348239h.lol,lol,34,27,0,0,4.0797,3.708,0,1,2,0,6,1,0.1765,0,0,0,0,0,30
https://okmeter.io/,0,tranco,okmeter.io,io,19,10,1,0,3.5369,2.9219,0,0,1,0,0,1,0.0,0,1,0,0,0,4152
https://doz.pl/,0,tranco,doz.pl,pl,15,6,1,0,3.3232,2.585,0,0,1,0,0,1,0.0,0,1,0,0,0,8763
https://qrfy.io/p/_9vCOMZoWc,1,phishtank,qrfy.io,io,28,7,13,0,4.3074,2.8074,0,0,1,0,1,1,0.0357,0,1,0,0,0,832
https://cz0a4r-62o7-ivztn-igu-rnmke.pages.dev/,1,phishtank,pages.dev,dev,46,37,1,0,4.6048,4.4323,0,1,2,4,5,1,0.1087,0,1,0,0,0,-1
https://qrco.de/bgbaLL,1,phishtank,qrco.de,de,22,7,7,0,3.9706,2.8074,0,0,1,0,0,1,0.0,0,1,0,0,0,-1
https://q-r.to/bfTYHK,1,phishtank,q-r.to,to,21,6,7,0,3.9395,2.585,0,0,1,1,0,1,0.0,0,1,0,0,0,5285
https://viranet.app/,0,tranco,viranet.app,app,20,11,1,0,3.5087,3.0958,0,0,1,0,0,1,0.0,0,1,0,0,0,-1
https://benesse.ne.jp/,0,tranco,benesse.ne.jp,ne.jp,22,13,1,0,3.2999,2.6235,0,0,2,0,0,1,0.0,0,1,0,0,0,10191
https://transportation.gov/,0,tranco,transportation.gov,gov,27,18,1,0,3.6023,3.3083,0,0,1,0,0,1,0.0,0,1,0,0,0,8985
https://bigboss.rodeo/,0,tranco,bigboss.rodeo,rodeo,22,13,1,0,3.6292,3.027,0,0,1,0,0,1,0.0,0,1,0,0,0,483
https://quncxunesplo.firebaseapp.com/,1,phishtank,firebaseapp.com,com,37,28,1,0,4.2293,3.9677,0,1,2,0,0,1,0.0,0,1,0,0,0,5027
https://l.ead.me/bfQBD3,1,phishtank,ead.me,me,23,8,7,0,4.056,2.5,0,1,2,0,1,1,0.0435,0,1,0,0,0,3928
https://leagueoflegends.com/,0,tranco,leagueoflegends.com,com,28,19,1,0,3.9947,3.5111,0,0,1,0,0,1,0.0,0,1,0,0,0,6875
https://ugnas.com/,0,tranco,ugnas.com,com,18,9,1,0,3.6835,3.1699,0,0,1,0,0,1,0.0,0,1,0,0,0,1245
https://dola.com/,0,tranco,dola.com,com,17,8,1,0,3.5725,2.75,0,0,1,0,0,1,0.0,0,1,0,0,0,7494
http://www.pcn-noticyj.shop/com/,1,phishtank,pcn-noticyj.shop,shop,32,20,5,0,3.8195,3.5842,0,1,2,1,0,1,0.0,0,0,0,0,0,-1
https://jamesolalakon.wixsite.com/my-site-1,1,phishtank,wixsite.com,com,43,25,10,0,4.2512,3.7835,0,1,2,2,1,1,0.0233,0,1,0,0,0,5187
https://alexa.com/,0,tranco,alexa.com,com,18,9,1,0,3.6835,2.9477,0,0,1,0,0,1,0.0,0,1,0,0,0,10962
https://bafkreieuu3wmflc6bdyne6xhavqvceypro3rpdthbl2lxvtrc3ohyoaybm.ipfs.dweb.link/,1,phishtank,dweb.link,link,83,74,1,0,4.7513,4.6483,0,2,3,0,6,1,0.0723,0,1,0,0,0,3435
https://sexneka.com/,0,tranco,sexneka.com,com,20,11,1,0,3.7842,3.2776,0,0,1,0,0,1,0.0,0,1,0,0,0,548
https://l.ead.me/bgb4ze,1,phishtank,ead.me,me,23,8,7,0,3.8492,2.5,0,1,2,0,1,1,0.0435,0,1,0,0,0,3928
https://apkmodjoy.net/,0,tranco,apkmodjoy.net,net,22,13,1,0,3.8454,3.5466,0,0,1,0,0,1,0.0,0,1,0,0,0,692
https://homestart-treser.wixstudio.com/usen,1,phishtank,wixstudio.com,com,43,30,5,0,4.0452,3.8062,0,1,2,1,0,1,0.0,0,1,0,0,0,-1
https://gdt.gov.vn/,0,tranco,gdt.gov.vn,gov.vn,19,10,1,0,3.4316,2.7219,0,0,2,0,0,1,0.0,0,1,0,0,0,-1
https://qrco.de/bghXSY,1,phishtank,qrco.de,de,22,7,7,0,4.0615,2.8074,0,0,1,0,0,1,0.0,0,1,0,0,0,-1
https://nydailynews.com/,0,tranco,nydailynews.com,com,24,15,1,0,4.0535,3.6402,0,0,1,0,0,1,0.0,0,1,0,0,0,11440
https://7news.com.au/,0,tranco,7news.com.au,com.au,21,12,1,0,3.8802,3.4183,0,0,2,0,1,1,0.0476,0,1,0,0,0,-1
https://vedomosti.ru/,0,tranco,vedomosti.ru,ru,21,12,1,0,3.749,3.4183,0,0,1,0,0,1,0.0,0,1,0,0,0,9910
https://bit.ly/4jhCtaE,1,phishtank,bit.ly,ly,22,6,8,0,3.7888,2.585,0,0,1,0,1,1,0.0455,0,1,1,0,0,6639
https://sites.google.com/view/swissscom/home,1,phishtank,google.com,com,44,16,20,0,3.7518,3.2028,0,1,2,0,0,1,0.0,0,1,0,0,0,10537
https://us5.campaign-archive.com/?u=bea54878d5ef8460a9e8a6e0a&id=0d40306148,1,phishtank,campaign-archive.com,com,75,24,1,41,4.802,3.9387,0,1,2,1,24,5,0.32,0,1,0,0,0,7139
https://docs.google.com/presentation/d/e/2PACX-1vTsyQVFkSfiSnIfmFl-m7XP4RUcgeWnXRqWnJypippzn_mNeVUTiaFLpSgCVX2kohhAEhI2V8lIbkzq/pub?start=false&amp;loop=false&amp;delayms=3000,1,phishtank,google.com,com,175,15,108,43,5.4554,2.9736,0,1,2,2,11,9,0.0629,0,1,0,0,0,10537
https://adbesta-dp1kudlt0rsh.edgeone.app/,1,phishtank,edgeone.app,app,41,32,1,0,4.1316,4.0153,0,1,2,1,2,1,0.0488,0,1,0,0,0,-1
https://forexpros.com/,0,tranco,forexpros.com,com,22,13,1,0,3.6635,3.1808,0,0,1,0,0,1,0.0,0,1,0,0,0,7421
https://lolpol2.com/,0,tranco,lolpol2.com,com,20,11,1,0,3.4087,2.5949,0,0,1,0,1,1,0.05,0,1,0,0,0,410
https://q-r.to/bgc71C,1,phishtank,q-r.to,to,21,6,7,0,3.9395,2.585,0,0,1,1,2,1,0.0952,0,1,0,0,0,5285
https://wikitree.com/,0,tranco,wikitree.com,com,21,12,1,0,3.749,3.2516,0,0,1,0,0,1,0.0,0,1,0,0,0,8058
https://lucidchart.com/,0,tranco,lucidchart.com,com,23,14,1,0,3.8164,3.4677,0,0,1,0,0,1,0.0,0,1,0,0,0,6506
https://sites.google.com/view/pstbk/accueil,1,phishtank,google.com,com,43,16,19,0,4.0804,3.2028,0,1,2,0,0,1,0.0,0,1,0,0,0,10537
http://allegro.43i12984h457.baby,1,phishtank,43i12984h457.baby,baby,32,25,0,0,4.4139,4.1337,0,1,2,0,10,1,0.3125,0,0,0,0,0,30
https://did.li/bCfmC,1,phishtank,did.li,li,20,6,6,0,3.6842,1.9183,0,0,1,0,0,1,0.0,0,1,0,0,0,-1
https://bit.ly/3yt4BF6,1,phishtank,bit.ly,ly,22,6,8,0,3.7888,2.585,0,0,1,0,3,1,0.1364,0,1,1,0,0,6639
https://mci.ir/,0,tranco,mci.ir,ir,15,6,1,0,3.3232,2.2516,0,0,1,0,0,1,0.0,0,1,0,0,0,-1
https://open-appslive.wixstudio.com/en-us,1,phishtank,wixstudio.com,com,41,27,6,0,4.1923,4.0043,0,1,2,2,0,1,0.0,0,1,0,0,0,-1
https://hotpic.me/,0,tranco,hotpic.me,me,18,9,1,0,3.4194,3.1699,0,0,1,0,0,1,0.0,0,1,0,0,0,195
https://caixa.gov.br/,0,tranco,caixa.gov.br,gov.br,21,12,1,0,3.8802,3.2516,0,0,2,0,0,1,0.0,0,1,0,0,0,-1
https://qrco.de/bfX4Rm,1,phishtank,qrco.de,de,22,7,7,0,4.1524,2.8074,0,0,1,0,1,1,0.0455,0,1,0,0,0,-1
https://baesystems.com/,0,tranco,baesystems.com,com,23,14,1,0,3.5884,3.182,0,0,1,0,0,1,0.0,0,1,0,0,0,9808
https://www.pittur.pitimbu.pb.gov.br/es?redir=https://zfrmz.com/5X8g1YZ3jzXblIofoHGd,1,phishtank,pitimbu.pb.gov.br,pb.gov.br,84,28,3,44,4.8101,3.4008,0,2,6,0,4,4,0.0476,0,1,0,0,0,10855
https://href.li/?http://cs.aktualizaceudaju-unicreditgroup.eu/cs/Iogin_form/8bAZlY,1,phishtank,href.li,li,82,7,1,65,4.6849,2.8074,0,0,3,1,1,3,0.0122,0,1,0,0,0,-1
https://daaz.com/,0,tranco,daaz.com,com,17,8,1,0,3.5725,2.75,0,0,1,0,0,1,0.0,0,1,0,0,0,10322
https://costco.ca/,0,tranco,costco.ca,ca,18,9,1,0,3.1552,2.4194,0,0,1,0,0,1,0.0,0,1,0,0,0,9374
https://docs.google.com/presentation/d/e/2PACX-1vRmZPt2bjCG3PAXHCxxPhrjRf0tY-juCfoI-olfXRqsJXCjQr_jV4DPiGm2xVmxMkHZlfHe0wIC2Ex_/pub?start=false&amp;loop=false&amp;delayms=3000,1,phishtank,google.com,com,175,15,108,43,5.4291,2.9736,0,1,2,3,13,9,0.0743,0,1,0,0,0,10537
https://servicios-promociones-gyt-continen.netlify.app/,1,phishtank,netlify.app,app,55,46,1,0,4.1322,3.9452,0,1,2,3,0,1,0.0,0,1,0,0,0,-1
https://pantone.com/,0,tranco,pantone.com,com,20,11,1,0,3.5464,3.0958,0,0,1,0,0,1,0.0,0,1,0,0,0,11509
https://bookoff.co.jp/,0,tranco,bookoff.co.jp,co.jp,22,13,1,0,3.516,2.7774,0,0,2,0,0,1,0.0,0,1,0,0,0,10579
https://home-open-trezo.wixstudio.com/bridge-en,1,phishtank,wixstudio.com,com,47,29,10,0,4.2464,3.9489,0,1,2,3,0,1,0.0,0,1,0,0,0,-1
https://new.express.adobe.com/webpage/lTupzcEGsMR2b,1,phishtank,adobe.com,com,51,21,22,0,4.5152,3.5945,0,2,3,0,1,1,0.0196,0,1,0,0,0,14492
https://5367653454-665.start.page/,1,phishtank,start.page,page,34,25,1,0,3.8888,3.6039,0,1,2,1,13,1,0.3824,0,1,0,0,0,-1
https://login.khyuyu.com/?29WtNlYisyzdXQWzJ108LXp3,1,phishtank,khyuyu.com,com,50,16,1,24,4.9186,3.5,0,1,2,0,6,2,0.12,0,1,0,1,1,369
https://casasbahia.com.br/,0,tranco,casasbahia.com.br,com.br,26,17,1,0,3.6424,3.1463,0,0,2,0,0,1,0.0,0,1,0,0,0,10774
https://2gis.com/,0,tranco,2gis.com,com,17,8,1,0,3.5725,3.0,0,0,1,0,1,1,0.0588,0,1,0,0,0,8161
https://peakgames.net/,0,tranco,peakgames.net,net,22,13,1,0,3.5383,3.1808,0,0,1,0,0,1,0.0,0,1,0,0,0,5768
https://q-r.to/bgaIAk,1,phishtank,q-r.to,to,21,6,7,0,3.9395,2.585,0,0,1,1,0,1,0.0,0,1,0,0,0,5285
https://ncore.pro/,0,tranco,ncore.pro,pro,18,9,1,0,3.4613,2.7255,0,0,1,0,0,1,0.0,0,1,0,0,0,-1
https://crunchyroll.com/,0,tranco,crunchyroll.com,com,24,15,1,0,3.7721,3.1899,0,0,1,0,0,1,0.0,0,1,0,0,0,7374
https://adam4adam.com/,0,tranco,adam4adam.com,com,22,13,1,0,3.4817,2.5654,0,0,1,0,1,1,0.0455,0,1,0,0,0,8818
https://gatech.edu/,0,tranco,gatech.edu,edu,19,10,1,0,3.5369,3.1219,0,0,1,0,0,1,0.0,0,1,0,0,0,14685
https://medicare.gov/,0,tranco,medicare.gov,gov,21,12,1,0,3.9754,3.4183,0,0,1,0,0,1,0.0,0,1,0,0,0,10470
https://seguridadpich9n.webcindario.com/,1,phishtank,webcindario.com,com,40,31,1,0,4.2653,4.0023,0,1,2,0,1,1,0.025,0,1,0,0,0,9275
https://docs.google.com/presentation/d/e/2PACX-1vTKR83ODDQXOn2dGgUo4Pc25qDn8bkfn6-O6tcK03bUVtZRe-red8BJXD6O4pdbeSUaAEBNzhyBGsXe/pub?start=false&amp;loop=false&amp;delayms=3000&amp;slide=id.p,1,phishtank,google.com,com,190,15,108,58,5.4775,2.9736,0,1,3,3,20,12,0.1053,0,1,0,0,0,10537
https://goodnotes-devops.com/,0,tranco,goodnotes-devops.com,com,29,20,1,0,3.7589,3.4414,0,0,1,1,0,1,0.0,0,1,0,0,0,1650
https://tsukuba.ac.jp/,0,tranco,tsukuba.ac.jp,ac.jp,22,13,1,0,3.5726,3.2389,0,0,2,0,0,1,0.0,0,1,0,0,0,-1
https://docs.google.com/presentation/d/e/2PACX-1vTe6d_5copsSwJmJSkGtXLy86BN8MN1uDF9Z7egBscqdO4ei_d0Pry9FCSxn4i_RgedgaGEU7yEXv2R/pub?start=false&amp;loop=false&amp;delayms=3000&amp;slide=id.p,1,phishtank,google.com,com,190,15,108,58,5.5309,2.9736,0,1,3,1,20,12,0.1053,0,1,0,0,0,10537
http://nav-cryptocom-app.wixstudio.com/learn,1,phishtank,wixstudio.com,com,44,31,6,0,4.3171,4.0023,0,1,2,2,0,1,0.0,0,0,0,1,1,-1
https://l.ead.me/bfKGq4,1,phishtank,ead.me,me,23,8,7,0,4.056,2.5,0,1,2,0,1,1,0.0435,0,1,0,0,0,3928
https://dns4userver.com/,0,tranco,dns4userver.com,com,24,15,1,0,3.9387,3.5069,0,0,1,0,1,1,0.0417,0,1,0,0,0,7282
https://vultr.com/,0,tranco,vultr.com,com,18,9,1,0,3.6416,3.1699,0,0,1,0,0,1,0.0,0,1,0,0,0,6497
https://immersivelabs.com/,0,tranco,immersivelabs.com,com,26,17,1,0,3.921,3.4548,0,0,1,0,0,1,0.0,0,1,0,0,0,6422
https://angular.io/,0,tranco,angular.io,io,19,10,1,0,3.7871,3.1219,0,0,1,0,0,1,0.0,0,1,0,0,0,4369
https://livedoor.com/,0,tranco,livedoor.com,com,21,12,1,0,3.8442,3.1887,0,0,1,0,0,1,0.0,0,1,0,0,0,9791
https://watson.ch/,0,tranco,watson.ch,ch,18,9,1,0,3.4194,3.1699,0,0,1,0,0,1,0.0,0,1,0,0,0,-1
https://q-r.to/bgcZeO,1,phishtank,q-r.to,to,21,6,7,0,3.9395,2.585,0,0,1,1,0,1,0.0,0,1,0,0,0,5285
https://l.ead.me/bfS4vf,1,phishtank,ead.me,me,23,8,7,0,3.969,2.5,0,1,2,0,1,1,0.0435,0,1,0,0,0,3928
https://pitchfork.com/,0,tranco,pitchfork.com,com,22,13,1,0,3.6635,3.3927,0,0,1,0,0,1,0.0,0,1,0,0,0,11240
https://actblue.com/,0,tranco,actblue.com,com,20,11,1,0,3.7464,3.2776,0,0,1,0,0,1,0.0,0,1,0,0,0,8199
https://69shuba.tw/,0,tranco,69shuba.tw,tw,19,10,1,0,3.5369,3.3219,0,0,1,0,2,1,0.1053,0,1,0,0,0,700
https://ohchr.org/,0,tranco,ohchr.org,org,18,9,1,0,3.3083,2.5033,0,0,1,0,0,1,0.0,0,1,0,0,0,8979
https://kinghorsetotox58.com/,0,tranco,kinghorsetotox58.com,com,29,20,1,0,4.0044,3.8219,0,0,1,0,2,1,0.069,0,1,0,0,0,143
https://q-r.to/bfGZsq,1,phishtank,q-r.to,to,21,6,7,0,3.749,2.585,0,0,1,1,0,1,0.0,0,1,0,0,0,5285
https://auckland.ac.nz/,0,tranco,auckland.ac.nz,ac.nz,23,14,1,0,3.7623,3.0391,0,0,2,0,0,1,0.0,0,1,0,0,0,10818
https://alareentading-catalog.page.tl/,1,phishtank,page.tl,tl,38,29,1,0,3.8758,3.5294,0,1,2,1,0,1,0.0,0,1,0,0,0,7424
https://sexalarab.com/,0,tranco,sexalarab.com,com,22,13,1,0,3.8454,3.3347,0,0,1,0,0,1,0.0,0,1,0,0,0,3101
http://zuza.stefek.szczecin.pl/Webmail/25/Webmail/webmail.php,1,phishtank,stefek.szczecin.pl,szczecin.pl,61,23,31,0,4.2703,3.5884,0,1,4,0,2,1,0.0328,0,0,0,0,0,7680
https://qrco.de/bfJ0MB,1,phishtank,qrco.de,de,22,7,7,0,4.1524,2.8074,0,0,1,0,1,1,0.0455,0,1,0,0,0,-1
https://homebridge-enus.wixstudio.com/start,1,phishtank,wixstudio.com,com,43,29,6,0,4.2488,4.0213,0,1,2,1,0,1,0.0,0,1,0,0,0,-1
https://sites.google.com/view/gmxlogin57/home,1,phishtank,google.com,com,45,16,21,0,4.0643,3.2028,0,1,2,0,2,1,0.0444,0,1,0,1,1,10537
https://www.dpdlocams.cyou/com,1,phishtank,dpdlocams.cyou,cyou,30,18,4,0,3.8729,3.4613,0,1,2,0,0,1,0.0,0,1,0,0,0,71
https://docs.google.com/drawings/d/18hGB9gopToRmceLtsvuuBmcAWCTbWZzKrrUi4GbHKHg/edit,1,phishtank,google.com,com,84,15,61,0,5.0155,2.9736,0,1,2,0,4,1,0.0476,0,1,0,0,0,10537
https://zotero.org/,0,tranco,zotero.org,org,19,10,1,0,3.3919,2.6464,0,0,1,0,0,1,0.0,0,1,0,0,0,7266
https://ep.com/,0,tranco,ep.com,com,15,6,1,0,3.3232,2.585,0,0,1,0,0,1,0.0,0,1,0,0,0,11592
https://7662ced51b.start.page/?%2Fgoverance,1,phishtank,start.page,page,43,21,1,12,4.4609,3.9161,0,1,2,0,7,3,0.1628,0,1,0,0,0,-1
https://doctoralia.com.br/,0,tranco,doctoralia.com.br,com.br,26,17,1,0,3.8441,3.3372,0,0,2,0,0,1,0.0,0,1,0,0,0,6292
https://arabnews.com/,0,tranco,arabnews.com,com,21,12,1,0,3.8802,3.4183,0,0,1,0,0,1,0.0,0,1,0,0,0,11104
https://xinnet.com/,0,tranco,xinnet.com,com,19,10,1,0,3.6421,3.1219,0,0,1,0,0,1,0.0,0,1,0,0,0,9714
https://archiveofourown.org/,0,tranco,archiveofourown.org,org,28,19,1,0,4.0391,3.5766,0,0,1,0,0,1,0.0,0,1,0,0,0,6992
https://softether-network.net/,0,tranco,softether-network.net,net,30,21,1,0,3.6314,3.3447,0,0,1,1,0,1,0.0,0,1,0,0,0,4880
https://allegrolokalnie.pl-oferta72861861.lol,1,phishtank,pl-oferta72861861.lol,lol,45,37,0,0,4.2493,3.9348,0,1,2,1,8,1,0.1778,0,1,0,0,0,14
https://takashimaya.co.jp/,0,tranco,takashimaya.co.jp,co.jp,26,17,1,0,3.7193,3.4992,0,0,2,0,0,1,0.0,0,1,0,0,0,11669
https://360.com/,0,tranco,360.com,com,16,7,1,0,3.5778,2.8074,0,0,1,0,3,1,0.1875,0,1,0,0,0,9633
https://suiteio-treor.wixstudio.com/usen,1,phishtank,wixstudio.com,com,40,27,5,0,3.9751,3.6158,0,1,2,1,0,1,0.0,0,1,0,0,0,-1
https://pdhalum64773.ipage.com/bin/redxs/174147254/tff/pages/step-one.php,1,phishtank,ipage.com,com,73,22,43,0,4.5799,4.0049,0,1,3,1,14,1,0.1918,0,1,0,0,0,11443
https://l.ead.me/bfJNBw,1,phishtank,ead.me,me,23,8,7,0,4.056,2.5,0,1,2,0,0,1,0.0,0,1,0,0,0,3928
http://trezor-bridge-io-doc.framer.ai,1,phishtank,framer.ai,ai,37,30,0,0,4.0369,3.6859,0,1,2,3,0,1,0.0,0,0,0,0,0,3119
https://myrnsecv.icu/?secure_connect=241*fc*&_subid=2hk9he4.1a.vo7a&_token=21gabed31v351f.1779711459.21.78bf61d26402323041e0f562767a3d34,1,phishtank,myrnsecv.icu,icu,136,12,1,114,4.9842,3.4183,0,0,6,0,52,9,0.3824,0,1,0,2,1,60
https://betfair.com/,0,tranco,betfair.com,com,20,11,1,0,3.8464,3.4594,0,0,1,0,0,1,0.0,0,1,0,0,0,9624
https://docs.google.com/presentation/d/e/2PACX-1vT_BrTsgtkqpUjytGbtvgveGKb3lIC0gROPEdNSAm8osqsTRLrVWnFSgy2hfvGa30LgIzp_-PDXEiUe/pub?start=true&amp;loop=true&amp;delayms=3000&amp;slide=id.p,1,phishtank,google.com,com,188,15,108,56,5.4693,2.9736,0,1,3,2,12,12,0.0638,0,1,0,0,0,10537
https://bit.ly/4iMFnDX,1,phishtank,bit.ly,ly,22,6,8,0,3.9363,2.585,0,0,1,0,1,1,0.0455,0,1,1,0,0,6639
https://cognitoforms.com/,0,tranco,cognitoforms.com,com,25,16,1,0,3.7035,3.25,0,0,1,0,0,1,0.0,0,1,0,0,0,4642
https://awsdns-32.co.uk/,0,tranco,awsdns-32.co.uk,co.uk,24,15,1,0,4.0221,3.6402,0,0,2,1,2,1,0.0833,0,1,0,0,0,5753
https://dc-telemetry.net/,0,tranco,dc-telemetry.net,net,25,16,1,0,3.6693,3.2028,0,0,1,1,0,1,0.0,0,1,0,0,0,265
https://qrco.de/bfK6dt,1,phishtank,qrco.de,de,22,7,7,0,3.9363,2.8074,0,0,1,0,1,1,0.0455,0,1,0,0,0,-1
https://blm.gov/,0,tranco,blm.gov,gov,16,7,1,0,3.5778,2.8074,0,0,1,0,0,1,0.0,0,1,0,0,0,10520
https://worldmarket.com/,0,tranco,worldmarket.com,com,24,15,1,0,3.9387,3.5069,0,0,1,0,0,1,0.0,0,1,0,0,0,10150
https://xhclub.live/,0,tranco,xhclub.live,live,20,11,1,0,3.7842,3.2776,0,0,1,0,0,1,0.0,0,1,0,0,0,-1
https://l.ead.me/bgbbUd,1,phishtank,ead.me,me,23,8,7,0,3.7623,2.5,0,1,2,0,0,1,0.0,0,1,0,0,0,3928
https://l.ead.me/bgbuCJ,1,phishtank,ead.me,me,23,8,7,0,3.969,2.5,0,1,2,0,0,1,0.0,0,1,0,0,0,3928
http://allegrolokalinie.pl-7913485.cfd,1,phishtank,pl-7913485.cfd,cfd,38,31,0,0,4.5214,4.2571,0,1,2,1,7,1,0.1842,0,0,0,0,0,-1
https://opinary.com/,0,tranco,opinary.com,com,20,11,1,0,3.7842,3.2776,0,0,1,0,0,1,0.0,0,1,0,0,0,-1
https://wbbasket.ru/,0,tranco,wbbasket.ru,ru,20,11,1,0,3.6464,3.2776,0,0,1,0,0,1,0.0,0,1,0,0,0,1043
https://bpcyber.com/,0,tranco,bpcyber.com,com,20,11,1,0,3.6842,3.0958,0,0,1,0,0,1,0.0,0,1,0,0,0,2094
https://primis-tech.org/,0,tranco,primis-tech.org,org,24,15,1,0,3.7721,3.6402,0,0,1,1,0,1,0.0,0,1,0,0,0,360
https://jonesbnnk.weebly.com/,1,phishtank,weebly.com,com,29,20,1,0,4.0213,3.5464,0,1,2,0,0,1,0.0,0,1,0,0,0,7420
https://docs.google.com/presentation/d/e/2PACX-1vQzmTfShxetobTbZx9gY00VgL-gXRC9gFeU_6RLdklj1LXKN3UTNWNtwYDlx5OQD9xTj378VsXZiErM/pub?start=false&amp;loop=false&amp;delayms=3000,1,phishtank,google.com,com,175,15,108,43,5.624,2.9736,0,1,2,2,18,9,0.1029,0,1,0,0,0,10537
https://myp-sharedocu-statements-projects-e1565c5e.vercel.app/,1,phishtank,vercel.app,app,62,53,1,0,4.2486,4.138,0,1,2,4,5,1,0.0806,0,1,0,0,0,-1
https://us4.campaign-archive.com/?u=95e11ab2c6a7a4584ae9bba54&id=e041f0f0f4,1,phishtank,campaign-archive.com,com,75,24,1,41,4.8049,3.9387,0,1,2,1,21,5,0.28,0,1,0,0,0,7139
https://cookie-script.com/,0,tranco,cookie-script.com,com,26,17,1,0,3.7381,3.4104,0,0,1,1,0,1,0.0,0,1,0,0,0,4802
https://1stdibs.com/,0,tranco,1stdibs.com,com,20,11,1,0,3.6087,3.2776,0,0,1,0,1,1,0.05,0,1,0,0,0,10118
https://dreamrunners042.top,1,phishtank,dreamrunners042.top,top,27,19,0,0,4.0323,3.7871,0,0,1,0,3,1,0.1111,0,1,0,0,0,28
https://madrtnjkmoulj.web.app/,1,phishtank,web.app,app,30,21,1,0,4.1647,3.9161,0,1,2,0,0,1,0.0,0,1,0,0,0,-1
https://fhfiodfhduifgdoicxcnvivdhifd.cfolks.pl/ofc/ok/auth/log.php,1,phishtank,cfolks.pl,pl,66,38,20,0,4.0798,3.6955,0,1,3,0,0,1,0.0,0,1,0,1,1,2337
https://headspace.com/,0,tranco,headspace.com,com,22,13,1,0,3.6069,3.2389,0,0,1,0,0,1,0.0,0,1,0,0,0,11398
https://csfd.cz/,0,tranco,csfd.cz,cz,16,7,1,0,3.3278,2.5216,0,0,1,0,0,1,0.0,0,1,0,0,0,8658
https://perimeter81.com/,0,tranco,perimeter81.com,com,24,15,1,0,3.7406,3.3232,0,0,1,0,2,1,0.0833,0,1,0,0,0,3177
https://magic.ly/,0,tranco,magic.ly,ly,17,8,1,0,3.6901,3.0,0,0,1,0,0,1,0.0,0,1,0,0,0,4236
https://iucn.org/,0,tranco,iucn.org,org,17,8,1,0,3.6901,3.0,0,0,1,0,0,1,0.0,0,1,0,0,0,11106
https://webdav.org/,0,tranco,webdav.org,org,19,10,1,0,3.8924,3.3219,0,0,1,0,0,1,0.0,0,1,0,0,0,10080
https://startribune.com/,0,tranco,startribune.com,com,24,15,1,0,3.8868,3.6402,0,0,1,0,0,1,0.0,0,1,0,0,0,11878
http://allegrolokalnie.0213233.cfd/logowanie/01531,1,phishtank,0213233.cfd,cfd,50,27,16,0,4.3664,3.9121,0,1,2,0,12,1,0.24,0,0,0,0,0,-1
https://realtimetrains.co.uk/,0,tranco,realtimetrains.co.uk,co.uk,29,20,1,0,4.0044,3.7219,0,0,2,0,0,1,0.0,0,1,0,0,0,5042
https://citly.me/rcj7A?id=26415,1,phishtank,citly.me,me,31,8,6,8,4.5184,3.0,0,0,1,0,6,3,0.1935,0,1,0,0,0,1694
https://seek.com/,0,tranco,seek.com,com,17,8,1,0,3.4548,2.75,0,0,1,0,0,1,0.0,0,1,0,0,0,11878
https://qrco.de/bfHfcb?click?s=mXrA1M&amp;li=%7bLIST_ID%7d&amp;e=N&amp;unsubcribe=abuse@att.net&amp;p=ankthyN9&amp;id=G6XJLKACLIHRC2DYYNTTVLGAU5ZHM6WATMF9IKBSA9GNRAW6YD?td4milprjr3feymwgyonxxrwmh1tks8xb0y9nt0ogdyzxo8inl6ovapjgxxscu7mjfqpzyjlnhbgmoslffcrp6bywok4ou9da5l2&amp;stpe=default,1,phishtank,qrco.de,de,286,7,7,263,5.7495,2.8074,0,0,2,0,26,26,0.0909,1,1,0,0,0,-1
https://barracudacentral.org/,0,tranco,barracudacentral.org,org,29,20,1,0,3.9094,3.4219,0,0,1,0,0,1,0.0,0,1,0,0,0,6607
https://goal.com/,0,tranco,goal.com,com,17,8,1,0,3.5725,2.75,0,0,1,0,0,1,0.0,0,1,0,0,0,11418
https://crmoutlec.firebaseapp.com/,1,phishtank,firebaseapp.com,com,34,25,1,0,4.0353,3.7835,0,1,2,0,0,1,0.0,0,1,0,0,0,5027
https://qrco.de/bfMQOs,1,phishtank,qrco.de,de,22,7,7,0,4.0615,2.8074,0,0,1,0,0,1,0.0,0,1,0,0,0,-1
https://espn.com.br/,0,tranco,espn.com.br,com.br,20,11,1,0,3.6842,3.2776,0,0,2,0,0,1,0.0,0,1,0,0,0,11114
https://713mtauburnctcolumbusoh43085.st/,0,tranco,713mtauburnctcolumbusoh43085.st,st,40,31,1,0,4.2939,4.1557,0,0,1,0,8,1,0.2,0,1,0,0,0,224
https://websbc-caird.lainclao.com/memx/force_goriyo/onlinecasino.jsp/dk=hp_008_0021756_hd?_eat=valid_20260630041601_be1c1793d10871fbfeeeb4d0b4501567,1,phishtank,lainclao.com,com,148,25,56,58,4.9851,3.7337,0,1,3,1,43,4,0.2905,0,1,0,0,0,249
https://sury.org/,0,tranco,sury.org,org,17,8,1,0,3.4548,2.75,0,0,1,0,0,1,0.0,0,1,0,0,0,8657
https://rootsweb.com/,0,tranco,rootsweb.com,com,21,12,1,0,3.6178,3.1887,0,0,1,0,0,1,0.0,0,1,0,0,0,11131
https://iostart-ledgre-cdn.wixstudio.com/offcail,1,phishtank,wixstudio.com,com,48,32,8,0,4.3219,4.0306,0,1,2,2,0,1,0.0,0,1,0,0,0,-1
https://ntt.com/,0,tranco,ntt.com,com,16,7,1,0,3.2028,2.5216,0,0,1,0,0,1,0.0,0,1,0,0,0,10515
https://connect-en-ldger-comstart.framer.media/get-start,1,phishtank,framer.media,media,56,38,10,0,4.0414,3.8232,0,1,2,4,0,1,0.0,0,1,0,0,0,-1
https://lib.ru/,0,tranco,lib.ru,ru,15,6,1,0,3.4566,2.585,0,0,1,0,0,1,0.0,0,1,0,0,0,10074
https://anker-in.com/,0,tranco,anker-in.com,com,21,12,1,0,3.9754,3.4183,0,0,1,1,0,1,0.0,0,1,0,0,0,3155
https://daraz.com.bd/,0,tranco,daraz.com.bd,com.bd,21,12,1,0,3.7849,3.085,0,0,2,0,0,1,0.0,0,1,0,0,0,-1
https://casasbhlotes04.vercel.app/,1,phishtank,vercel.app,app,34,25,1,0,3.9176,3.7533,0,1,2,0,2,1,0.0588,0,1,0,0,0,-1
https://userapi.dev/,0,tranco,userapi.dev,dev,20,11,1,0,3.6842,3.2776,0,0,1,0,0,1,0.0,0,1,0,0,0,-1
https://bafkreibuzrxful6ifvex2fdtjqizbjmc4y5rbupe7r3voqjifokxewflaa.ipfs.dweb.link/,1,phishtank,dweb.link,link,83,74,1,0,4.8337,4.6734,0,2,3,0,6,1,0.0723,0,1,0,0,0,3435
https://khaki-communication-866608.framer.app/,1,phishtank,framer.app,app,46,37,1,0,4.3381,4.1212,0,1,2,2,6,1,0.1304,0,1,0,0,0,-1
https://rbxinfra.net/,0,tranco,rbxinfra.net,net,21,12,1,0,3.749,3.2516,0,0,1,0,0,1,0.0,0,1,0,0,0,3196
http://email.brobizz.dk/ls/click?upn=u001.gmxbIK1-2F3fpvjFLuz6jiicbLFv8nJ4LTZNpuhHE-2F0vk-3DMF9H_0SJ4xWp5qdyPRBOfXg8T-2BYrgTdYNCSCpqKvQBrEP2dC2bIHtrLiEg1WGqaut2xxpqI5yQarBZ21uCbqY6lJDBQYc6q8R46QolrtAW-2Bgzm27nPAAImYwFdeOIQWp0XgoXn9cokybikx4jBMmsWCNP0VXOspqDGm2IhvADBxb2svE-2FqRplbVWMBuJU71u9xKGy1XEt77GHMQSfVvRyI5Xn-2BA-3D-3D,1,phishtank,brobizz.dk,dk,325,16,9,292,5.9335,3.5,0,1,3,9,50,3,0.1538,0,0,0,0,0,9912
https://accs-laceextension.wixstudio.com/enus,1,phishtank,wixstudio.com,com,45,32,5,0,4.1001,3.8431,0,1,2,1,0,1,0.0,0,1,0,0,0,-1
https://q-r.to/bfamXr,1,phishtank,q-r.to,to,21,6,7,0,3.8442,2.585,0,0,1,1,0,1,0.0,0,1,0,0,0,5285
https://trenitalia.com/,0,tranco,trenitalia.com,com,23,14,1,0,3.7951,3.3788,0,0,1,0,0,1,0.0,0,1,0,0,0,9640
https://elledecor.com/,0,tranco,elledecor.com,com,22,13,1,0,3.6635,2.8731,0,0,1,0,0,1,0.0,0,1,0,0,0,11295
https://docs.google.com/presentation/d/e/2PACX-1vSICNShTtXrbgLXlHAEH2KjiH5kLuooXGIdUK4X-ZoB-zx4PzQ4GqYMXnZWKnNJShwm_aYbjWklErTY/pub?start=false&amp;loop=false&amp;delayms=3000&amp;slide=id.p,1,phishtank,google.com,com,190,15,108,58,5.6046,2.9736,0,1,3,3,11,12,0.0579,0,1,0,0,0,10537
https://en-livelgr-en-learn.framer.ai/start,1,phishtank,framer.ai,ai,43,29,6,0,3.9323,3.388,0,1,2,3,0,1,0.0,0,1,0,0,0,3119
https://rfa.org/,0,tranco,rfa.org,org,16,7,1,0,3.4528,2.5216,0,0,1,0,0,1,0.0,0,1,0,0,0,10880
https://tco7s-6f1m-sy65-ytu-qno7.pages.dev/,1,phishtank,pages.dev,dev,43,34,1,0,4.432,4.3006,0,1,2,4,6,1,0.1395,0,1,0,0,0,-1
https://kwai.net/,0,tranco,kwai.net,net,17,8,1,0,3.5281,3.0,0,0,1,0,0,1,0.0,0,1,0,0,0,9787
http://allegrolokalnie.kom12olsmdo24tro.sbs,1,phishtank,kom12olsmdo24tro.sbs,sbs,43,36,0,0,4.2023,3.8956,0,1,2,0,4,1,0.093,0,0,0,0,0,85
https://dtkn.ru/,0,tranco,dtkn.ru,ru,16,7,1,0,3.4056,2.8074,0,0,1,0,0,1,0.0,0,1,0,0,0,1435
https://lse.ac.uk/,0,tranco,lse.ac.uk,ac.uk,18,9,1,0,3.5724,2.9477,0,0,2,0,0,1,0.0,0,1,0,0,0,10947
https://sudinfo.be/,0,tranco,sudinfo.be,be,19,10,1,0,3.7871,3.3219,0,0,1,0,0,1,0.0,0,1,0,0,0,-1
https://gestiphone.es/CYON-Team/My-cyon/index.php,1,phishtank,gestiphone.es,es,49,13,28,0,4.3853,3.1808,0,0,2,2,0,1,0.0,0,1,0,0,0,-1
https://infopanel.jp/,0,tranco,infopanel.jp,jp,21,12,1,0,3.749,3.2516,0,0,1,0,0,1,0.0,0,1,0,0,0,6084
https://l.ead.me/bfXYRg,1,phishtank,ead.me,me,23,8,7,0,4.056,2.5,0,1,2,0,0,1,0.0,0,1,0,0,0,3928
https://skikro.page.gd/sk/off/1.php,1,phishtank,page.gd,gd,35,14,13,0,3.8757,3.3788,0,1,3,0,1,1,0.0286,0,1,0,0,0,362
https://ionos-efax-access-login.firebaseapp.com/,1,phishtank,firebaseapp.com,com,48,39,1,0,4.1811,3.894,0,1,2,3,0,1,0.0,0,1,0,1,1,5027
https://dtvce.com/,0,tranco,dtvce.com,com,18,9,1,0,3.5305,2.9477,0,0,1,0,0,1,0.0,0,1,0,0,0,6467
https://l.ead.me/bfJvwf,1,phishtank,ead.me,me,23,8,7,0,3.969,2.5,0,1,2,0,0,1,0.0,0,1,0,0,0,3928
https://cdiscount.com/,0,tranco,cdiscount.com,com,22,13,1,0,3.6292,3.1808,0,0,1,0,0,1,0.0,0,1,0,0,0,10140
https://pjcanalempresa.digital/,1,phishtank,pjcanalempresa.digital,digital,31,22,1,0,3.9779,3.7322,0,0,1,0,0,1,0.0,0,1,0,0,0,-1
https://nordhold.net/,0,tranco,nordhold.net,net,21,12,1,0,3.5585,3.085,0,0,1,0,0,1,0.0,0,1,0,0,0,2702
https://l.ead.me/bfYMOr,1,phishtank,ead.me,me,23,8,7,0,4.056,2.5,0,1,2,0,0,1,0.0,0,1,0,0,0,3928
https://bit.ly/2210strp7,1,phishtank,bit.ly,ly,24,6,10,0,3.8035,2.585,0,0,1,0,5,1,0.2083,0,1,1,0,0,6639
https://kleinanzeigen.6151591.app/6QcGZ8mF?r=13,1,phishtank,6151591.app,app,47,25,9,4,4.7244,3.6733,0,1,2,0,11,3,0.234,0,1,0,0,0,-1
https://wstgbvtcvhujpr0vngwr.web.app/,1,phishtank,web.app,app,37,28,1,0,4.0672,3.9408,0,1,2,0,1,1,0.027,0,1,0,0,0,-1
https://docs.google.com/presentation/d/e/2PACX-1vThRIfUIYhegWL9pM8zW5zr1rrLjEyuy4fLX9KFopyi4LIkQjH80eisPY6ljlOhI8uPQRrr-IgMiLi_/pub?start=false&loop=false&delayms=1000,1,phishtank,google.com,com,167,15,108,35,5.4901,2.9736,0,1,2,2,17,7,0.1018,0,1,0,0,0,10537
https://unfccc.int/,0,tranco,unfccc.int,int,19,10,1,0,3.3919,2.6464,0,0,1,0,0,1,0.0,0,1,0,0,0,-1
https://collaborative-influence-289058.framer.app/,1,phishtank,framer.app,app,50,41,1,0,4.5284,4.2963,0,1,2,2,6,1,0.12,0,1,0,0,0,-1
http://87532-wealthsimple.com,1,phishtank,87532-wealthsimple.com,com,29,22,0,0,4.2802,4.1867,0,0,1,1,5,1,0.1724,0,0,0,0,0,2
https://docs.google.com/presentation/d/e/2PACX-1vTxNJwHFMZ6kDXczm48yKaJd1scjN6BX9jqP5qdxRs6PgAtpxAkktVLu2nFY87kHw-PADGenriMm-aS/pub?start=false&amp;loop=false&amp;delayms=3000,1,phishtank,google.com,com,175,15,108,43,5.6296,2.9736,0,1,2,3,17,9,0.0971,0,1,0,0,0,10537
https://moonshot-listing-ljg.netlify.app/,1,phishtank,netlify.app,app,41,32,1,0,4.0675,3.9445,0,1,2,2,0,1,0.0,0,1,0,0,0,-1
https://app-measurement.com/,0,tranco,app-measurement.com,com,28,19,1,0,3.8154,3.5369,0,0,1,1,0,1,0.0,0,1,0,0,0,4050
https://roskazna.ru/,0,tranco,roskazna.ru,ru,20,11,1,0,3.6842,3.0958,0,0,1,0,0,1,0.0,0,1,0,0,0,7917
https://bafkreig5m7d2gprje4wylkv76xs5d2gzu4v4owu4oa6p4pgfhnfwidgmyy.ipfs.dweb.link/,1,phishtank,dweb.link,link,83,74,1,0,4.8647,4.7197,0,2,3,0,13,1,0.1566,0,1,0,0,0,3435
https://us19.campaign-archive.com/?u=4fd67f81c342f91e13d0174d9&id=30de7045ec,1,phishtank,campaign-archive.com,com,76,25,1,41,4.8681,4.0235,0,1,2,1,25,5,0.3289,0,1,0,0,0,7139
http://ellipalsetup.live,1,phishtank,ellipalsetup.live,live,24,17,0,0,3.4906,3.1019,0,0,1,0,0,1,0.0,0,0,0,0,0,-1
https://slack-imgs.com/,0,tranco,slack-imgs.com,com,23,14,1,0,3.8492,3.3788,0,0,1,1,0,1,0.0,0,1,0,0,0,4337
https://ken.ram534212.pro/captcha.php,1,phishtank,ram534212.pro,pro,37,17,12,0,4.091,3.7345,0,1,3,0,6,1,0.1622,0,1,0,0,0,-1
https://qrco.de/bgbgNf,1,phishtank,qrco.de,de,22,7,7,0,3.9706,2.8074,0,0,1,0,0,1,0.0,0,1,0,0,0,-1
https://sify.net/,0,tranco,sify.net,net,17,8,1,0,3.4104,3.0,0,0,1,0,0,1,0.0,0,1,0,0,0,9776
https://speedsonar.com/,0,tranco,speedsonar.com,com,23,14,1,0,3.7623,3.3788,0,0,1,0,0,1,0.0,0,1,0,0,0,2165
https://learn-exodus-web.wixstudio.com/home,1,phishtank,wixstudio.com,com,43,30,5,0,4.3038,4.0566,0,1,2,2,0,1,0.0,0,1,0,0,0,-1
https://apps-metamassk-io.wixstudio.com/en-us,1,phishtank,wixstudio.com,com,45,31,6,0,4.0964,3.8245,0,1,2,3,0,1,0.0,0,1,0,0,0,-1
https://pinterest.de/,0,tranco,pinterest.de,de,21,12,1,0,3.368,3.0221,0,0,1,0,0,1,0.0,0,1,0,0,0,-1
https://letras.mus.br/,0,tranco,letras.mus.br,mus.br,22,13,1,0,3.6292,3.2389,0,0,2,0,0,1,0.0,0,1,0,0,0,8296
https://dsname.ru/,0,tranco,dsname.ru,ru,18,9,1,0,3.6835,3.1699,0,0,1,0,0,1,0.0,0,1,0,0,0,5327
https://credi-pichincha.webcindario.com/,1,phishtank,webcindario.com,com,40,31,1,0,4.0537,3.6891,0,1,2,1,0,1,0.0,0,1,0,0,0,9275
https://startcdn-ledzerapps.wixstudio.com/us-en,1,phishtank,wixstudio.com,com,47,33,6,0,4.2729,4.1273,0,1,2,2,0,1,0.0,0,1,0,0,0,-1
https://google.al/,0,tranco,google.al,al,18,9,1,0,3.4613,2.5033,0,0,1,0,0,1,0.0,0,1,0,0,0,-1
https://q-r.to/bgboQm,1,phishtank,q-r.to,to,21,6,7,0,3.749,2.585,0,0,1,1,0,1,0.0,0,1,0,0,0,5285
https://notepad.link/xE9Sq,1,phishtank,notepad.link,link,26,12,6,0,4.1808,3.4183,0,0,1,0,1,1,0.0385,0,1,0,0,0,1769
https://hsmedia.ru/,0,tranco,hsmedia.ru,ru,19,10,1,0,3.6819,3.3219,0,0,1,0,0,1,0.0,0,1,0,0,0,5528
https://hostgatorwebservers.com/,0,tranco,hostgatorwebservers.com,com,32,23,1,0,3.8431,3.6097,0,0,1,0,0,1,0.0,0,1,0,0,0,3589
https://optonline.net/,0,tranco,optonline.net,net,22,13,1,0,3.3908,2.8731,0,0,1,0,0,1,0.0,0,1,0,0,0,10880
https://creativecdn.com/,0,tranco,creativecdn.com,com,24,15,1,0,3.9073,3.4566,0,0,1,0,0,1,0.0,0,1,0,0,0,5261
https://l78p3l.webwave.dev/?forcePageWithoutCdn=true,1,phishtank,webwave.dev,dev,52,18,1,24,4.6644,3.4613,0,1,2,0,3,3,0.0577,0,1,0,0,0,-1
https://q-r.to/bfI3LE,1,phishtank,q-r.to,to,21,6,7,0,3.9395,2.585,0,0,1,1,1,1,0.0476,0,1,0,0,0,5285
https://orf.at/,0,tranco,orf.at,at,15,6,1,0,3.2729,2.585,0,0,1,0,0,1,0.0,0,1,0,0,0,-1
https://prodoctorov.ru/,0,tranco,prodoctorov.ru,ru,23,14,1,0,3.4686,2.8963,0,0,1,0,0,1,0.0,0,1,0,0,0,5674
https://wpcdn.pl/,0,tranco,wpcdn.pl,pl,17,8,1,0,3.4104,2.75,0,0,1,0,0,1,0.0,0,1,0,0,0,3422
https://8vz2mxr.skin/wuchmzfb/Eo7g5s/bjAmN9,1,phishtank,8vz2mxr.skin,skin,43,12,23,0,4.7491,3.585,0,0,1,0,5,1,0.1163,0,1,0,0,0,1
https://docs.google.com/presentation/d/e/2PACX-1vRqZ1QogwMTDElfsOREQSwfwxIepujOkgqV3eSjZZRWhDProJHtvS8OBTmUKzEDdxRndnyxf7DnX94h/pub?start=false&amp;loop=false&amp;delayms=3000,1,phishtank,google.com,com,175,15,108,43,5.6046,2.9736,0,1,2,1,12,9,0.0686,0,1,0,0,0,10537
https://1xlite-08668.world/,0,tranco,1xlite-08668.world,world,27,18,1,0,4.1805,3.8366,0,0,1,1,6,1,0.2222,0,1,0,0,0,-1
https://nomura.co.jp/,0,tranco,nomura.co.jp,co.jp,21,12,1,0,3.7849,3.2516,0,0,2,0,0,1,0.0,0,1,0,0,0,11647
https://qrco.de/bfT6lG,1,phishtank,qrco.de,de,22,7,7,0,4.1524,2.8074,0,0,1,0,1,1,0.0455,0,1,0,0,0,-1
https://gamemasha.com/,0,tranco,gamemasha.com,com,22,13,1,0,3.5383,2.9689,0,0,1,0,0,1,0.0,0,1,0,0,0,2038
https://a8qhs.wiki/5nc4i9ok/MQMfiM/dobaGv,1,phishtank,a8qhs.wiki,wiki,41,10,23,0,4.4706,3.1219,0,0,1,0,4,1,0.0976,0,1,0,0,0,37
https://bafkreibffjyduvy7m3v6x7bkfxgtyl6xrrx7zzfexamxhuhxmnic4g6llu.ipfs.dweb.link/,1,phishtank,dweb.link,link,83,74,1,0,4.782,4.6425,0,2,3,0,8,1,0.0964,0,1,0,0,0,3435
https://unstop.com/,0,tranco,unstop.com,com,19,10,1,0,3.4316,3.1219,0,0,1,0,0,1,0.0,0,1,0,0,0,6287
https://gstatic.cn/,0,tranco,gstatic.cn,cn,19,10,1,0,3.3661,2.9219,0,0,1,0,0,1,0.0,0,1,0,0,0,6584
https://cpserver.net/,0,tranco,cpserver.net,net,21,12,1,0,3.4273,3.0221,0,0,1,0,0,1,0.0,0,1,0,0,0,5597
https://bafkreieeetn7icnkwmrd6xb6aeokbpyob4ozdymlgcnqqxhrfmngtnk6cy.ipfs.dweb.link/,1,phishtank,dweb.link,link,83,74,1,0,4.7059,4.5739,0,2,3,0,5,1,0.0602,0,1,0,0,0,3435
https://terabox.com/,0,tranco,terabox.com,com,20,11,1,0,3.7464,3.2776,0,0,1,0,0,1,0.0,0,1,0,0,0,6577
https://loginacnancymetzfridpprofileoidcauthorize1executione1st7.weebly.com/,1,phishtank,weebly.com,com,76,67,1,0,4.4859,4.3513,0,1,2,0,3,1,0.0395,0,1,0,2,1,7420
https://mobidriven.com/,0,tranco,mobidriven.com,com,23,14,1,0,3.969,3.3788,0,0,1,0,0,1,0.0,0,1,0,0,0,1764
https://esdnevnik.rs/,0,tranco,esdnevnik.rs,rs,21,12,1,0,3.6538,3.085,0,0,1,0,0,1,0.0,0,1,0,0,0,3284
https://online-remove-payee.web.app/,1,phishtank,web.app,app,36,27,1,0,4.0515,3.634,0,1,2,2,0,1,0.0,0,1,0,0,0,-1
https://docs.google.com/presentation/d/e/2PACX-1vQ1WIHh7RPdnntRNjqUPorzQyke704Gf9Gw34geWfIhbFmEuGQRts_QaYDag7jgtyNdEeO-ODKm5TX6/pub?start=false&amp;loop=false&amp;delayms=3000&amp;slide=id.p,1,phishtank,google.com,com,190,15,108,58,5.5451,2.9736,0,1,3,2,17,12,0.0895,0,1,0,0,0,10537
https://aacreditvnlon-onllne.top/?secure_connect=f523c*&_subid=3sg1un4.4c.28l40&_token=3nu9lmn3ctemsf.1783895752.5.e818f3837d8fdbf7c6592904a30b020e,1,phishtank,aacreditvnlon-onllne.top,top,147,24,1,113,4.9932,3.6054,0,0,6,1,46,8,0.3129,0,1,0,2,1,11
https://l.ead.me/bgbhju,1,phishtank,ead.me,me,23,8,7,0,3.882,2.5,0,1,2,0,0,1,0.0,0,1,0,0,0,3928
https://l.ead.me/bgaDPe,1,phishtank,ead.me,me,23,8,7,0,3.8492,2.5,0,1,2,0,0,1,0.0,0,1,0,0,0,3928
https://l.ead.me/bfHs1t,1,phishtank,ead.me,me,23,8,7,0,3.8492,2.5,0,1,2,0,1,1,0.0435,0,1,0,0,0,3928
https://52shuku.net/,0,tranco,52shuku.net,net,20,11,1,0,3.5464,3.2776,0,0,1,0,2,1,0.1,0,1,0,0,0,1185
https://ulsan-national-institute-of-science-and-technology.weebly.com/,1,phishtank,weebly.com,com,70,61,1,0,4.2052,4.0185,0,1,2,6,0,1,0.0,0,1,0,0,0,7420
https://emory.edu/,0,tranco,emory.edu,edu,18,9,1,0,3.6835,2.9477,0,0,1,0,0,1,0.0,0,1,0,0,0,14660
https://ebay.ca/,0,tranco,ebay.ca,ca,16,7,1,0,3.4528,2.5216,0,0,1,0,0,1,0.0,0,1,0,1,1,9398
https://rainberrytv.com/,0,tranco,rainberrytv.com,com,24,15,1,0,3.9906,3.5899,0,0,1,0,0,1,0.0,0,1,0,0,0,1551
https://ispot.tv/,0,tranco,ispot.tv,tv,17,8,1,0,3.1019,2.75,0,0,1,0,0,1,0.0,0,1,0,0,0,5331
https://7cf3fd69.sibforms.com/serve/MUIEAPc8w3QW_D7Ud0tpaYjY5RrRxZH0gP7E6NlqcnNx4-vKYbG1UlXK1ykarPB6C_NBesA_BNo72dacE0Xkl5LTh_xVKYaZwovEAliYCXPodbyguT9po5mPpLg_c4_mCATEkfgQezESxEXgycUHcIiuVkOsBQPbK2TYvcVoCmE84CUUngBamQpaUCxA_XSroKw67de-_OjrJR3p,1,phishtank,sibforms.com,com,244,21,215,0,5.8316,3.6897,0,1,2,2,29,1,0.1189,0,1,0,0,0,2940
https://docs.google.com/presentation/d/1QlnmWd33YPsuoEHdTWHnAgh8jy2asVHa8ZpybjRh5XI/pub?start=false&loop=false&delayms=3000&slide=id.p,1,phishtank,google.com,com,134,15,64,46,5.1116,2.9736,0,1,3,0,11,9,0.0821,0,1,0,0,0,10537
https://trze-logon.wixstudio.com/logn,1,phishtank,wixstudio.com,com,37,24,5,0,4.2266,4.0016,0,1,2,1,0,1,0.0,0,1,0,1,1,-1
https://prodregistryv2.org/,0,tranco,prodregistryv2.org,org,27,18,1,0,3.8101,3.5033,0,0,1,0,1,1,0.037,0,1,0,0,0,823
https://hipolink.net/mybtin,1,phishtank,hipolink.net,net,27,12,7,0,3.7821,3.2516,0,0,1,0,0,1,0.0,0,1,0,0,0,2644
https://qbappointment.com/,1,openphish,qbappointment.com,com,26,17,1,0,3.7962,3.4992,0,0,1,0,0,1,0.0,0,1,0,0,0,264
https://rb.gy/,0,tranco,rb.gy,gy,14,5,1,0,3.3249,2.3219,0,0,1,0,0,1,0.0,0,1,1,0,0,2500
https://vodafone.com.tr/,0,tranco,vodafone.com.tr,com.tr,24,15,1,0,3.9073,3.4566,0,0,2,0,0,1,0.0,0,1,0,0,0,7545
https://l.wl.co/l?u=https://qr-codes.io/pFB6ZC,1,phishtank,wl.co,co,46,7,2,28,4.3652,2.2359,0,1,3,1,1,4,0.0217,0,1,0,0,0,5931
https://sites.google.com/view/feelblessed/bt-business,1,phishtank,google.com,com,53,16,29,0,4.0179,3.2028,0,1,2,1,0,1,0.0,0,1,0,0,0,10537
https://rsc.org/,0,tranco,rsc.org,org,16,7,1,0,3.3278,2.5216,0,0,1,0,0,1,0.0,0,1,0,0,0,12088
https://streetinsider.com/,0,tranco,streetinsider.com,com,26,17,1,0,3.6903,3.3372,0,0,1,0,0,1,0.0,0,1,0,0,0,9943
https://okko.tv/,0,tranco,okko.tv,tv,16,7,1,0,3.1556,2.2359,0,0,1,0,0,1,0.0,0,1,0,0,0,5088
https://jfit.co/,0,tranco,jfit.co,co,16,7,1,0,3.4056,2.8074,0,0,1,0,0,1,0.0,0,1,0,0,0,5115
https://l.ead.me/bgaEDw,1,phishtank,ead.me,me,23,8,7,0,3.969,2.5,0,1,2,0,0,1,0.0,0,1,0,0,0,3928
https://ibspark.com/,0,tranco,ibspark.com,com,20,11,1,0,3.7842,3.4594,0,0,1,0,0,1,0.0,0,1,0,0,0,4292
https://papy.co.jp/,0,tranco,papy.co.jp,co.jp,19,10,1,0,3.3661,2.6464,0,0,2,0,0,1,0.0,0,1,0,0,0,10918
https://klelnanzeigen-deutch.opticalshow.com/receive/order/TJtUJ-HG6ix?r=0x14&__cf_chl_rt_tk=BjePMnaRRFOo.QfRJLSUYyV9PpsKJLXn5qi8k7PZ2gU-1779910489-1.0.1.1-HdKzdT7pqL3dO7REg3zHy6Ix4JyrgqUUdsmitT.wc1c,1,phishtank,opticalshow.com,com,199,36,26,128,5.6954,4.1416,0,1,7,5,30,5,0.1508,0,1,0,0,0,317
http://www.pcn-noticuo.cyou/com/,1,phishtank,pcn-noticuo.cyou,cyou,32,20,5,0,3.7028,3.3087,0,1,2,1,0,1,0.0,0,0,0,0,0,63
https://baucarshopee1458.weebly.com/,1,phishtank,weebly.com,com,36,27,1,0,4.3156,4.0882,0,1,2,0,4,1,0.1111,0,1,0,0,0,7420
https://case1004300386.firebaseapp.com/,1,phishtank,firebaseapp.com,com,39,30,1,0,4.2655,3.9899,0,1,2,0,10,1,0.2564,0,1,0,0,0,5027
https://780232.weebly.com/,1,phishtank,weebly.com,com,26,17,1,0,4.2099,3.7345,0,1,2,0,6,1,0.2308,0,1,0,0,0,7420
https://allegro.12-3102938h4.xyz/lokalnie/?id=5F9u3x2V6O7k6U8d7M5Z8u3i5g4d4P5t,1,phishtank,12-3102938h4.xyz,xyz,78,24,10,35,5.1761,4.1683,0,1,2,1,26,3,0.3333,0,1,0,0,0,39
https://nofeu.com/,0,tranco,nofeu.com,com,18,9,1,0,3.6835,2.9477,0,0,1,0,0,1,0.0,0,1,0,0,0,715
https://app.jotform.com/251961881708568,1,phishtank,jotform.com,com,39,15,16,0,4.2655,3.1899,0,1,2,0,15,1,0.3846,0,1,0,0,0,7559
https://q-r.to/bgc3Kh,1,phishtank,q-r.to,to,21,6,7,0,3.8442,2.585,0,0,1,1,1,1,0.0476,0,1,0,0,0,5285
https://allegrolokalnie.pl-oferta31134.click,1,phishtank,pl-oferta31134.click,click,44,36,0,0,4.2656,3.954,0,1,2,1,5,1,0.1136,0,1,0,0,0,36
http://allegrolokalnie.pl-54sa495da.lol,1,phishtank,pl-54sa495da.lol,lol,39,32,0,0,4.0955,3.7373,0,1,2,1,5,1,0.1282,0,0,0,0,0,10
https://otpbank.ru/,0,tranco,otpbank.ru,ru,19,10,1,0,3.6421,3.3219,0,0,1,0,0,1,0.0,0,1,0,1,1,7377
https://cargurus.com/,0,tranco,cargurus.com,com,21,12,1,0,3.6897,3.085,0,0,1,0,0,1,0.0,0,1,0,0,0,9850
https://americanbar.org/,0,tranco,americanbar.org,org,24,15,1,0,3.9073,3.2729,0,0,1,0,0,1,0.0,0,1,0,0,0,9692
https://fpcdn.io/,0,tranco,fpcdn.io,io,17,8,1,0,3.5725,3.0,0,0,1,0,0,1,0.0,0,1,0,0,0,1714
https://allegrolokalne.pl-ogloszenia-firmowe-id823833.click,1,phishtank,pl-ogloszenia-firmowe-id823833.click,click,59,51,0,0,4.467,4.1915,0,1,2,3,6,1,0.1017,0,1,0,0,0,32
https://qrco.de/rh6il879txju,1,phishtank,qrco.de,de,28,7,13,0,4.3249,2.8074,0,0,1,0,4,1,0.1429,0,1,0,0,0,-1
https://fndo-onlline.icu/?secure_connect=f523c*&_subid=28u3f78.5c.1as86&_token=lk48js292onue.1781524891.9.33e193721eff6f28ef242b8a61302f00,1,phishtank,fndo-onlline.icu,icu,138,16,1,112,4.9059,3.3278,0,0,6,1,50,8,0.3623,0,1,0,2,1,39
https://americansongwriter.com/,0,tranco,americansongwriter.com,com,31,22,1,0,3.9779,3.6069,0,0,1,0,0,1,0.0,0,1,0,0,0,10024
https://www.dropbox.com/scl/fi/ut8aohuhl0cczh1qrj4d3/BT-BroadBand.papert?dl=0&rlkey=kxgm8yyrzqksyhd3b4tuhveto,1,phishtank,dropbox.com,com,109,15,49,36,5.0586,3.1396,0,1,3,1,9,5,0.0826,0,1,0,0,0,11347
https://nrega.nic.in/,0,tranco,nrega.nic.in,nic.in,21,12,1,0,3.6538,2.8554,0,0,2,0,0,1,0.0,0,1,0,0,0,7880
https://roku.com/,0,tranco,roku.com,com,17,8,1,0,3.5725,2.75,0,0,1,0,0,1,0.0,0,1,0,0,0,8144
https://adtarget.com.tr/,0,tranco,adtarget.com.tr,com.tr,24,15,1,0,3.6531,3.1899,0,0,2,0,0,1,0.0,0,1,0,0,0,2487
https://us8.campaign-archive.com/?u=474c77ac0f92ae10c3fccfbbe&id=17e32376a4,1,phishtank,campaign-archive.com,com,75,24,1,41,4.8036,3.9387,0,1,2,1,20,5,0.2667,0,1,0,0,0,7139
https://share-eu1.hsforms.com/2P9R_YFKBQa-yZYRsIxk52w2exvi4,1,phishtank,hsforms.com,com,59,21,30,0,5.0245,3.5945,0,1,2,2,7,1,0.1186,0,1,0,0,0,4690
https://pub-5d9f0485d2384c96ab79d5b8f742f6ec.r2.dev/index.html,1,phishtank,r2.dev,dev,62,43,11,0,4.762,4.2336,0,1,3,1,21,1,0.3387,0,1,0,0,0,-1
https://vecteezy.com/,0,tranco,vecteezy.com,com,21,12,1,0,3.6178,3.0221,0,0,1,0,0,1,0.0,0,1,0,0,0,7026
https://webdramaturkey2.com/,0,tranco,webdramaturkey2.com,com,28,19,1,0,4.182,3.8269,0,0,1,0,1,1,0.0357,0,1,0,0,0,237
https://fiscal-treasury-gov.web.app/,1,phishtank,web.app,app,36,27,1,0,4.2873,4.1343,0,1,2,2,0,1,0.0,0,1,0,0,0,-1
https://telecom.net.ar/,0,tranco,telecom.net.ar,net.ar,23,14,1,0,3.6753,3.182,0,0,2,0,0,1,0.0,0,1,0,0,0,4719
https://kn0wxw-gk8f-16x-d1zx-uas.pages.dev/,1,phishtank,pages.dev,dev,43,34,1,0,4.4434,4.1829,0,1,2,4,5,1,0.1163,0,1,0,0,0,-1
https://produto-verificado.myshopify.com/products/micro-ondas-electrolux-inox-23l-efficient-me23s,1,phishtank,myshopify.com,com,97,32,57,0,4.4294,3.9886,0,1,2,7,4,1,0.0412,0,1,0,0,0,7446
https://heytapmobi.com/,0,tranco,heytapmobi.com,com,23,14,1,0,3.7623,3.5216,0,0,1,0,0,1,0.0,0,1,0,0,0,-1
https://forms.gle/1oNKYEFQJcaXPZLA8,1,phishtank,forms.gle,gle,35,9,18,0,4.822,3.1699,0,0,1,0,2,1,0.0571,0,1,0,0,0,-1
https://vkuseraudio.net/,0,tranco,vkuseraudio.net,net,24,15,1,0,3.9387,3.6402,0,0,1,0,0,1,0.0,0,1,0,0,0,3374
https://clouddevice.io/,0,tranco,clouddevice.io,io,23,14,1,0,3.7951,3.0931,0,0,1,0,0,1,0.0,0,1,0,0,0,3729
https://clipro.tv/,0,tranco,clipro.tv,tv,18,9,1,0,3.5305,3.1699,0,0,1,0,0,1,0.0,0,1,0,0,0,4699
https://atomcextension.wixstudio.com/en-us,1,phishtank,wixstudio.com,com,42,28,6,0,4.044,3.682,0,1,2,1,0,1,0.0,0,1,0,0,0,-1
https://sites.google.com/view/securit-oranggehtmlfc/accueil,1,phishtank,google.com,com,59,16,35,0,4.2031,3.2028,0,1,2,1,0,1,0.0,0,1,0,0,0,10537
https://vesselfinder.com/,0,tranco,vesselfinder.com,com,25,16,1,0,3.9933,3.5778,0,0,1,0,0,1,0.0,0,1,0,0,0,6455
https://ozonusercontent.com/,0,tranco,ozonusercontent.com,com,28,19,1,0,3.682,3.2608,0,0,1,0,0,1,0.0,0,1,0,0,0,1763
https://27846128421-krupkpdsenklecwoy.start.page/,1,phishtank,start.page,page,49,40,1,0,4.5581,4.4464,0,1,2,1,11,1,0.2245,0,1,0,0,0,-1
https://www.holdremove.click/index.html,1,phishtank,holdremove.click,click,39,20,11,0,4.1756,3.5842,0,1,3,0,0,1,0.0,0,1,0,0,0,157
https://rbm.goog/,0,tranco,rbm.goog,goog,17,8,1,0,3.4548,2.5,0,0,1,0,0,1,0.0,0,1,0,0,0,-1
https://mo.sgddfl.cam/,1,phishtank,sgddfl.cam,cam,22,13,1,0,3.7888,3.2389,0,1,2,0,0,1,0.0,0,1,0,0,0,84
https://sudrf.ru/,0,tranco,sudrf.ru,ru,17,8,1,0,3.3372,2.5,0,0,1,0,0,1,0.0,0,1,0,0,0,7726
https://standardnotes.com/,0,tranco,standardnotes.com,com,26,17,1,0,3.7193,3.3816,0,0,1,0,0,1,0.0,0,1,0,0,0,2789
https://nbcuott.com/,0,tranco,nbcuott.com,com,20,11,1,0,3.4842,2.914,0,0,1,0,0,1,0.0,0,1,0,0,0,2697
https://sites.google.com/view/sammare28,1,phishtank,google.com,com,39,16,15,0,4.0991,3.2028,0,1,2,0,2,1,0.0513,0,1,0,0,0,10537
https://lausd.net/,0,tranco,lausd.net,net,18,9,1,0,3.5305,3.1699,0,0,1,0,0,1,0.0,0,1,0,0,0,10551
https://q-r.to/bfM1fy,1,phishtank,q-r.to,to,21,6,7,0,3.8442,2.585,0,0,1,1,1,1,0.0476,0,1,0,0,0,5285
http://allegrolokalnie.pl121960721.cfd/oferta/sprzedam-romet-pony/06300?fbclid=iwy2xjawrc4h5lehrua2flbqixmabicmlketbivuroawrwcnhdmgjzcldvc3j0ywzhchbfawqqmjiymdm5mtc4odiwmdg5mgabhqu9izgknjqzfqls0iow8cjknbwbc7isnaiwqzwordasxiisv6v59s2xnqlz_aem_smy78njt8fgjzavf3qeaig,1,phishtank,pl121960721.cfd,cfd,264,31,33,192,5.1621,4.1037,0,1,2,2,35,3,0.1326,0,0,0,0,0,-1
https://bundesliga.com/,0,tranco,bundesliga.com,com,23,14,1,0,4.1429,3.8074,0,0,1,0,0,1,0.0,0,1,0,0,0,-1
https://libero.it/,0,tranco,libero.it,it,18,9,1,0,3.5305,2.9477,0,0,1,0,0,1,0.0,0,1,0,0,0,9911
https://sexylib.com/,0,tranco,sexylib.com,com,20,11,1,0,3.8842,3.4594,0,0,1,0,0,1,0.0,0,1,0,0,0,7762
https://bhavyabiharhealth.in/,0,tranco,bhavyabiharhealth.in,in,29,20,1,0,3.7159,3.3219,0,0,1,0,0,1,0.0,0,1,0,0,0,1353
https://pandasecurity.com/,0,tranco,pandasecurity.com,com,26,17,1,0,4.027,3.8522,0,0,1,0,0,1,0.0,0,1,0,1,1,9449
https://login.zsyjfs.com/?eJTBKE7YJKA6&amp;type=vpoint,1,phishtank,zsyjfs.com,com,54,16,1,28,4.8981,3.625,0,1,2,0,2,5,0.037,0,1,0,1,1,1240
https://new.express.adobe.com/webpage/h9xeaHGMWuyYX,1,phishtank,adobe.com,com,51,21,22,0,4.522,3.5945,0,2,3,0,1,1,0.0196,0,1,0,0,0,14492
https://site-414hcwai8.godaddysites.com/gmx-freemail,1,phishtank,godaddysites.com,com,52,31,13,0,4.4501,4.0424,0,1,2,2,4,1,0.0769,0,1,0,1,1,4628
https://nike.com/,0,tranco,nike.com,com,17,8,1,0,3.6901,3.0,0,0,1,0,0,1,0.0,0,1,0,0,0,-1
https://new.express.adobe.com/webpage/gZiRTHv39Y4XL,1,phishtank,adobe.com,com,51,21,22,0,4.6965,3.5945,0,2,3,0,3,1,0.0588,0,1,0,0,0,14492
https://alain.ope-961084.pro/captcha.php,1,phishtank,ope-961084.pro,pro,40,20,12,0,4.1587,3.9219,0,1,3,1,6,1,0.15,0,1,0,0,0,-1
https://l.ead.me/bfRIV7,1,phishtank,ead.me,me,23,8,7,0,4.056,2.5,0,1,2,0,1,1,0.0435,0,1,0,0,0,3928
https://q-r.to/bfY0wa,1,phishtank,q-r.to,to,21,6,7,0,3.9395,2.585,0,0,1,1,1,1,0.0476,0,1,0,0,0,5285
https://nj.gov/,0,tranco,nj.gov,gov,15,6,1,0,3.4566,2.585,0,0,1,0,0,1,0.0,0,1,0,0,0,9094
https://goldem1ornrne-online.top/?secure_connect=4c1*fc*&_subid=32jost4.51.1n9qu&_token=39lpve1ej3j3f.1782576164.11.29b78012d7dfd07892e684632eadac05,1,phishtank,goldem1ornrne-online.top,top,148,24,1,114,5.0608,3.5535,0,0,6,1,48,9,0.3243,0,1,0,2,1,58
https://sureserver.com/,0,tranco,sureserver.com,com,23,14,1,0,3.6097,2.9852,0,0,1,0,0,1,0.0,0,1,0,0,0,9570
https://hyp.net/,0,tranco,hyp.net,net,16,7,1,0,3.1556,2.8074,0,0,1,0,0,1,0.0,0,1,0,0,0,10575
https://qrco.de/bgZmhQ,1,phishtank,qrco.de,de,22,7,7,0,4.0615,2.8074,0,0,1,0,0,1,0.0,0,1,0,0,0,-1
https://ipfs.io/ipfs/QmTwqwH8PgPX3ocUFYfcq2fwNuu4A1Y9ajUJjKe7RfBt64,1,phishtank,ipfs.io,io,67,7,52,0,5.1499,2.5216,0,0,1,0,9,1,0.1343,0,1,0,0,0,4449
https://atp.fox/,0,tranco,atp.fox,fox,16,7,1,0,3.2806,2.8074,0,0,1,0,0,1,0.0,0,1,0,0,0,1978
https://expo.ipros.jp/event/14277?modal=modal-d1-a-2&utm_source=aidx_expo_2026_spring&utm_medium=gatheringmail&utm_campaign=20260106&utm_content=teaser_release_top_banner,1,phishtank,ipros.jp,jp,170,13,12,136,4.7527,3.027,0,1,2,3,19,11,0.1118,0,1,0,0,0,9249
https://142.in-addr.arpa/,0,tranco,142.in-addr.arpa,in-addr.arpa,25,16,1,0,3.8635,3.3278,0,0,2,1,3,1,0.12,0,1,0,0,0,-1
https://q-r.to/bgaHv7,1,phishtank,q-r.to,to,21,6,7,0,3.9395,2.585,0,0,1,1,1,1,0.0476,0,1,0,0,0,5285
https://bhd-crediclik-ya.iceiy.com/?fbclid=IwY2xjawSSo9xleHRuA2FlbQIxMABicmlkETFKRGRNS2NKa0lmRG9mbWRHc3J0YwZhcHBfaWQQMjIyMDM5MTc4ODIwMDg5MgABHgHK3wmg5b0i6D8lBgsUkZjlTYxFYzEOv5E1bQqRTVX-FmZIM_QkslYefvsR_aem_NmrbehBPtafuL8geso5feQ&amp;i=1,1,phishtank,iceiy.com,com,236,26,1,200,5.8042,3.7004,0,1,2,3,21,6,0.089,0,1,0,0,0,2054
https://ga.jimkl.cam/,1,phishtank,jimkl.cam,cam,21,12,1,0,3.7849,3.085,0,1,2,0,0,1,0.0,0,1,0,0,0,85
https://360totalsecurity.com/,0,tranco,360totalsecurity.com,com,29,20,1,0,4.0868,3.8842,0,0,1,0,3,1,0.1034,0,1,0,1,1,4478
https://nist.gov/,0,tranco,nist.gov,gov,17,8,1,0,3.4104,3.0,0,0,1,0,0,1,0.0,0,1,0,0,0,10520
https://fotmob.com/,0,tranco,fotmob.com,com,19,10,1,0,3.3919,2.6464,0,0,1,0,0,1,0.0,0,1,0,0,0,6511
https://u58318934.ct.eu.sendgrid.net/ls/click?upn=u001.rTDvdKINTd6xm0TqIVyXJAXCcf1EFroENlkKbR042TIoWY478R7ofU5K65vWs1ejSLPXj0ERZ9OlkUnzH53bwCfISydff0cy5pSU3v-2F5ZPbRBDtgVUFsr2pj6iHBRonXEcZERTIJTiSQn-2B3Ee-2Fo1CjP6EKbYiRGrfHaYBXsdlLo-3DZZVB_nGQDzkuAQnN7sgIPNIql1L0SgUa7z3mRcEYh-2BZDGGJWhWKekNRVJk-2BshxL48KRGqdEUxyafLQOZmopehVyuxtPbHpl2bNoHEmq956HMtqKn0ZXoD2aL-2FEjHSMYag-2B5-2FFr1oj0uGgf1aLyPsMJMuTtc0I3vg-2BkwwO9xBWA6OZQ-2B50xMejGZhndPb-2BV2KhGq4Hrp2DqDSW-2B-2FUW33Al7B-2BDEzBieytwLMsyf2jVmKJjudNkedxesQr8AAgGJdSUMjYVYSLICJgOiK59GQqe9RfxMGcee-2BTRs4CU7L49noYLYZFCT1eL-2BhuosCLv7E8klsCYA76kWlVpHHv7NxyaQnxFZPp1mX0zKNnzc9Px8ip8bavY5v7B5F8gwYjrhb-2B7y-2FLrkRzM8GQO1r1GIXyD-2B57tF-2ByY81VmBIVcGFZwoPdZdQZ2eegroAqKdUM9Z1D-2Fw0jCUvhm-2BtwDsfupORha-2BB1am4r896PrIh8ftzK-2FGidnJE-2By0ly7U6sAwWKyBCLeBrVyiaSCzyJVEkbONYzx52SoqDRJ9w6a13j2qeRstMG7CEGNsU67LEZcxNiEWvdfhtfOuwu6Nz-2Be2vr1o36Hb9-2BvzFhxpa79-2BwxXFPMoASkPRtsWGmFd6vF9xUqYcz909DPDmPwCfzkivXbnwbasVU4bh8xkkXL1QXD-2FJ6p7RFDvApU-3D#4SHIKi1193tjHH78lkqsezouzt93OYDNARRFAYDLSTZ197550TQHH26636x1,1,phishtank,sendgrid.net,net,1039,28,9,932,5.9719,3.9233,0,3,5,31,192,4,0.1848,0,1,0,0,0,6302
https://hypotheses.org/,0,tranco,hypotheses.org,org,23,14,1,0,3.4358,3.2359,0,0,1,0,0,1,0.0,0,1,0,0,0,7309
https://avma.org/,0,tranco,avma.org,org,17,8,1,0,3.5725,2.75,0,0,1,0,0,1,0.0,0,1,0,0,0,11195
https://stepstone.de/,0,tranco,stepstone.de,de,21,12,1,0,3.2369,2.8554,0,0,1,0,0,1,0.0,0,1,0,0,0,-1
https://bodhimandala.com/.well-known/ssl.webmail.aruba.it/mailbox.aruba.it/verifica_identity.myaccount.user_aruba.mail/user_sign_in/login.htm,1,phishtank,bodhimandala.com,com,141,16,117,0,4.4272,3.3278,0,0,11,1,0,1,0.0,0,1,0,2,1,7230
https://s-sols.com/,0,tranco,s-sols.com,com,19,10,1,0,3.3661,2.6464,0,0,1,1,0,1,0.0,0,1,0,0,0,3606
https://strip2.in/,0,tranco,strip2.in,in,18,9,1,0,3.3083,2.9477,0,0,1,0,1,1,0.0556,0,1,0,0,0,2581
https://tiny.cloud/,0,tranco,tiny.cloud,cloud,19,10,1,0,3.7474,3.3219,0,0,1,0,0,1,0.0,0,1,0,0,0,3809
https://mwebonliine.weebly.com/,1,phishtank,weebly.com,com,31,22,1,0,3.9621,3.3685,0,1,2,0,0,1,0.0,0,1,0,0,0,7420
https://bt4g.com/,0,tranco,bt4g.com,com,17,8,1,0,3.5281,3.0,0,0,1,0,1,1,0.0588,0,1,0,0,0,3409
https://planday.cloud/,0,tranco,planday.cloud,cloud,22,13,1,0,3.7888,3.2389,0,0,1,0,0,1,0.0,0,1,0,0,0,3096
https://bafkreihildobrerhc2al3pystbjdr5iwint5hlqepk7n36oe2juatk2m3u.ipfs.dweb.link/,1,phishtank,dweb.link,link,83,74,1,0,4.7272,4.6431,0,2,3,0,10,1,0.1205,0,1,0,0,0,3435
https://unisys.com/,0,tranco,unisys.com,com,19,10,1,0,3.6421,3.1219,0,0,1,0,0,1,0.0,0,1,0,0,0,14468
https://antena3.com/,0,tranco,antena3.com,com,20,11,1,0,3.6464,3.0958,0,0,1,0,1,1,0.05,0,1,0,0,0,9710
https://qrco.de/bgfcsf,1,phishtank,qrco.de,de,22,7,7,0,3.8797,2.8074,0,0,1,0,0,1,0.0,0,1,0,0,0,-1
https://daronet.com.au/l/ion.html#redacted@abuse.ionos.com,1,phishtank,daronet.com.au,com.au,58,14,11,0,4.1941,3.3788,0,0,5,0,0,3,0.0,1,1,0,0,0,-1
https://bncpos.web.app/,1,phishtank,web.app,app,23,14,1,0,3.6212,3.182,0,1,2,0,0,1,0.0,0,1,0,0,0,-1
https://sophosupd.com/,0,tranco,sophosupd.com,com,22,13,1,0,3.4131,3.027,0,0,1,0,0,1,0.0,0,1,0,0,0,6347
https://lotterysambad.one/,0,tranco,lotterysambad.one,one,26,17,1,0,3.9022,3.6169,0,0,1,0,0,1,0.0,0,1,0,0,0,1875
https://klelnanzeigen-deutch.towingservicenewjersey.com/receive/order/Aan5brHvjPK?r=0x14,1,phishtank,towingservicenewjersey.com,com,88,47,26,6,4.7646,4.1578,0,1,2,1,4,3,0.0455,0,1,0,1,1,328
https://t.co/3FkkXYstC5,1,phishtank,t.co,co,23,4,11,0,3.7951,2.0,0,0,1,0,2,1,0.087,0,1,1,0,0,5931
https://qrco.de/bfO3Lu,1,phishtank,qrco.de,de,22,7,7,0,4.1524,2.8074,0,0,1,0,1,1,0.0455,0,1,0,0,0,-1
https://q-r.to/wc4iacjwp0yz,1,phishtank,q-r.to,to,27,6,13,0,4.1805,2.585,0,0,1,1,2,1,0.0741,0,1,0,0,0,5285
https://98.in-addr.arpa/,0,tranco,98.in-addr.arpa,in-addr.arpa,24,15,1,0,3.7721,3.1899,0,0,2,1,2,1,0.0833,0,1,0,0,0,-1
https://preview.webflow.com/preview/ee-ignore-update-acct-broadband?utm_medium=preview_link&utm_source=designer&utm_content=ee-ignore-update-acct-broadband&preview=12c0b70a6a05bb112c4e8856144eef47&workflow=preview,1,phishtank,webflow.com,com,213,19,40,145,4.813,3.5369,0,1,2,8,21,11,0.0986,0,1,0,1,1,-1
https://tubi.io/,0,tranco,tubi.io,io,16,7,1,0,3.2806,2.5216,0,0,1,0,0,1,0.0,0,1,0,0,0,3186
https://pub-3cf24fb9b2094f249e7749eb497d6449.r2.dev/japan.html,1,phishtank,r2.dev,dev,62,43,11,0,4.4954,3.8117,0,1,3,1,23,1,0.371,0,1,0,0,0,-1
https://eyeo.it/,0,tranco,eyeo.it,it,16,7,1,0,3.2806,2.5216,0,0,1,0,0,1,0.0,0,1,0,0,0,3779
https://docs.zoom.us/doc/nKDlc93lQsqj05uEOpC4WA,1,phishtank,zoom.us,us,47,12,27,0,4.6875,2.8554,0,1,2,0,5,1,0.1064,0,1,0,0,0,8855
https://l.ead.me/bfImRS,1,phishtank,ead.me,me,23,8,7,0,3.969,2.5,0,1,2,0,0,1,0.0,0,1,0,0,0,3928
https://bhd-servicios.webcindario.com/,1,phishtank,webcindario.com,com,38,29,1,0,4.1685,3.8404,0,1,2,1,0,1,0.0,0,1,0,0,0,9275
https://costcotravel.com/,0,tranco,costcotravel.com,com,25,16,1,0,3.6733,3.2806,0,0,1,0,0,1,0.0,0,1,0,0,0,10724
https://steemit.com/,0,tranco,steemit.com,com,20,11,1,0,3.3842,2.914,0,0,1,0,0,1,0.0,0,1,0,0,0,3803
https://chmbhcjmbhcjmmmmmmm.weebly.com/,1,phishtank,weebly.com,com,39,30,1,0,3.5744,3.0159,0,1,2,0,0,1,0.0,0,1,0,0,0,7420
https://cuni.cz/,0,tranco,cuni.cz,cz,16,7,1,0,3.4528,2.5216,0,0,1,0,0,1,0.0,0,1,0,0,0,11091
https://t-bank-app.su/,0,tranco,t-bank-app.su,su,22,13,1,0,3.5383,3.2389,0,0,1,2,0,1,0.0,0,1,0,1,1,817
https://homeip.net/,0,tranco,homeip.net,net,19,10,1,0,3.4316,3.1219,0,0,1,0,0,1,0.0,0,1,0,0,0,9733
https://q-r.to/bfJWbT,1,phishtank,q-r.to,to,21,6,7,0,3.8442,2.585,0,0,1,1,0,1,0.0,0,1,0,0,0,5285
https://dtf.ru/,0,tranco,dtf.ru,ru,15,6,1,0,3.2729,2.585,0,0,1,0,0,1,0.0,0,1,0,0,0,9934
https://metaprofile.firebaseapp.com/,1,phishtank,firebaseapp.com,com,36,27,1,0,3.9404,3.6619,0,1,2,0,0,1,0.0,0,1,0,0,0,5027
https://pub-cf45a6d69d4b409ab5470a9b41bd8e14.r2.dev/link(5).html,1,phishtank,r2.dev,dev,64,43,13,0,4.7867,4.1093,0,1,3,1,21,1,0.3281,0,1,0,0,0,-1
https://www.v11-okx-app.com/,1,phishtank,v11-okx-app.com,com,28,19,1,0,3.9408,3.4714,0,1,2,2,2,1,0.0714,0,1,0,0,0,382
https://new.express.adobe.com/webpage/GgfYiEI3RUNbZ,1,phishtank,adobe.com,com,51,21,22,0,4.6424,3.5945,0,2,3,0,1,1,0.0196,0,1,0,0,0,14492
https://sites.google.com/view/shddgdghsdhjsb/accueil,1,phishtank,google.com,com,52,16,28,0,4.1208,3.2028,0,1,2,0,0,1,0.0,0,1,0,0,0,10537
https://helpcenter-businesscommunity.pages.dev/,1,phishtank,pages.dev,dev,47,38,1,0,4.2485,4.1357,0,1,2,1,0,1,0.0,0,1,0,0,0,-1
https://login.gtmyihong.com/?7FuxPst1bsVk0LGOQVDQCGQp,1,phishtank,gtmyihong.com,com,53,19,1,24,4.8265,3.3264,0,1,2,0,3,2,0.0566,0,1,0,1,1,3204
https://logincred2026.hstn.me/,1,phishtank,hstn.me,me,30,21,1,0,4.1899,4.0114,0,1,2,0,4,1,0.1333,0,1,0,1,1,2606
https://ozkillikvincgaleri.com.tr/wp-includes/ar24,1,phishtank,ozkillikvincgaleri.com.tr,com.tr,50,25,17,0,4.4864,3.7337,0,0,2,1,2,1,0.04,0,1,0,0,0,1311
https://smashdorlayert.firebaseapp.com/,1,phishtank,firebaseapp.com,com,39,30,1,0,4.0604,3.8981,0,1,2,0,0,1,0.0,0,1,0,0,0,5027
https://ow.ly/bNfS50T3XY4,1,phishtank,ow.ly,ly,25,5,12,0,4.3737,2.3219,0,0,1,0,4,1,0.16,0,1,1,0,0,6452
https://vladimir.serv807539.pro/,1,phishtank,serv807539.pro,pro,32,23,1,0,4.3278,4.056,0,1,2,0,6,1,0.1875,0,1,0,0,0,-1
https://rule34vault.com/,0,tranco,rule34vault.com,com,24,15,1,0,4.0221,3.6402,0,0,1,0,2,1,0.0833,0,1,0,0,0,1007
https://bodycontact.com/,0,tranco,bodycontact.com,com,24,15,1,0,3.6573,3.1396,0,0,1,0,0,1,0.0,0,1,0,0,0,10411
https://wps.cn/,0,tranco,wps.cn,cn,15,6,1,0,3.1899,2.585,0,0,1,0,0,1,0.0,0,1,0,0,0,8528
https://tunnelbear.com/,0,tranco,tunnelbear.com,com,23,14,1,0,3.9362,3.5216,0,0,1,0,0,1,0.0,0,1,0,0,0,5640
https://us12.campaign-archive.com/?u=a1372895094a2dbc409d28a05&id=9548b7496d,1,phishtank,campaign-archive.com,com,76,25,1,41,4.8677,4.0235,0,1,2,1,28,5,0.3684,0,1,0,0,0,7139
https://docs.google.com/presentation/d/e/2PACX-1vTpH6QmZsjn6ltA5LFgSuzUTwT3Nn3eBPCzT4Wxrxd7M_ug9DLCVIT6h0CBPsCDJ4d5ZZwg8ktKIB4n/pub?start=false&loop=false&delayms=3000,1,phishtank,google.com,com,167,15,108,35,5.6223,2.9736,0,1,2,1,20,7,0.1198,0,1,0,0,0,10537
https://l.ead.me/bfzefH,1,phishtank,ead.me,me,23,8,7,0,3.8492,2.5,0,1,2,0,0,1,0.0,0,1,0,0,0,3928
https://mapsforeurope012.top,1,phishtank,mapsforeurope012.top,top,28,20,0,0,3.8963,3.6464,0,0,1,0,3,1,0.1071,0,1,0,0,0,27
https://universityofillinoischicagoupdate11.ukit.me/,1,phishtank,ukit.me,me,52,43,1,0,4.3344,4.2014,0,1,2,0,2,1,0.0385,0,1,0,1,1,3509
https://docs.google.com/presentation/d/e/2PACX-1vTaVoMZRPKYCSWjWFNZQolvA1IuCoWXnxSECSPTp9hHeJcmvXvRioGbV7jIMNFpgV9tYRTWtFFnVE_4/pub?start=false&loop=false&delayms=3000&slide=id.p,1,phishtank,google.com,com,178,15,108,46,5.5265,2.9736,0,1,3,1,11,9,0.0618,0,1,0,0,0,10537
https://swannsecurity.com/,0,tranco,swannsecurity.com,com,26,17,1,0,3.998,3.7345,0,0,1,0,0,1,0.0,0,1,0,1,1,8229
https://ucnaming.com/,0,tranco,ucnaming.com,com,21,12,1,0,3.7849,3.085,0,0,1,0,0,1,0.0,0,1,0,0,0,2102
https://tra-eo.com/,0,tranco,tra-eo.com,com,19,10,1,0,3.6421,3.1219,0,0,1,1,0,1,0.0,0,1,0,0,0,322
https://l.wl.co/l?u=https://qrco.de/bfMSOa,1,phishtank,wl.co,co,42,7,2,24,4.3204,2.2359,0,1,3,0,0,4,0.0,0,1,0,0,0,5931
https://qrco.de/bgZQi8,1,phishtank,qrco.de,de,22,7,7,0,4.1524,2.8074,0,0,1,0,1,1,0.0455,0,1,0,0,0,-1
https://f.yourl.jp/f6fddc04,1,phishtank,yourl.jp,jp,27,10,9,0,4.1064,3.1219,0,1,2,0,3,1,0.1111,0,1,0,0,0,1697
https://allegrolokalnie.pl-9812-oferta.click/iphone-16-128-gb-r%25C3%25B3%25C5%25BCowy/50244,1,phishtank,pl-9812-oferta.click,click,92,36,48,0,4.838,4.0095,0,1,2,6,25,5,0.2717,0,1,0,0,0,104
https://7sur7.be/,0,tranco,7sur7.be,be,17,8,1,0,3.4548,2.75,0,0,1,0,2,1,0.1176,0,1,0,0,0,7714
https://scanned.page/p/1bUdgS,1,phishtank,scanned.page,page,29,12,9,0,3.9354,3.085,0,0,1,0,1,1,0.0345,0,1,0,0,0,-1
https://pub-72fdd0618fd348f7a128df12b7872944.r2.dev/index.html,1,phishtank,r2.dev,dev,62,43,11,0,4.6172,4.014,0,1,3,1,23,1,0.371,0,1,0,0,0,-1
http://allegro-lokalnie.kup19328t0439g-f.bond/,1,phishtank,kup19328t0439g-f.bond,bond,46,38,1,0,4.6048,4.4386,0,1,2,2,9,1,0.1957,0,0,0,0,0,132
https://patrick.jour847060.pro/captcha.php,1,phishtank,jour847060.pro,pro,42,22,12,0,4.0581,3.8797,0,1,3,0,6,1,0.1429,0,1,0,0,0,-1
https://acsbapp.com/,0,tranco,acsbapp.com,com,20,11,1,0,3.4464,2.914,0,0,1,0,0,1,0.0,0,1,0,0,0,2174
https://trabajo.org/,0,tranco,trabajo.org,org,20,11,1,0,3.5464,2.914,0,0,1,0,0,1,0.0,0,1,0,0,0,10462
https://mo.iuyopl.cam/,1,phishtank,iuyopl.cam,cam,22,13,1,0,3.7888,3.2389,0,1,2,0,0,1,0.0,0,1,0,0,0,84
https://google.com.et/,0,tranco,google.com.et,com.et,22,13,1,0,3.5383,2.8731,0,0,2,0,0,1,0.0,0,1,0,0,0,-1
https://docs.google.com/presentation/d/e/2PACX-1vQ-ad4JxEXIX-Ogn3ebeqN72yzzKidMx4czqwHPcIUT_rZW4mFtovuCwLfSDQ_BiC24WMJHUtd65li3/pub?start=false&amp;loop=false&amp;delayms=3000,1,phishtank,google.com,com,175,15,108,43,5.6396,2.9736,0,1,2,3,17,9,0.0971,0,1,0,0,0,10537
https://tatneft.ru/,0,tranco,tatneft.ru,ru,19,10,1,0,3.3866,2.8464,0,0,1,0,0,1,0.0,0,1,0,0,0,10345
https://uni-augsburg.de/,0,tranco,uni-augsburg.de,de,24,15,1,0,3.9387,3.4566,0,0,1,1,0,1,0.0,0,1,0,0,0,-1
https://google.com.ua/,0,tranco,google.com.ua,com.ua,22,13,1,0,3.7544,3.027,0,0,2,0,0,1,0.0,0,1,0,0,0,-1
https://pub-c7f440236a9e4596b155c7ab367794d3.r2.dev/index.html,1,phishtank,r2.dev,dev,62,43,11,0,4.7679,4.2222,0,1,3,1,24,1,0.3871,0,1,0,0,0,-1
https://teamviewer.com/,0,tranco,teamviewer.com,com,23,14,1,0,3.8164,3.3249,0,0,1,0,0,1,0.0,0,1,0,0,0,7973
https://permutive.app/,0,tranco,permutive.app,app,22,13,1,0,3.5726,3.1808,0,0,1,0,0,1,0.0,0,1,0,0,0,-1
https://q-r.to/bgbKyD,1,phishtank,q-r.to,to,21,6,7,0,3.8442,2.585,0,0,1,1,0,1,0.0,0,1,0,0,0,5285
http://allegrolokainie.pl-690189642.lol,1,phishtank,pl-690189642.lol,lol,39,32,0,0,4.3043,3.9917,0,1,2,1,9,1,0.2308,0,0,0,0,0,92
https://cftc.gov/,0,tranco,cftc.gov,gov,17,8,1,0,3.4104,2.75,0,0,1,0,0,1,0.0,0,1,0,0,0,10520
https://smartmovepro.net/,0,tranco,smartmovepro.net,net,25,16,1,0,3.6537,3.375,0,0,1,0,0,1,0.0,0,1,0,0,0,4215
https://icloud.com/,0,tranco,icloud.com,com,19,10,1,0,3.6819,2.9219,0,0,1,0,0,1,0.0,0,1,0,1,1,10050
https://chatib.us/,0,tranco,chatib.us,us,18,9,1,0,3.4194,3.1699,0,0,1,0,0,1,0.0,0,1,0,0,0,3752
https://ksl.com/,0,tranco,ksl.com,com,16,7,1,0,3.4528,2.8074,0,0,1,0,0,1,0.0,0,1,0,0,0,11564
https://ymmobi.com/,0,tranco,ymmobi.com,com,19,10,1,0,3.5369,2.6464,0,0,1,0,0,1,0.0,0,1,0,0,0,2000
http://cctop.cl,1,phishtank,cctop.cl,cl,15,8,0,0,3.0062,2.4056,0,0,1,0,0,1,0.0,0,0,0,0,0,2258
https://publicsuffix.org/,0,tranco,publicsuffix.org,org,25,16,1,0,3.9737,3.625,0,0,1,0,0,1,0.0,0,1,0,0,0,7075
http://web3-connect-wallet.webflow.io,1,phishtank,webflow.io,io,37,30,0,0,3.9795,3.6566,0,1,2,2,1,1,0.027,0,0,0,1,1,4823
https://poshvine.com/,0,tranco,poshvine.com,com,21,12,1,0,3.6897,3.4183,0,0,1,0,0,1,0.0,0,1,0,0,0,5687
https://smart.link/,0,tranco,smart.link,link,19,10,1,0,3.6421,3.3219,0,0,1,0,0,1,0.0,0,1,0,0,0,4144
https://sites.google.com/view/currently-update0111/update,1,phishtank,google.com,com,57,16,33,0,4.3872,3.2028,0,1,2,1,4,1,0.0702,0,1,0,1,1,10537
https://qontomsg07.firebaseapp.com/,1,phishtank,firebaseapp.com,com,35,26,1,0,4.2214,4.056,0,1,2,0,2,1,0.0571,0,1,0,0,0,5027
https://clientgear.com/,0,tranco,clientgear.com,com,23,14,1,0,3.9362,3.5216,0,0,1,0,0,1,0.0,0,1,0,0,0,4767
https://m2625.godaddysites.com/m/login,1,phishtank,godaddysites.com,com,38,22,8,0,4.2012,3.7888,0,1,2,0,4,1,0.1053,0,1,0,1,1,4628
https://new.express.adobe.com/webpage/HSVqCf9FLYZh1,1,phishtank,adobe.com,com,51,21,22,0,4.6965,3.5945,0,2,3,0,2,1,0.0392,0,1,0,0,0,14492
https://i-ready.com/,0,tranco,i-ready.com,com,20,11,1,0,3.9842,3.4594,0,0,1,1,0,1,0.0,0,1,0,0,0,5899
https://primeamzabo012.pro/,1,phishtank,primeamzabo012.pro,pro,27,18,1,0,4.0323,3.6144,0,0,1,0,3,1,0.1111,0,1,0,0,0,-1
https://iadsasihy.firebaseapp.com/,1,phishtank,firebaseapp.com,com,34,25,1,0,3.962,3.7035,0,1,2,0,0,1,0.0,0,1,0,0,0,5027
https://google.com.sb/,0,tranco,google.com.sb,com.sb,22,13,1,0,3.6635,3.027,0,0,2,0,0,1,0.0,0,1,0,0,0,-1
https://huyamba.name/,0,tranco,huyamba.name,name,21,12,1,0,3.6538,3.0221,0,0,1,0,0,1,0.0,0,1,0,0,0,-1
http://trenitalyia.help/L5NLHX5qPz?_eat=valid_20260708224906_afc6819821c3f7b4a56bc7942708bc2f,1,phishtank,trenitalyia.help,help,93,16,11,58,4.97,3.375,0,0,1,0,36,3,0.3871,0,0,0,0,0,14
https://browserstack.com/,0,tranco,browserstack.com,com,25,16,1,0,3.8333,3.5,0,0,1,0,0,1,0.0,0,1,0,0,0,5564
https://docs.google.com/presentation/d/e/2PACX-1vQv3e1-B197n02FJQFeIDcQXNFXT6q9igjHl_1mQmtlX2rbshOaPSKeD-BAlyewzQmx1gRg9nWAAtTR/pub?start=false&amp;loop=false&amp;delayms=3000,1,phishtank,google.com,com,175,15,108,43,5.489,2.9736,0,1,2,3,19,9,0.1086,0,1,0,0,0,10537
https://wordpressfoundation.org/,0,tranco,wordpressfoundation.org,org,32,23,1,0,3.9681,3.7081,0,0,1,0,0,1,0.0,0,1,0,0,0,7519
https://jcplatform.dev/,0,tranco,jcplatform.dev,dev,23,14,1,0,4.0231,3.8074,0,0,1,0,0,1,0.0,0,1,0,0,0,-1
https://hentaimama.io/,0,tranco,hentaimama.io,io,22,13,1,0,3.5383,3.027,0,0,1,0,0,1,0.0,0,1,0,0,0,2402
https://q-r.to/bfWeUT,1,phishtank,q-r.to,to,21,6,7,0,3.9395,2.585,0,0,1,1,0,1,0.0,0,1,0,0,0,5285
https://crashplan.com/,0,tranco,crashplan.com,com,22,13,1,0,3.6978,3.3927,0,0,1,0,0,1,0.0,0,1,0,0,0,7594
https://flowcode.com/p/eMqt3EtZxj,1,phishtank,flowcode.com,com,33,12,13,0,4.2336,3.0221,0,0,1,0,1,1,0.0303,0,1,0,0,0,5879
https://qxwz.com/,0,tranco,qxwz.com,com,17,8,1,0,3.6901,3.0,0,0,1,0,0,1,0.0,0,1,0,0,0,6877
https://ur0.jp/WgYJ,1,phishtank,ur0.jp,jp,19,6,5,0,3.7871,2.585,0,0,1,0,1,1,0.0526,0,1,0,0,0,1928
https://wallpapers.com/,0,tranco,wallpapers.com,com,23,14,1,0,3.7623,3.3788,0,0,1,0,0,1,0.0,0,1,0,0,0,10617
https://qrco.de/bgbwkw,1,phishtank,qrco.de,de,22,7,7,0,3.9706,2.8074,0,0,1,0,0,1,0.0,0,1,0,0,0,-1
https://q-r.to/bfEGd7,1,phishtank,q-r.to,to,21,6,7,0,3.9395,2.585,0,0,1,1,1,1,0.0476,0,1,0,0,0,5285
https://docs.google.com/presentation/d/e/2PACX-1vR-WoIt3foaUjrURnfBGNQdxqvhj70YMjCTZ3ojbp3qQKECbZ0JBZuvQByHoEzf51RUG642sLJ9Ya04/pub?start=false&amp;loop=false&amp;delayms=3000,1,phishtank,google.com,com,175,15,108,43,5.5871,2.9736,0,1,2,2,20,9,0.1143,0,1,0,0,0,10537
https://servicemembershipoattloginscreen.boxmode.io/,1,phishtank,boxmode.io,io,52,43,1,0,4.1326,3.9489,0,1,2,0,0,1,0.0,0,1,0,2,1,2550
https://bit.ly/4cGpOcT,1,phishtank,bit.ly,ly,22,6,8,0,3.8454,2.585,0,0,1,0,1,1,0.0455,0,1,1,0,0,6639
https://multiscreensite.com/,0,tranco,multiscreensite.com,com,28,19,1,0,3.7979,3.4714,0,0,1,0,0,1,0.0,0,1,0,0,0,4636
https://boom-retired-vendors-eternal.trycloudflare.com,1,phishtank,trycloudflare.com,com,54,46,0,0,4.227,3.966,0,1,2,3,0,1,0.0,0,1,0,0,0,-1
https://reg.ru/,0,tranco,reg.ru,ru,15,6,1,0,3.3232,2.2516,0,0,1,0,0,1,0.0,0,1,0,0,0,7568
https://vrfymyvsionsfuu.weebly.com/,1,phishtank,weebly.com,com,35,26,1,0,4.2646,3.9022,0,1,2,0,0,1,0.0,0,1,0,0,0,7420
https://solucion-capital.webcindario.com/,1,phishtank,webcindario.com,com,41,32,1,0,4.1804,3.9139,0,1,2,1,0,1,0.0,0,1,0,0,0,9275
https://new.express.adobe.com/webpage/UmGiVScagqRWu,1,phishtank,adobe.com,com,51,21,22,0,4.564,3.5945,0,2,3,0,0,1,0.0,0,1,0,0,0,14492
https://samsung.co.kr/,0,tranco,samsung.co.kr,co.kr,22,13,1,0,3.8454,3.3927,0,0,2,0,0,1,0.0,0,1,0,0,0,11227
https://openldap.org/,0,tranco,openldap.org,org,21,12,1,0,3.749,3.2516,0,0,1,0,0,1,0.0,0,1,0,0,0,10195
http://allegrolokalnie.01384921634.shop,1,phishtank,01384921634.shop,shop,39,32,0,0,4.4455,4.2264,0,1,2,0,11,1,0.2821,0,0,0,0,0,-1
https://docs.google.com/presentation/d/1hfflrMG3oWoc9NP3Vm4lPTrUMXi5t1S0LfQj4bKL9WA/pub?start=false&amp;loop=false&amp;delayms=3000&amp;slide=id.p,1,phishtank,google.com,com,146,15,64,58,5.1635,2.9736,0,1,3,0,14,12,0.0959,0,1,0,0,0,10537
https://e-tesda.gov.ph/,0,tranco,e-tesda.gov.ph,gov.ph,23,14,1,0,3.6753,3.5216,0,0,2,1,0,1,0.0,0,1,0,0,0,-1
https://zenithly.best/,0,tranco,zenithly.best,best,22,13,1,0,3.6069,3.3927,0,0,1,0,0,1,0.0,0,1,0,0,0,12
https://radios.com.br/,0,tranco,radios.com.br,com.br,22,13,1,0,3.7888,3.2389,0,0,2,0,0,1,0.0,0,1,0,0,0,10571
https://yusercontent.com/,0,tranco,yusercontent.com,com,25,16,1,0,3.7337,3.375,0,0,1,0,0,1,0.0,0,1,0,0,0,4277
https://org.ru/,0,tranco,org.ru,ru,15,6,1,0,3.3232,2.2516,0,0,1,0,0,1,0.0,0,1,0,0,0,10604
https://sites.google.com/view/depforindex,1,phishtank,google.com,com,41,16,17,0,4.1411,3.2028,0,1,2,0,0,1,0.0,0,1,0,0,0,10537
https://us14.campaign-archive.com/?u=2b1e385cb081065a6fc09cf56&id=3783b327d7,1,phishtank,campaign-archive.com,com,76,25,1,41,4.9545,4.0235,0,1,2,1,26,5,0.3421,0,1,0,0,0,7139
https://undergrdf.firebaseapp.com/,1,phishtank,firebaseapp.com,com,34,25,1,0,4.1751,3.8635,0,1,2,0,0,1,0.0,0,1,0,0,0,5027
https://docs.google.com/drawings/d/1KC6brdthXSuVu6I0TEV4y8i1XoZAqByN5Xw8wqXacQg/edit,1,phishtank,google.com,com,84,15,61,0,5.1334,2.9736,0,1,2,0,9,1,0.1071,0,1,0,0,0,10537
https://metro.co.uk/,0,tranco,metro.co.uk,co.uk,20,11,1,0,3.6464,3.0958,0,0,2,0,0,1,0.0,0,1,0,0,0,10947
https://bronze.systems/,0,tranco,bronze.systems,systems,23,14,1,0,3.6753,3.3249,0,0,1,0,0,1,0.0,0,1,0,0,0,-1
https://allegro.prywatne8329.lol/,1,phishtank,prywatne8329.lol,lol,33,24,1,0,4.1502,3.835,0,1,2,0,4,1,0.1212,0,1,0,0,0,33
https://ptcsys-hk.com,1,phishtank,ptcsys-hk.com,com,21,13,0,0,3.5585,3.3927,0,0,1,1,0,1,0.0,0,1,0,0,0,44
https://sony.net/,0,tranco,sony.net,net,17,8,1,0,3.2928,2.75,0,0,1,0,0,1,0.0,0,1,0,0,0,9689
https://e2ma.net/,0,tranco,e2ma.net,net,17,8,1,0,3.4104,2.75,0,0,1,0,1,1,0.0588,0,1,0,0,0,8894
https://perchance.org/,0,tranco,perchance.org,org,22,13,1,0,3.6978,3.2389,0,0,1,0,0,1,0.0,0,1,0,0,0,3476
https://l.ead.me/bgbnOV,1,phishtank,ead.me,me,23,8,7,0,3.969,2.5,0,1,2,0,0,1,0.0,0,1,0,0,0,3928
https://257.cz/,0,tranco,257.cz,cz,15,6,1,0,3.4566,2.585,0,0,1,0,3,1,0.2,0,1,0,0,0,2268
https://granbluefantasy.jp/,0,tranco,granbluefantasy.jp,jp,27,18,1,0,4.0043,3.7947,0,0,1,0,0,1,0.0,0,1,0,0,0,4758
http://telekom-privatkunden-de.com/,1,phishtank,telekom-privatkunden-de.com,com,35,27,1,0,4.1363,3.9401,0,0,1,2,0,1,0.0,0,0,0,0,0,305
https://docs.google.com/presentation/d/e/2PACX-1vS1NIT_9lY0i0fB0wjP0qT2o5qcR9UQEBd0JbcdVl8IggdSau3dYtorUgZbu57JLVQOt5IqtF3NiP_T/pub?start=false&amp;loop=false&amp;delayms=3000,1,phishtank,google.com,com,175,15,108,43,5.5341,2.9736,0,1,2,1,22,9,0.1257,0,1,0,0,0,10537
https://getstarted-ledzercdn.wixstudio.com/us-en,1,phishtank,wixstudio.com,com,48,34,6,0,4.2542,4.0286,0,1,2,2,0,1,0.0,0,1,0,0,0,-1
https://json.org/,0,tranco,json.org,org,17,8,1,0,3.4548,2.75,0,0,1,0,0,1,0.0,0,1,0,0,0,9570
https://helpmettacase1000.firebaseapp.com/,1,phishtank,firebaseapp.com,com,42,33,1,0,4.0144,3.859,0,1,2,0,4,1,0.0952,0,1,0,0,0,5027
https://new.express.adobe.com/webpage/CWXjtbfiVNS6z,1,phishtank,adobe.com,com,51,21,22,0,4.6276,3.5945,0,2,3,0,1,1,0.0196,0,1,0,0,0,14492
https://sites.google.com/view/midineroapp11/,1,phishtank,google.com,com,44,16,20,0,4.1441,3.2028,0,1,2,0,2,1,0.0455,0,1,0,0,0,10537
http://empower.gr,1,phishtank,empower.gr,gr,17,10,0,0,3.4992,2.9219,0,0,1,0,0,1,0.0,0,0,0,0,0,-1
https://codeplex.com/,0,tranco,codeplex.com,com,21,12,1,0,3.6897,3.085,0,0,1,0,0,1,0.0,0,1,0,0,0,9538
https://homedesktop-live.wixstudio.com/us-en,1,phishtank,wixstudio.com,com,44,30,6,0,4.1978,3.9899,0,1,2,2,0,1,0.0,0,1,0,0,0,-1
https://caliente.mx/,0,tranco,caliente.mx,mx,20,11,1,0,3.7464,3.2776,0,0,1,0,0,1,0.0,0,1,0,0,0,6277
https://typescriptlang.org/,0,tranco,typescriptlang.org,org,27,18,1,0,3.8842,3.7255,0,0,1,0,0,1,0.0,0,1,0,0,0,5090
https://decodo.com/,0,tranco,decodo.com,com,19,10,1,0,3.4316,2.4464,0,0,1,0,0,1,0.0,0,1,0,0,0,7385
https://usajobsearchservifr.firebaseapp.com/,1,phishtank,firebaseapp.com,com,44,35,1,0,4.0704,3.815,0,1,2,0,0,1,0.0,0,1,0,0,0,5027
https://q-r.to/bgaHDT,1,phishtank,q-r.to,to,21,6,7,0,3.9395,2.585,0,0,1,1,0,1,0.0,0,1,0,0,0,5285
https://docs.google.com/presentation/d/e/2PACX-1vR8LAkQKh7j87bU6DNWmtzGHqBCHYaVQ5c1JVyNiOvKN_YYThTE94dBJ5onVaUQK94ci6hxaDGpAUx0/pub?start=false&amp;loop=false&amp;delayms=3000,1,phishtank,google.com,com,175,15,108,43,5.7012,2.9736,0,1,2,1,20,9,0.1143,0,1,0,0,0,10537
https://reuters.com/,0,tranco,reuters.com,com,20,11,1,0,3.5464,3.0958,0,0,1,0,0,1,0.0,0,1,0,0,0,12102
https://celmamagazine.co/,0,tranco,celmamagazine.co,co,25,16,1,0,3.9435,3.3278,0,0,1,0,0,1,0.0,0,1,0,0,0,81
https://fca.org.uk/,0,tranco,fca.org.uk,org.uk,19,10,1,0,3.7871,3.1219,0,0,2,0,0,1,0.0,0,1,0,0,0,-1
https://accounts.google.com/v3/signin/identifier?continue=https%3A%2F%2Fsites.google.com%2Fview%2F3q97w004&followup=https%3A%2F%2Fsites.google.com%2Fview%2F3q97w004&ifkv=AXo7B7WchFu3qb1u3xHpCzlXzHLC02Vdojq81yD_G_-mkZg8tlpVkXQskwTT8HSrcujfUnifhDSTHg&osid=1&passive=1209600&flowName=WebLiteSignIn&flowEntry=ServiceLogin&dsh=S-787852258%3A1693668023602552,1,phishtank,google.com,com,352,19,21,303,5.5663,3.3661,0,1,6,2,68,28,0.1932,0,1,0,4,1,10537
https://www.miricanvas.com/en/v/13ku8bf,1,phishtank,miricanvas.com,com,39,18,13,0,4.4043,3.3502,0,1,2,0,3,1,0.0769,0,1,0,0,0,2918
https://hunan.gov.cn/,0,tranco,hunan.gov.cn,gov.cn,21,12,1,0,3.6538,3.0221,0,0,2,0,0,1,0.0,0,1,0,0,0,-1
http://elfinfo.pages.dev,1,phishtank,pages.dev,dev,24,17,0,0,3.9702,3.5725,0,1,2,0,0,1,0.0,0,0,0,0,0,-1
https://google.ci/,0,tranco,google.ci,ci,18,9,1,0,3.5724,2.7255,0,0,1,0,0,1,0.0,0,1,0,0,0,4906
https://vbrtex.cc/,0,tranco,vbrtex.cc,cc,18,9,1,0,3.5305,2.9477,0,0,1,0,0,1,0.0,0,1,0,0,0,50
https://dingtalk.com/,0,tranco,dingtalk.com,com,21,12,1,0,3.9395,3.585,0,0,1,0,0,1,0.0,0,1,0,0,0,4404
https://elitebabes.com/,0,tranco,elitebabes.com,com,23,14,1,0,3.7294,3.3249,0,0,1,0,0,1,0.0,0,1,0,0,0,9666
https://podium.com/,0,tranco,podium.com,com,19,10,1,0,3.5766,2.9219,0,0,1,0,0,1,0.0,0,1,0,0,0,10534
https://12428461842-gskantmbsuknbnus.start.page/,1,phishtank,start.page,page,48,39,1,0,4.2726,4.1117,0,1,2,1,11,1,0.2292,0,1,0,0,0,-1
https://l.ead.me/bfMjjB,1,phishtank,ead.me,me,23,8,7,0,3.969,2.5,0,1,2,0,0,1,0.0,0,1,0,0,0,3928
https://desktop-device.wixstudio.com/en-us,1,phishtank,wixstudio.com,com,42,28,6,0,4.1299,3.8424,0,1,2,2,0,1,0.0,0,1,0,0,0,-1
https://docs.google.com/forms/d/e/1FAIpQLSemiJbGqN-4ClXBDKPoRp4-EKTswV5sSzp-KE6ff9LW64IMiA/viewform?usp=sf_link,1,phishtank,google.com,com,111,15,76,11,5.4323,2.9736,0,1,2,3,8,3,0.0721,0,1,0,0,0,10537
https://lagged.com/,0,tranco,lagged.com,com,19,10,1,0,3.7871,3.1219,0,0,1,0,0,1,0.0,0,1,0,0,0,10891
https://call.instlyfpaie.com/index,1,phishtank,instlyfpaie.com,com,34,20,6,0,4.1163,3.6842,0,1,2,0,0,1,0.0,0,1,0,0,0,-1
https://tailscale.com/,0,tranco,tailscale.com,com,22,13,1,0,3.6635,3.2389,0,0,1,0,0,1,0.0,0,1,0,0,0,3262
https://bbxcavrbbwxpynpqx.firebaseapp.com/,1,phishtank,firebaseapp.com,com,42,33,1,0,4.2141,3.9196,0,1,2,0,0,1,0.0,0,1,0,0,0,5027
https://pixieset.com/,0,tranco,pixieset.com,com,21,12,1,0,3.5585,3.2516,0,0,1,0,0,1,0.0,0,1,0,0,0,4873
https://uci.edu/,0,tranco,uci.edu,edu,16,7,1,0,3.4528,2.5216,0,0,1,0,0,1,0.0,0,1,0,0,0,14905
https://bigbadwolf-slot.com/,0,tranco,bigbadwolf-slot.com,com,28,19,1,0,4.0836,3.7871,0,0,1,1,0,1,0.0,0,1,0,0,0,2886
https://rostelecom.ru/,0,tranco,rostelecom.ru,ru,22,13,1,0,3.6635,3.2389,0,0,1,0,0,1,0.0,0,1,0,0,0,9639
https://q-r.to/bfJvwf,1,phishtank,q-r.to,to,21,6,7,0,3.8442,2.585,0,0,1,1,0,1,0.0,0,1,0,0,0,5285
https://ardentnews.co.kr/,0,tranco,ardentnews.co.kr,co.kr,25,16,1,0,3.8635,3.5,0,0,2,0,0,1,0.0,0,1,0,0,0,-1
https://sites.google.com/view/vcxtee/home,1,phishtank,google.com,com,41,16,17,0,3.8484,3.2028,0,1,2,0,0,1,0.0,0,1,0,0,0,10537
https://ireflou32.firebaseapp.com/,1,phishtank,firebaseapp.com,com,34,25,1,0,4.1973,3.8937,0,1,2,0,2,1,0.0588,0,1,0,0,0,5027
https://daraz.com.np/,0,tranco,daraz.com.np,com.np,21,12,1,0,3.7849,3.2516,0,0,2,0,0,1,0.0,0,1,0,0,0,-1
https://at.ua/,0,tranco,at.ua,ua,14,5,1,0,2.9852,1.9219,0,0,1,0,0,1,0.0,0,1,0,0,0,6930
https://cafe24.com/,0,tranco,cafe24.com,com,19,10,1,0,3.7871,3.1219,0,0,1,0,2,1,0.1053,0,1,0,0,0,9924
https://q-r.to/bffAtf,1,phishtank,q-r.to,to,21,6,7,0,3.5585,2.585,0,0,1,1,0,1,0.0,0,1,0,0,0,5285
https://acuityplatform.com/,0,tranco,acuityplatform.com,com,27,18,1,0,3.9121,3.6144,0,0,1,0,0,1,0.0,0,1,0,0,0,5534
https://zend.com/,0,tranco,zend.com,com,17,8,1,0,3.6901,3.0,0,0,1,0,0,1,0.0,0,1,0,0,0,10082
http://a6u-l5j-8uutm-oy1ht-omp-lhvdl.pages.dev/,1,phishtank,pages.dev,dev,47,39,1,0,4.3337,4.2311,0,1,2,5,4,1,0.0851,0,0,0,0,0,-1
https://flow.page/yhjk,1,phishtank,flow.page,page,22,9,5,0,3.9706,3.1699,0,0,1,0,0,1,0.0,0,1,0,0,0,-1
https://thrillist.com/,0,tranco,thrillist.com,com,22,13,1,0,3.516,3.2389,0,0,1,0,0,1,0.0,0,1,0,0,0,7916
https://blxrbdn.com/,0,tranco,blxrbdn.com,com,20,11,1,0,3.8842,3.2776,0,0,1,0,0,1,0.0,0,1,0,0,0,2836
https://docs.google.com/presentation/d/e/2PACX-1vQg46vh-YQJEizkc5UnwJjRO39lvNqiAoBmHyPlCgb91yC3u-0EIQgid43sI_4MvBxDXNjnjfxCL5GG/pub?start=false&amp;loop=false&amp;delayms=3000,1,phishtank,google.com,com,175,15,108,43,5.6519,2.9736,0,1,2,3,19,9,0.1086,0,1,0,0,0,10537
https://qrco.de/bfSobU,1,phishtank,qrco.de,de,22,7,7,0,3.9706,2.8074,0,0,1,0,0,1,0.0,0,1,0,0,0,-1
https://docs.google.com/presentation/d/e/2PACX-1vSVaEla117z9CNTRTG7R0QPZkESpm7abg1kzWdh4l3_kCiD1iGQMNN61N9gwiNTLAUiirA30xzWsedo/pub?start=false&amp;loop=false&amp;delayms=3000,1,phishtank,google.com,com,175,15,108,43,5.5087,2.9736,0,1,2,1,22,9,0.1257,0,1,0,0,0,10537
https://astockcdn.net/,0,tranco,astockcdn.net,net,22,13,1,0,3.6069,3.2389,0,0,1,0,0,1,0.0,0,1,0,0,0,2686
https://docs.google.com/presentation/d/1ThdIT8cYPq5rrvRLOBRzdD3hvL-CQ1QPYK7yripGnRs/pub?start=false&amp;loop=false&amp;delayms=3000&amp;slide=id.p,1,phishtank,google.com,com,146,15,64,58,5.2323,2.9736,0,1,3,1,10,12,0.0685,0,1,0,0,0,10537
https://griffith.edu.au/,0,tranco,griffith.edu.au,edu.au,24,15,1,0,3.7721,3.3736,0,0,2,0,0,1,0.0,0,1,0,0,0,-1
https://qrco.de/bgbHvX,1,phishtank,qrco.de,de,22,7,7,0,4.0615,2.8074,0,0,1,0,0,1,0.0,0,1,0,0,0,-1
https://harknmav.fun/,0,tranco,harknmav.fun,fun,21,12,1,0,3.7849,3.2516,0,0,1,0,0,1,0.0,0,1,0,0,0,291
https://kuttymovies.mobile/,0,tranco,kuttymovies.mobile,mobile,27,18,1,0,3.9121,3.6144,0,0,1,0,0,1,0.0,0,1,0,0,0,78
https://bit.ly/4765e4n,1,phishtank,bit.ly,ly,22,6,8,0,3.9363,2.585,0,0,1,0,5,1,0.2273,0,1,1,0,0,6639
https://ning.com/,0,tranco,ning.com,com,17,8,1,0,3.5725,2.75,0,0,1,0,0,1,0.0,0,1,0,0,0,8253
https://godagree.com/,0,tranco,godagree.com,com,21,12,1,0,3.7849,3.085,0,0,1,0,0,1,0.0,0,1,0,0,0,557
https://enlive-desktop.wixstudio.com/en-desktop,1,phishtank,wixstudio.com,com,47,28,11,0,4.1453,4.0122,0,1,2,2,0,1,0.0,0,1,0,0,0,-1
https://publitas.com/,0,tranco,publitas.com,com,21,12,1,0,3.749,3.585,0,0,1,0,0,1,0.0,0,1,0,0,0,8265
https://bytetos.com/,0,tranco,bytetos.com,com,20,11,1,0,3.4842,3.0958,0,0,1,0,0,1,0.0,0,1,0,0,0,2018
https://se.net/,0,tranco,se.net,net,15,6,1,0,3.0062,2.2516,0,0,1,0,0,1,0.0,0,1,0,0,0,10320
https://marketwatch.com/,0,tranco,marketwatch.com,com,24,15,1,0,3.7202,3.3736,0,0,1,0,0,1,0.0,0,1,0,0,0,10583
https://l.ead.me/bgat6J,1,phishtank,ead.me,me,23,8,7,0,3.8492,2.5,0,1,2,0,1,1,0.0435,0,1,0,0,0,3928
https://linqapp.com/jerry_shinn?r=link,1,phishtank,linqapp.com,com,38,11,12,6,4.3264,3.2776,0,0,1,0,0,3,0.0,0,1,0,0,0,-1
https://qrco.de/bfaAJ6,1,phishtank,qrco.de,de,22,7,7,0,4.1524,2.8074,0,0,1,0,1,1,0.0455,0,1,0,0,0,-1
https://irobotapi.com/,0,tranco,irobotapi.com,com,22,13,1,0,3.6292,3.1808,0,0,1,0,0,1,0.0,0,1,0,0,0,3788
https://2ch2.net/,0,tranco,2ch2.net,net,17,8,1,0,3.2928,2.75,0,0,1,0,2,1,0.1176,0,1,0,0,0,9091
https://docs.google.com/presentation/d/e/2PACX-1vQ9_BL6ZewqX-NO-0HbsK6pcV7OJO4T-W8z6FJg1-aBSS1aiG6u-a4Wrb-RzJWPnvmpblPn4RTXKWp1/pub?start=false&amp;loop=false&amp;delayms=3000,1,phishtank,google.com,com,175,15,108,43,5.549,2.9736,0,1,2,7,20,9,0.1143,0,1,0,0,0,10537
https://osvita.ua/,0,tranco,osvita.ua,ua,18,9,1,0,3.4194,2.9477,0,0,1,0,0,1,0.0,0,1,0,0,0,6278
https://kasikornbank.com/,0,tranco,kasikornbank.com,com,25,16,1,0,3.8635,3.3278,0,0,1,0,0,1,0.0,0,1,0,1,1,8546
https://docs.google.com/presentation/d/e/2PACX-1vTRX2Dr32ifWs-Cahj642_zZ-avSojX_wAsPgvpx7yMPyuWVuUW2FjlqwoeAL-fqLMZDlGjtaaWLvTw/pub?start=false&amp;loop=false&amp;delayms=3000,1,phishtank,google.com,com,175,15,108,43,5.4833,2.9736,0,1,2,4,14,9,0.08,0,1,0,0,0,10537
https://infura-ipfs.io/,0,tranco,infura-ipfs.io,io,23,14,1,0,3.7623,3.3249,0,0,1,1,0,1,0.0,0,1,0,0,0,2365
https://imolive2.com/,0,tranco,imolive2.com,com,21,12,1,0,3.7849,3.085,0,0,1,0,1,1,0.0476,0,1,0,0,0,2615
https://holoo11.com/,0,tranco,holoo11.com,com,20,11,1,0,3.3842,2.5503,0,0,1,0,2,1,0.1,0,1,0,0,0,471
https://storage.cloud.google.com/indettn/pdflmanco.html#a@b.com,1,phishtank,google.com,com,63,24,23,0,4.2543,3.455,0,2,5,0,0,3,0.0,1,1,0,0,0,10537
https://get-live-global.wixstudio.com/desktop-en-us,1,phishtank,wixstudio.com,com,51,29,14,0,4.3416,4.0213,0,1,2,4,0,1,0.0,0,1,0,0,0,-1
https://sella-it.org,1,phishtank,sella-it.org,org,20,12,0,0,3.7842,3.4183,0,0,1,1,0,1,0.0,0,1,0,0,0,79
https://sites.google.com/view/vn7dlh/security-service,1,phishtank,google.com,com,53,16,29,0,4.2375,3.2028,0,1,2,1,1,1,0.0189,0,1,0,2,1,10537
https://aide-a-proteger-vos-donnees-1.web.app/,1,phishtank,web.app,app,46,37,1,0,4.0693,3.8207,0,1,2,5,1,1,0.0217,0,1,0,0,0,-1
https://devtesting.live/,0,tranco,devtesting.live,live,24,15,1,0,3.6054,3.1899,0,0,1,0,0,1,0.0,0,1,0,0,0,-1
https://buckeye-express33.weebly.com/,1,phishtank,weebly.com,com,37,28,1,0,4.1549,3.8249,0,1,2,1,2,1,0.0541,0,1,0,0,0,7420
http://allegrolokalnie.lokalna-oferta6222782.sbs/oferta/kingston-fury-beast-32gb-ddr5-6000mhz-cl30-kit-2x16gb-amd-expo/813780112,1,phishtank,lokalna-oferta6222782.sbs,sbs,128,41,80,0,4.8162,3.946,0,1,2,11,28,1,0.2188,0,0,0,0,0,34
https://1cfresh.com/,0,tranco,1cfresh.com,com,20,11,1,0,3.6842,3.2776,0,0,1,0,1,1,0.05,0,1,0,0,0,5479
https://att.daftpage.com/,1,phishtank,daftpage.com,com,25,16,1,0,3.6391,3.2806,0,1,2,0,0,1,0.0,0,1,0,0,0,1732
https://l.ead.me/bfJMdN,1,phishtank,ead.me,me,23,8,7,0,3.969,2.5,0,1,2,0,0,1,0.0,0,1,0,0,0,3928
https://qrco.de/bfJvvk,1,phishtank,qrco.de,de,22,7,7,0,4.0615,2.8074,0,0,1,0,0,1,0.0,0,1,0,0,0,-1
https://bit.ly/4gZMxmR,1,phishtank,bit.ly,ly,22,6,8,0,4.0272,2.585,0,0,1,0,1,1,0.0455,0,1,1,0,0,6639
https://drtuber.com/,0,tranco,drtuber.com,com,20,11,1,0,3.7464,3.2776,0,0,1,0,0,1,0.0,0,1,0,0,0,6194
https://qrco.de/bfKJ9Z,1,phishtank,qrco.de,de,22,7,7,0,4.1524,2.8074,0,0,1,0,1,1,0.0455,0,1,0,0,0,-1
https://ncaa.com/,0,tranco,ncaa.com,com,17,8,1,0,3.4548,2.5,0,0,1,0,0,1,0.0,0,1,0,0,0,10431
https://l.ead.me/bgfhqg,1,phishtank,ead.me,me,23,8,7,0,3.882,2.5,0,1,2,0,0,1,0.0,0,1,0,0,0,3928
https://bytegle.tech/,0,tranco,bytegle.tech,tech,21,12,1,0,3.4633,3.0221,0,0,1,0,0,1,0.0,0,1,0,0,0,1500
https://starlink.in/,0,tranco,starlink.in,in,20,11,1,0,3.5464,3.0958,0,0,1,0,0,1,0.0,0,1,0,0,0,2846
https://l.ead.me/bfU6mb,1,phishtank,ead.me,me,23,8,7,0,3.882,2.5,0,1,2,0,1,1,0.0435,0,1,0,0,0,3928
https://wallet-pantom.framer.ai/,1,phishtank,framer.ai,ai,32,23,1,0,3.9764,3.654,0,1,2,1,0,1,0.0,0,1,0,1,1,3119
https://mapy.com/,0,tranco,mapy.com,com,17,8,1,0,3.4548,2.75,0,0,1,0,0,1,0.0,0,1,0,0,0,8486
https://surfnet.nl/,0,tranco,surfnet.nl,nl,19,10,1,0,3.5369,3.1219,0,0,1,0,0,1,0.0,0,1,0,0,0,14358
https://la.gov/,0,tranco,la.gov,gov,15,6,1,0,3.4566,2.585,0,0,1,0,0,1,0.0,0,1,0,0,0,9766
https://qrco.de/bfGxsw,1,phishtank,qrco.de,de,22,7,7,0,4.0615,2.8074,0,0,1,0,0,1,0.0,0,1,0,0,0,-1
https://naftemporiki.gr/,0,tranco,naftemporiki.gr,gr,24,15,1,0,3.9387,3.6402,0,0,1,0,0,1,0.0,0,1,0,0,0,-1
https://q-r.to/bfjUuN,1,phishtank,q-r.to,to,21,6,7,0,3.9395,2.585,0,0,1,1,0,1,0.0,0,1,0,0,0,5285
https://stipepay.com/,0,tranco,stipepay.com,com,21,12,1,0,3.6178,3.4183,0,0,1,0,0,1,0.0,0,1,0,0,0,1320
https://mdhv.io/,0,tranco,mdhv.io,io,16,7,1,0,3.4528,2.8074,0,0,1,0,0,1,0.0,0,1,0,0,0,3422
https://easying-f5b8c.firebaseapp.com/,1,phishtank,firebaseapp.com,com,38,29,1,0,4.3065,4.0473,0,1,2,1,2,1,0.0526,0,1,0,0,0,5027
https://20573691.xyz/a4nppaq2/bmA08C/594CKh,1,phishtank,20573691.xyz,xyz,43,12,23,0,4.6271,3.585,0,0,1,0,15,1,0.3488,0,1,0,0,0,67
https://dal.ca/,0,tranco,dal.ca,ca,15,6,1,0,3.3232,2.2516,0,0,1,0,0,1,0.0,0,1,0,0,0,9400
https://untappd.com/,0,tranco,untappd.com,com,20,11,1,0,3.6087,3.2776,0,0,1,0,0,1,0.0,0,1,0,0,0,5908
https://luca.com.tr/,0,tranco,luca.com.tr,com.tr,20,11,1,0,3.6464,3.0958,0,0,2,0,0,1,0.0,0,1,0,0,0,7915
https://justvideohub.org/,0,tranco,justvideohub.org,org,25,16,1,0,3.9435,3.75,0,0,1,0,0,1,0.0,0,1,0,0,0,73
https://namequery.com/,0,tranco,namequery.com,com,22,13,1,0,3.9706,3.3927,0,0,1,0,0,1,0.0,0,1,0,0,0,10016
https://gopayapi.com/,0,tranco,gopayapi.com,com,21,12,1,0,3.6538,3.085,0,0,1,0,0,1,0.0,0,1,0,0,0,-1
https://vidzp.com/,0,tranco,vidzp.com,com,18,9,1,0,3.6835,3.1699,0,0,1,0,0,1,0.0,0,1,0,0,0,77
http://dpdco-uk.cfd/uk,1,phishtank,dpdco-uk.cfd,cfd,22,12,3,0,3.5726,3.0221,0,0,1,1,0,1,0.0,0,0,0,0,0,27
https://agoralab.co/,0,tranco,agoralab.co,co,20,11,1,0,3.6464,2.8454,0,0,1,0,0,1,0.0,0,1,0,0,0,4575
https://l.ead.me/bfJuIC,1,phishtank,ead.me,me,23,8,7,0,4.056,2.5,0,1,2,0,0,1,0.0,0,1,0,0,0,3928
https://new.express.adobe.com/webpage/GpTiFjMSJsfce,1,phishtank,adobe.com,com,51,21,22,0,4.488,3.5945,0,2,3,0,0,1,0.0,0,1,0,0,0,14492
https://qrco.de/bgaIa5,1,phishtank,qrco.de,de,22,7,7,0,4.0615,2.8074,0,0,1,0,1,1,0.0455,0,1,0,0,0,-1
https://de.net/,0,tranco,de.net,net,15,6,1,0,3.1396,2.2516,0,0,1,0,0,1,0.0,0,1,0,0,0,11495
https://iniciobanesconline.web.app/,1,phishtank,web.app,app,35,26,1,0,3.8646,3.4406,0,1,2,0,0,1,0.0,0,1,0,0,0,-1
https://www.google.com/url?q=https://irsrefundservices.brizy.site&sa=D&source=editors&ust=1708966745479601&usg=AOvVaw0zgpZU_9pMdBXrFa-Wie4V,1,phishtank,google.com,com,139,14,4,112,5.2506,2.8424,0,1,4,1,19,12,0.1367,0,1,0,2,1,10537
https://twibida.com/,0,tranco,twibida.com,com,20,11,1,0,3.7464,3.2776,0,0,1,0,0,1,0.0,0,1,0,0,0,2598
https://devvit.net/,0,tranco,devvit.net,net,19,10,1,0,3.3661,2.7219,0,0,1,0,0,1,0.0,0,1,0,0,0,1533
https://securityweek.com/,0,tranco,securityweek.com,com,25,16,1,0,3.9133,3.5778,0,0,1,0,0,1,0.0,0,1,0,1,1,8888
https://l.ead.me/bfWSk6,1,phishtank,ead.me,me,23,8,7,0,4.056,2.5,0,1,2,0,1,1,0.0435,0,1,0,0,0,3928
https://www.gov-parkingqy.top/com,1,phishtank,gov-parkingqy.top,top,33,21,4,0,4.2027,3.7849,0,1,2,1,0,1,0.0,0,1,0,0,0,55
https://labkas.com/,0,tranco,labkas.com,com,19,10,1,0,3.6819,3.1219,0,0,1,0,0,1,0.0,0,1,0,0,0,3351
https://l.wl.co/l?u=https://s.pangkalpinangkota.go.id/VtIwE,1,phishtank,wl.co,co,59,7,2,41,4.2615,2.2359,0,1,5,0,0,4,0.0,0,1,0,0,0,5931
https://q-r.to/bfFaO4,1,phishtank,q-r.to,to,21,6,7,0,3.9395,2.585,0,0,1,1,1,1,0.0476,0,1,0,0,0,5285
https://docs.google.com/document/d/1PjOWsxzziU21B8PqVUDMPs-fAbs9cqWiq_xAfaKPhaU/edit,1,phishtank,google.com,com,84,15,61,0,5.062,2.9736,0,1,2,1,5,1,0.0595,0,1,0,0,0,10537
https://timesofisrael.com/,0,tranco,timesofisrael.com,com,26,17,1,0,3.8441,3.4992,0,0,1,0,0,1,0.0,0,1,0,0,0,6003
https://metamsk_us_logi.godaddysites.com/,1,phishtank,godaddysites.com,com,41,32,1,0,4.1227,3.8667,0,1,2,0,0,1,0.0,0,1,0,0,0,4628
https://google.com.pg/,0,tranco,google.com.pg,com.pg,22,13,1,0,3.5383,2.8151,0,0,2,0,0,1,0.0,0,1,0,0,0,-1
https://cpuip.vu/a/d/,1,phishtank,cpuip.vu,vu,21,8,5,0,3.4226,2.5,0,0,1,0,0,1,0.0,0,1,0,0,0,78
https://etrade.com/,0,tranco,etrade.com,com,19,10,1,0,3.6421,3.1219,0,0,1,0,0,1,0.0,0,1,0,0,0,11587
https://nominetdns.uk/,0,tranco,nominetdns.uk,uk,22,13,1,0,3.7201,3.3347,0,0,1,0,0,1,0.0,0,1,0,0,0,2358
http://sp19ct7-varek-biz-lurem-donis.pages.dev/,1,phishtank,pages.dev,dev,47,39,1,0,4.5542,4.3943,0,1,2,4,3,1,0.0638,0,0,0,0,0,-1
https://doteasy.com/,0,tranco,doteasy.com,com,20,11,1,0,3.6464,3.2776,0,0,1,0,0,1,0.0,0,1,0,0,0,9831
https://lordcommandre.web.app/,1,phishtank,web.app,app,30,21,1,0,4.0566,3.6304,0,1,2,0,0,1,0.0,0,1,0,0,0,-1
https://miniclip.com/,0,tranco,miniclip.com,com,21,12,1,0,3.5585,2.8554,0,0,1,0,0,1,0.0,0,1,0,0,0,9539
https://share-na2.hsforms.com/1uSr7d-5RR5umU2K668YSYA403rym,1,phishtank,hsforms.com,com,59,21,30,0,4.9079,3.5945,0,1,2,2,12,1,0.2034,0,1,0,0,0,4690
https://vk.com/away.php?to=https%3A%2F%2Fxn----7sbbaqhlkm9ah9aiq.su%2Fplugins%2Fsystem%2Fredirect%2Findex.php&utf=1?idtrack=txO5MRtH,1,phishtank,vk.com,com,132,6,9,108,5.1034,2.585,0,0,4,4,12,14,0.0909,0,1,0,0,0,-1
https://bit.ly/SetelSIg,1,phishtank,bit.ly,ly,23,6,9,0,3.7081,2.585,0,0,1,0,0,1,0.0,0,1,1,0,0,6639
https://uri.sh/,0,tranco,uri.sh,sh,15,6,1,0,3.1899,2.585,0,0,1,0,0,1,0.0,0,1,0,0,0,3593
https://3u7h4h.hair/curvs3bb/Fh8NK2/GLCadq,1,phishtank,3u7h4h.hair,hair,42,11,23,0,4.5061,3.0272,0,0,1,0,6,1,0.1429,0,1,0,0,0,4
https://kitapyurdu.com/,0,tranco,kitapyurdu.com,com,23,14,1,0,3.9362,3.6645,0,0,1,0,0,1,0.0,0,1,0,0,0,9823
https://popularmechanics.com/,0,tranco,popularmechanics.com,com,29,20,1,0,3.9523,3.6842,0,0,1,0,0,1,0.0,0,1,0,0,0,11458
http://allegro.4892k67.lol,1,phishtank,4892k67.lol,lol,26,19,0,0,4.0851,3.6163,0,1,2,0,6,1,0.2308,0,0,0,0,0,23
https://logindeutschlands-kreditdeutsh-e.91-218-65-223.plesk.page/intel/,1,phishtank,plesk.page,page,72,57,7,0,4.4906,4.4269,0,2,3,5,10,1,0.1389,0,1,0,1,1,-1
https://bit.ly/4iJ2wXR,1,phishtank,bit.ly,ly,22,6,8,0,3.9363,2.585,0,0,1,0,2,1,0.0909,0,1,1,0,0,6639
https://elias-tore.bdll845000.pro/captcha.php,1,phishtank,bdll845000.pro,pro,45,25,12,0,4.1999,3.9435,0,1,3,1,6,1,0.1333,0,1,0,0,0,-1
https://pinterest.net/,0,tranco,pinterest.net,net,22,13,1,0,3.2267,2.8151,0,0,1,0,0,1,0.0,0,1,0,0,0,3114
https://horizonfcu.weebly.com/,1,phishtank,weebly.com,com,30,21,1,0,4.2566,3.8802,0,1,2,0,0,1,0.0,0,1,0,0,0,7420
https://virgin.com/,0,tranco,virgin.com,com,19,10,1,0,3.7871,3.1219,0,0,1,0,0,1,0.0,0,1,0,0,0,10542
https://newsobserver.com/,0,tranco,newsobserver.com,com,25,16,1,0,3.8333,3.3278,0,0,1,0,0,1,0.0,0,1,0,0,0,10407
https://service-zqdzn.daftpage.com/,1,phishtank,daftpage.com,com,35,26,1,0,4.3217,4.1329,0,1,2,1,0,1,0.0,0,1,0,1,1,1732
https://canaryis.com/,0,tranco,canaryis.com,com,21,12,1,0,3.7849,3.2516,0,0,1,0,0,1,0.0,0,1,0,0,0,4768
https://instagram-clone-mauve-beta.vercel.app/,1,openphish,vercel.app,app,46,37,1,0,4.187,3.9669,0,1,2,3,0,1,0.0,0,1,0,0,0,-1
https://talktalkemail.plutio.com/p/form/S7F7XudLvsN3GXXmm,1,phishtank,plutio.com,com,57,24,25,0,4.5373,3.4387,0,1,2,0,3,1,0.0526,0,1,0,0,0,3921
https://kucoin_se-login-po.godaddysites.com/,1,phishtank,godaddysites.com,com,44,35,1,0,4.2633,4.0472,0,1,2,2,0,1,0.0,0,1,0,1,1,4628
https://quantserve.net/,0,tranco,quantserve.net,net,23,14,1,0,3.5884,3.182,0,0,1,0,0,1,0.0,0,1,0,0,0,7400
https://cloudflare-gateway.com/,0,tranco,cloudflare-gateway.com,com,31,22,1,0,4.236,3.8797,0,0,1,1,0,1,0.0,0,1,0,0,0,2423
https://idealista.pt/,0,tranco,idealista.pt,pt,21,12,1,0,3.404,3.085,0,0,1,0,0,1,0.0,0,1,0,0,0,6843
http://busanopen.org/office/msgvoice/source/Login.php,1,phishtank,busanopen.org,org,53,13,33,0,4.1658,3.3927,0,0,2,0,0,1,0.0,0,0,0,1,1,8527
https://cra.cz/,0,tranco,cra.cz,cz,15,6,1,0,3.3232,2.2516,0,0,1,0,0,1,0.0,0,1,0,0,0,10637
http://www.allegrolokalnie.pl-ogloszenia-firmowe-id-332388.sbs,1,phishtank,pl-ogloszenia-firmowe-id-332388.sbs,sbs,62,55,0,0,4.4681,4.2152,0,2,3,4,6,1,0.0968,0,0,0,0,0,35
https://fiu.edu/,0,tranco,fiu.edu,edu,16,7,1,0,3.4528,2.5216,0,0,1,0,0,1,0.0,0,1,0,0,0,13393
https://elastic-cloud.com/,0,tranco,elastic-cloud.com,com,26,17,1,0,3.921,3.5725,0,0,1,1,0,1,0.0,0,1,0,0,0,6663
https://pub-3c1c9165bb9c4a87820418ea5debe3d7.r2.dev/playnet.html,1,phishtank,r2.dev,dev,64,43,13,0,4.7242,4.2398,0,1,3,1,20,1,0.3125,0,1,0,0,0,-1
https://rfi.fr/,0,tranco,rfi.fr,fr,15,6,1,0,3.1899,1.9183,0,0,1,0,0,1,0.0,0,1,0,0,0,11525
https://popular-orchid-395656.framer.app/,1,phishtank,framer.app,app,41,32,1,0,4.3059,4.0389,0,1,2,2,6,1,0.1463,0,1,0,0,0,-1
https://vinted.pt/,0,tranco,vinted.pt,pt,18,9,1,0,3.3502,2.9477,0,0,1,0,0,1,0.0,0,1,0,0,0,4935
https://bradesco.atualizacaonetempresa.app/inicio,1,phishtank,atualizacaonetempresa.app,app,49,34,7,0,4.05,3.7814,0,1,2,0,0,1,0.0,0,1,0,0,0,-1
https://new.express.adobe.com/webpage/9ToGBcw3d1Cgx,1,phishtank,adobe.com,com,51,21,22,0,4.4708,3.5945,0,2,3,0,3,1,0.0588,0,1,0,0,0,14492
https://l.ead.me/bffCG0,1,phishtank,ead.me,me,23,8,7,0,3.969,2.5,0,1,2,0,1,1,0.0435,0,1,0,0,0,3928
https://zeffy.com/,0,tranco,zeffy.com,com,18,9,1,0,3.6835,2.9477,0,0,1,0,0,1,0.0,0,1,0,0,0,7797
https://tr.ee/ofAHq8xeRm,1,phishtank,tr.ee,ee,24,5,11,0,3.9906,1.9219,0,0,1,0,1,1,0.0417,0,1,0,0,0,-1
https://etsi.org/,0,tranco,etsi.org,org,17,8,1,0,3.4104,3.0,0,0,1,0,0,1,0.0,0,1,0,0,0,10584
https://idealist.org/,0,tranco,idealist.org,org,21,12,1,0,3.749,3.4183,0,0,1,0,0,1,0.0,0,1,0,0,0,10926
https://almalinux.org/,0,tranco,almalinux.org,org,22,13,1,0,3.9706,3.3927,0,0,1,0,0,1,0.0,0,1,0,0,0,2035
https://user-davlvlenda.webcindario.com/,1,phishtank,webcindario.com,com,40,31,1,0,4.3464,3.9779,0,1,2,1,0,1,0.0,0,1,0,0,0,9275
https://managed-protection.com/,0,tranco,managed-protection.com,com,31,22,1,0,4.0023,3.6978,0,0,1,1,0,1,0.0,0,1,0,0,0,4475
https://telstra.com/,0,tranco,telstra.com,com,20,11,1,0,3.5842,3.2776,0,0,1,0,0,1,0.0,0,1,0,0,0,11269
https://docs.google.com/presentation/d/e/2PACX-1vQj5_YMUSuDh3WgYw0bDsRd-scmBsOhLOg9AdXQwvEX7I0QpzqSmtTv1mbFdx5XK3oXp5loV9_A8gzV/pub?start=false&amp;loop=false&amp;delayms=3000,1,phishtank,google.com,com,175,15,108,43,5.5732,2.9736,0,1,2,2,18,9,0.1029,0,1,0,0,0,10537
https://shorturl.asia/axgic,1,phishtank,shorturl.asia,asia,27,13,6,0,3.8282,3.2389,0,0,1,0,0,1,0.0,0,1,0,0,0,2224
https://claude.ai/,0,tranco,claude.ai,ai,18,9,1,0,3.6835,2.9477,0,0,1,0,0,1,0.0,0,1,0,0,0,2908
https://meta.ai/,0,tranco,meta.ai,ai,16,7,1,0,3.2806,2.5216,0,0,1,0,0,1,0.0,0,1,0,0,0,3140
https://svcmot.com/,0,tranco,svcmot.com,com,19,10,1,0,3.3264,2.7219,0,0,1,0,0,1,0.0,0,1,0,0,0,6269
https://sitepoint.com/,0,tranco,sitepoint.com,com,22,13,1,0,3.516,3.2389,0,0,1,0,0,1,0.0,0,1,0,0,0,9788
https://vuelosvianca.webcindario.com/pago/finandina/,1,phishtank,webcindario.com,com,52,28,16,0,4.2179,3.8424,0,1,2,0,0,1,0.0,0,1,0,0,0,9275
https://windowsupdate.com/,0,tranco,windowsupdate.com,com,26,17,1,0,3.9501,3.7345,0,0,1,0,0,1,0.0,0,1,0,1,1,10592
https://bit.ly/4gTfwYU?Yyc=awOBm8rndd,1,phishtank,bit.ly,ly,37,6,8,14,4.7362,2.585,0,0,1,0,2,3,0.0541,0,1,1,0,0,6639
https://brand-display.com/,0,tranco,brand-display.com,com,26,17,1,0,4.1329,3.8522,0,0,1,1,0,1,0.0,0,1,0,0,0,5412
https://fastvideosave.net/,0,tranco,fastvideosave.net,net,26,17,1,0,3.6903,3.3372,0,0,1,0,0,1,0.0,0,1,0,0,0,727
https://ckeditor.com/,0,tranco,ckeditor.com,com,21,12,1,0,3.749,3.2516,0,0,1,0,0,1,0.0,0,1,0,0,0,6999
https://gtm-a4b8.com/,0,tranco,gtm-a4b8.com,com,21,12,1,0,3.8442,3.4183,0,0,1,1,2,1,0.0952,0,1,0,0,0,2876
https://fastmail.com/,0,tranco,fastmail.com,com,21,12,1,0,3.6538,3.2516,0,0,1,0,0,1,0.0,0,1,0,0,0,11548
https://sachsen.de/,0,tranco,sachsen.de,de,19,10,1,0,3.4316,2.9219,0,0,1,0,0,1,0.0,0,1,0,0,0,-1
https://mozaws.net/,0,tranco,mozaws.net,net,19,10,1,0,3.6421,3.3219,0,0,1,0,0,1,0.0,0,1,0,0,0,4782
https://docs.google.com/presentation/d/e/2PACX-1vQYGSNnFYP5Vc1gq0TEQZu56Lz4DbS06tKnKOqSurAXKhPc2h0Q2U3V_GdQr0OTvZjOMGey6z0P4Tfi/pub?start=false&amp;loop=false&amp;delayms=3000,1,phishtank,google.com,com,175,15,108,43,5.6087,2.9736,0,1,2,1,22,9,0.1257,0,1,0,0,0,10537
https://fyrtheupwyj.firebaseapp.com/,1,phishtank,firebaseapp.com,com,36,27,1,0,4.1626,4.0323,0,1,2,0,0,1,0.0,0,1,0,0,0,5027
https://crazymaplestudios.com/,0,tranco,crazymaplestudios.com,com,30,21,1,0,4.0981,3.9161,0,0,1,0,0,1,0.0,0,1,0,0,0,2994
https://verpagertr.weebly.com/,1,phishtank,weebly.com,com,30,21,1,0,4.0314,3.6897,0,1,2,0,0,1,0.0,0,1,0,0,0,7420
https://access-update-access-uprade.weebly.com/,1,phishtank,weebly.com,com,47,38,1,0,4.028,3.7776,0,1,2,3,0,1,0.0,0,1,0,1,1,7420
https://nekenearsten.web.app/,1,phishtank,web.app,app,29,20,1,0,3.5949,3.2037,0,1,2,0,0,1,0.0,0,1,0,0,0,-1
https://s-cloud.fi/,0,tranco,s-cloud.fi,fi,19,10,1,0,3.7871,3.3219,0,0,1,1,0,1,0.0,0,1,0,0,0,3390
https://cdcfl-zcmp.campaign-view.eu/ua/viewinbrowser?m=1&mrd=11e6d4f7ee5e06e3&n=11699e4c13ff3a1&od=3zb1b2b36752e6e57c1c70e84214af4d81&rd=11e6d4f7ee5f73f6&sd=11e6d4f7ee5f5acd,1,phishtank,campaign-view.eu,eu,173,27,17,120,4.8307,3.9401,0,1,2,2,58,13,0.3353,0,1,0,0,0,-1
https://q-r.to/bfMR70,1,phishtank,q-r.to,to,21,6,7,0,3.9395,2.585,0,0,1,1,2,1,0.0952,0,1,0,0,0,5285
https://netdata.cloud/,0,tranco,netdata.cloud,cloud,22,13,1,0,3.6978,3.2389,0,0,1,0,0,1,0.0,0,1,0,0,0,3715
https://gale.com/,0,tranco,gale.com,com,17,8,1,0,3.6901,3.0,0,0,1,0,0,1,0.0,0,1,0,0,0,11736
https://noticiasaominuto.com/,0,tranco,noticiasaominuto.com,com,29,20,1,0,3.6335,3.1842,0,0,1,0,0,1,0.0,0,1,0,0,0,5145
https://qqq-ttss.su/,0,tranco,qqq-ttss.su,su,20,11,1,0,3.0464,2.4131,0,0,1,1,0,1,0.0,0,1,0,0,0,391
https://1tamilmv.cards/,0,tranco,1tamilmv.cards,cards,23,14,1,0,3.8492,3.5216,0,0,1,0,1,1,0.0435,0,1,0,0,0,-1
https://azionedge.com/,0,tranco,azionedge.com,com,22,13,1,0,3.9706,3.3927,0,0,1,0,0,1,0.0,0,1,0,0,0,2002
https://docs.google.com/presentation/d/e/2PACX-1vSmZKMDTaLtpZb556wYt4ms4WAJlnLtmeC_hZV9H50b0yEl9SY1SDxZTruG4M-xkj9fInaO_yjsDFsG/pub?start=true&amp;loop=false&amp;delayms=3000,1,phishtank,google.com,com,174,15,108,42,5.575,2.9736,0,1,2,2,19,9,0.1092,0,1,0,0,0,10537
https://bafybeibmh5wtv6u6htshlkgwj5tm32caaubrmvziyd4k6kirzwee4uckty.ipfs.dweb.link/,1,phishtank,dweb.link,link,83,74,1,0,4.7801,4.6944,0,2,3,0,9,1,0.1084,0,1,0,0,0,3435
https://iqiyipic.com/,0,tranco,iqiyipic.com,com,21,12,1,0,3.4992,2.7516,0,0,1,0,0,1,0.0,0,1,0,0,0,2954
https://aahah.m-pages.com/dUFx6y/hiyo,1,phishtank,m-pages.com,com,37,17,12,0,4.1824,3.2639,0,1,2,1,1,1,0.027,0,1,0,0,0,2688
https://share-eu1.hsforms.com/1xhZNzYlHQsKiPmBMCFFG5A2fep8h,1,phishtank,hsforms.com,com,59,21,30,0,4.9761,3.5945,0,1,2,1,5,1,0.0847,0,1,0,0,0,4690
https://mweb.co.za/,0,tranco,mweb.co.za,co.za,19,10,1,0,3.7871,3.1219,0,0,2,0,0,1,0.0,0,1,0,0,0,10827
https://bahalmag.ir/,0,tranco,bahalmag.ir,ir,20,11,1,0,3.6464,3.0272,0,0,1,0,0,1,0.0,0,1,0,0,0,-1
https://apple-dns.cn/,0,tranco,apple-dns.cn,cn,21,12,1,0,3.6538,3.2516,0,0,1,1,0,1,0.0,0,1,0,1,1,3225
https://lance.com.br/,0,tranco,lance.com.br,com.br,21,12,1,0,3.8802,3.2516,0,0,2,0,0,1,0.0,0,1,0,0,0,10996
https://logistique-re-livraison.com/,1,phishtank,logistique-re-livraison.com,com,36,27,1,0,4.1972,3.9121,0,0,1,2,0,1,0.0,0,1,0,0,0,58
https://huaweicloud.com/,0,tranco,huaweicloud.com,com,24,15,1,0,3.9702,3.5069,0,0,1,0,0,1,0.0,0,1,0,1,1,5895
https://l.ead.me/bfMsNG,1,phishtank,ead.me,me,23,8,7,0,3.969,2.5,0,1,2,0,0,1,0.0,0,1,0,0,0,3928
https://salute.gov.it/,0,tranco,salute.gov.it,gov.it,22,13,1,0,3.6978,3.3927,0,0,2,0,0,1,0.0,0,1,0,0,0,1476
https://t.co/cCH0yMSQGw,1,phishtank,t.co,co,23,4,11,0,4.0231,2.0,0,0,1,0,1,1,0.0435,0,1,1,0,0,5931
https://belproxskyfqa.weebly.com/,1,phishtank,weebly.com,com,33,24,1,0,4.2714,3.9702,0,1,2,0,0,1,0.0,0,1,0,0,0,7420
https://prmovies.health/,0,tranco,prmovies.health,health,24,15,1,0,3.7406,3.6402,0,0,1,0,0,1,0.0,0,1,0,0,0,-1
https://chatty-selfies-379458.framer.app/,1,phishtank,framer.app,app,41,32,1,0,4.3387,4.2653,0,1,2,2,6,1,0.1463,0,1,0,0,0,-1
https://qrco.de/bfPiPd,1,phishtank,qrco.de,de,22,7,7,0,3.9706,2.8074,0,0,1,0,0,1,0.0,0,1,0,0,0,-1
https://login.fengdunjiudian.com/?SVLu4eakW6mJ&amp;type=vpoint,1,phishtank,fengdunjiudian.com,com,62,24,1,28,4.8229,3.6368,0,1,2,0,2,5,0.0323,0,1,0,1,1,989
https://trendyol.com/,0,tranco,trendyol.com,com,21,12,1,0,3.8442,3.4183,0,0,1,0,0,1,0.0,0,1,0,0,0,6132
https://myurls.bio/sbcmail,1,phishtank,myurls.bio,bio,26,10,8,0,3.9501,3.3219,0,0,1,0,0,1,0.0,0,1,0,0,0,-1
https://51.la/,0,tranco,51.la,la,14,5,1,0,3.3249,2.3219,0,0,1,0,2,1,0.1429,0,1,0,0,0,7856
https://carleton.ca/,0,tranco,carleton.ca,ca,20,11,1,0,3.6464,3.0958,0,0,1,0,0,1,0.0,0,1,0,0,0,9415
https://iht.com/,0,tranco,iht.com,com,16,7,1,0,3.2806,2.8074,0,0,1,0,0,1,0.0,0,1,0,0,0,11555
http://appstartin-ledgercdn.wixstudio.com/en-start,1,phishtank,wixstudio.com,com,50,34,9,0,4.2349,4.1385,0,1,2,2,0,1,0.0,0,0,0,0,0,-1
https://fsrv.io/,0,tranco,fsrv.io,io,16,7,1,0,3.4528,2.8074,0,0,1,0,0,1,0.0,0,1,0,0,0,132
https://jpn.com/,0,tranco,jpn.com,com,16,7,1,0,3.4528,2.8074,0,0,1,0,0,1,0.0,0,1,0,0,0,10116
https://l.wl.co/l?u=https://qr-codes.io/XOfDAl,1,phishtank,wl.co,co,46,7,2,28,4.3546,2.2359,0,1,3,1,0,4,0.0,0,1,0,0,0,5931
https://docs.google.com/presentation/d/e/2PACX-1vSUr5OiS-5kRbJIQ1ltMksyYfUizxKganxt4L59e4P4cRcTuKRSWxOPG7a51VBYrOiIa5pgM84l7I69/pub?start=false&amp;loop=false&amp;delayms=3000&amp;slide=id.p,1,phishtank,google.com,com,190,15,108,58,5.543,2.9736,0,1,3,2,23,12,0.1211,0,1,0,0,0,10537
https://computerhope.com/,0,tranco,computerhope.com,com,25,16,1,0,3.5631,3.2028,0,0,1,0,0,1,0.0,0,1,0,0,0,10235
http://teleiuaf.com,1,phishtank,teleiuaf.com,com,19,12,0,0,3.7871,3.4183,0,0,1,0,0,1,0.0,0,0,0,0,0,49
https://ufileos.com/,0,tranco,ufileos.com,com,20,11,1,0,3.7842,3.2776,0,0,1,0,0,1,0.0,0,1,0,0,0,3834
https://t13.io/,0,tranco,t13.io,io,15,6,1,0,3.2729,2.585,0,0,1,0,2,1,0.1333,0,1,0,0,0,2627
https://carterb2b.com/wp-content/uploads/2025/,1,phishtank,carterb2b.com,com,46,13,25,0,4.2597,3.2389,0,0,1,1,5,1,0.1087,0,1,0,0,0,1576
https://docs.google.com/presentation/d/e/2PACX-1vSPrDx34nN_F266Ix3PRwadc7KY7RKRtaIHCqhlm9D1r62wfj7WZqS3aaj0fRxVjpBMb4rJGFLwDsTG/pub?start=false&amp;loop=false&amp;delayms=3000,1,phishtank,google.com,com,175,15,108,43,5.615,2.9736,0,1,2,1,22,9,0.1257,0,1,0,0,0,10537
https://diyqmnvsd.firebaseapp.com/,1,phishtank,firebaseapp.com,com,34,25,1,0,4.2561,4.0039,0,1,2,0,0,1,0.0,0,1,0,0,0,5027
https://submityourgfr.web.app/,1,phishtank,web.app,app,30,21,1,0,4.0981,3.9161,0,1,2,0,0,1,0.0,0,1,0,0,0,-1
https://eu.jotform.com/app/253142923750353,1,phishtank,jotform.com,com,42,14,20,0,4.3501,3.182,0,1,2,0,15,1,0.3571,0,1,0,0,0,7559
https://minergate.com/,0,tranco,minergate.com,com,22,13,1,0,3.8454,3.3927,0,0,1,0,0,1,0.0,0,1,0,0,0,4523
https://gorgias.chat/,0,tranco,gorgias.chat,chat,21,12,1,0,3.5585,3.2516,0,0,1,0,0,1,0.0,0,1,0,0,0,-1
https://thesaurus.com/,0,tranco,thesaurus.com,com,22,13,1,0,3.6292,3.3927,0,0,1,0,0,1,0.0,0,1,0,0,0,11376
https://docs.google.com/presentation/d/e/2PACX-1vRvjTXiPpSWy5956OJhUSsCIJBJjHq9XwY9j_ZlJdBhBUCyprYGTTNfU9Pu4uryFoMzdmzTnSExuMTm/pub?start=false&amp;loop=false&amp;delayms=3000,1,phishtank,google.com,com,175,15,108,43,5.624,2.9736,0,1,2,1,14,9,0.08,0,1,0,0,0,10537
https://redsys.es/,0,tranco,redsys.es,es,18,9,1,0,3.2391,2.4194,0,0,1,0,0,1,0.0,0,1,0,0,0,-1
https://chinatimes.com/,0,tranco,chinatimes.com,com,23,14,1,0,3.6753,3.3788,0,0,1,0,0,1,0.0,0,1,0,0,0,10767
https://tame-selfie-313620.framer.app/,1,phishtank,framer.app,app,38,29,1,0,4.1685,3.9354,0,1,2,2,6,1,0.1579,0,1,0,0,0,-1
https://bytello.com/,0,tranco,bytello.com,com,20,11,1,0,3.6464,3.0958,0,0,1,0,0,1,0.0,0,1,0,0,0,2196
https://1e100.net/,0,tranco,1e100.net,net,18,9,1,0,3.3083,2.5033,0,0,1,0,4,1,0.2222,0,1,0,0,0,6144
https://hs-banner.com/,0,tranco,hs-banner.com,com,22,13,1,0,3.8797,3.5466,0,0,1,1,0,1,0.0,0,1,0,0,0,2325
https://pulseaquibhd2026.iceiy.com/,1,phishtank,iceiy.com,com,35,26,1,0,4.3433,4.1329,0,1,2,0,4,1,0.1143,0,1,0,0,0,2054
https://amzaboprime008.pro/,1,phishtank,amzaboprime008.pro,pro,27,18,1,0,3.9582,3.5033,0,0,1,0,3,1,0.1111,0,1,0,0,0,-1
https://kompass.com/,0,tranco,kompass.com,com,20,11,1,0,3.4464,2.914,0,0,1,0,0,1,0.0,0,1,0,0,0,10665
https://synchrony.com/,0,tranco,synchrony.com,com,22,13,1,0,3.6069,3.0851,0,0,1,0,0,1,0.0,0,1,0,0,0,11268
https://access.techbusinessbrain.au/wp-includes/blob.html,1,phishtank,techbusinessbrain.au,au,57,27,22,0,4.1674,3.4262,0,1,3,1,0,1,0.0,0,1,0,0,0,-1
https://qrco.de/bgaWzy,1,phishtank,qrco.de,de,22,7,7,0,4.1524,2.8074,0,0,1,0,0,1,0.0,0,1,0,0,0,-1
https://www.postafvg.eu/,1,phishtank,postafvg.eu,eu,24,15,1,0,3.7406,3.4566,0,1,2,0,0,1,0.0,0,1,0,0,0,-1
http://allegro.id-283js8dm2.click,1,phishtank,id-283js8dm2.click,click,33,26,0,0,4.4155,4.056,0,1,2,1,5,1,0.1515,0,0,0,0,0,16
https://disneyplus.com/,0,tranco,disneyplus.com,com,23,14,1,0,3.9362,3.6645,0,0,1,0,0,1,0.0,0,1,0,0,0,9617
https://gopro.com/,0,tranco,gopro.com,com,18,9,1,0,3.4194,2.6416,0,0,1,0,0,1,0.0,0,1,0,0,0,11263
http://golflincs.co.uk.travelwatchdog.com/,1,phishtank,travelwatchdog.com,com,42,34,1,0,4.2611,4.0653,0,3,4,0,0,1,0.0,0,0,0,0,0,8178
https://site123.me/,0,tranco,site123.me,me,19,10,1,0,3.5369,3.1219,0,0,1,0,3,1,0.1579,0,1,0,0,0,3884
https://openfixepr0.ukit.me/,1,phishtank,ukit.me,me,28,19,1,0,3.9852,3.6819,0,1,2,0,1,1,0.0357,0,1,0,0,0,3509
https://eftps.gov/,0,tranco,eftps.gov,gov,18,9,1,0,3.4194,3.1699,0,0,1,0,0,1,0.0,0,1,0,0,0,10074
https://flowcode.com/p/PVWkfzw5y?fc=0,1,phishtank,flowcode.com,com,37,12,12,4,4.4455,3.0221,0,0,1,0,2,3,0.0541,0,1,0,0,0,5879
https://trexor-learnpage.wixstudio.com/start,1,phishtank,wixstudio.com,com,44,30,6,0,4.203,4.0981,0,1,2,1,0,1,0.0,0,1,0,0,0,-1
https://www.hub5780137.pro/,1,phishtank,hub5780137.pro,pro,27,18,1,0,4.0323,3.6835,0,1,2,0,7,1,0.2593,0,1,0,0,0,-1
https://kucoinlogiu.gitbook.io/us/,1,phishtank,gitbook.io,io,34,22,4,0,3.7604,3.2044,0,1,2,0,0,1,0.0,0,1,0,0,0,4497
https://wrike.com/,0,tranco,wrike.com,com,18,9,1,0,3.7947,3.1699,0,0,1,0,0,1,0.0,0,1,0,0,0,7585
https://blackspider.com/,0,tranco,blackspider.com,com,24,15,1,0,4.0535,3.7736,0,0,1,0,0,1,0.0,0,1,0,0,0,9375
https://222133ww3.weebly.com/,1,phishtank,weebly.com,com,29,20,1,0,3.9952,3.4087,0,1,2,0,7,1,0.2414,0,1,0,0,0,7420
https://imf.org/,0,tranco,imf.org,org,16,7,1,0,3.5778,2.8074,0,0,1,0,0,1,0.0,0,1,0,0,0,11970
https://googlecode.com/,0,tranco,googlecode.com,com,23,14,1,0,3.6212,2.8074,0,0,1,0,0,1,0.0,0,1,0,0,0,7805
https://awsdns-33.co.uk/,0,tranco,awsdns-33.co.uk,co.uk,24,15,1,0,3.9387,3.5069,0,0,2,1,2,1,0.0833,0,1,0,0,0,5753
https://flashscore.gr/,0,tranco,flashscore.gr,gr,22,13,1,0,3.7544,3.3927,0,0,1,0,0,1,0.0,0,1,0,0,0,-1
https://y1vcfa.webwave.dev/,1,phishtank,webwave.dev,dev,27,18,1,0,3.9303,3.3083,0,1,2,0,1,1,0.037,0,1,0,0,0,-1
https://nicecloudsvc.com/,0,tranco,nicecloudsvc.com,com,25,16,1,0,3.8937,3.375,0,0,1,0,0,1,0.0,0,1,0,0,0,2868
https://kingbokep.tv/,0,tranco,kingbokep.tv,tv,21,12,1,0,3.749,3.4183,0,0,1,0,0,1,0.0,0,1,0,0,0,-1
https://567898765tyutryuj.weeblysite.com/,1,phishtank,weeblysite.com,com,41,32,1,0,4.385,4.1792,0,1,2,0,9,1,0.2195,0,1,0,0,0,4963
https://openpetition.de/,0,tranco,openpetition.de,de,24,15,1,0,3.4073,2.9232,0,0,1,0,0,1,0.0,0,1,0,0,0,-1
https://qrco.de/bfIzOF,1,phishtank,qrco.de,de,22,7,7,0,4.1524,2.8074,0,0,1,0,0,1,0.0,0,1,0,0,0,-1
http://start-ledgrcom-cdn.wixstudio.com/us-en,1,phishtank,wixstudio.com,com,45,32,6,0,4.2888,4.0306,0,1,2,3,0,1,0.0,0,0,0,0,0,-1
https://bradescoempresa.integranetempresa.com,1,phishtank,integranetempresa.com,com,45,37,0,0,3.9105,3.6646,0,1,2,0,0,1,0.0,0,1,0,0,0,40
https://ada.support/,0,tranco,ada.support,support,20,11,1,0,3.4087,3.0958,0,0,1,0,0,1,0.0,0,1,0,1,1,-1
https://citi.com/,0,tranco,citi.com,com,17,8,1,0,3.2928,2.5,0,0,1,0,0,1,0.0,0,1,0,0,0,10067
https://q-r.to/bgZdyF,1,phishtank,q-r.to,to,21,6,7,0,3.9395,2.585,0,0,1,1,0,1,0.0,0,1,0,0,0,5285
https://docs.google.com/presentation/d/e/2PACX-1vTWpk2i4oSsjmsTI5tDEybin9qPZOQKU477IM2qf-wXILIkClgT2QVCgRbTKLm1A-UWtJmpVGGoQik1/pub?start=false&amp;loop=false&amp;delayms=3000,1,phishtank,google.com,com,175,15,108,43,5.5799,2.9736,0,1,2,3,17,9,0.0971,0,1,0,0,0,10537
https://quotev.com/,0,tranco,quotev.com,com,19,10,1,0,3.6421,3.1219,0,0,1,0,0,1,0.0,0,1,0,0,0,5283
https://publishersweekly.com/,0,tranco,publishersweekly.com,com,29,20,1,0,4.0902,3.8842,0,0,1,0,0,1,0.0,0,1,0,0,0,11069
https://awsdns-38.com/,0,tranco,awsdns-38.com,com,22,13,1,0,3.9363,3.5466,0,0,1,1,2,1,0.0909,0,1,0,0,0,5752
https://fnbevants.weebly.com/,1,phishtank,weebly.com,com,29,20,1,0,4.0902,3.7842,0,1,2,0,0,1,0.0,0,1,0,0,0,7420
https://pb06e2-resources.ru/,0,tranco,pb06e2-resources.ru,ru,28,19,1,0,3.9138,3.5369,0,0,1,1,3,1,0.1071,0,1,0,0,0,71
http://qrco.de/bg3SaZ?subscribe-id=yk63zl8Ggb5PLy3Prkdh,1,phishtank,qrco.de,de,55,7,7,33,4.9265,2.8074,0,0,1,1,6,3,0.1091,0,0,0,0,0,-1
https://unukf8.webwave.dev/,1,phishtank,webwave.dev,dev,27,18,1,0,4.0323,3.4613,0,1,2,0,1,1,0.037,0,1,0,0,0,-1
https://nkfjdkjkf.weebly.com/,1,phishtank,weebly.com,com,29,20,1,0,4.1852,3.6842,0,1,2,0,0,1,0.0,0,1,0,0,0,7420
https://kontur.host/,0,tranco,kontur.host,host,20,11,1,0,3.3842,3.0958,0,0,1,0,0,1,0.0,0,1,0,0,0,4324
https://l.ead.me/bfHr82,1,phishtank,ead.me,me,23,8,7,0,4.056,2.5,0,1,2,0,2,1,0.087,0,1,0,0,0,3928
https://maxismyclp.help,1,phishtank,maxismyclp.help,help,23,15,0,0,3.7951,3.5069,0,0,1,0,0,1,0.0,0,1,0,0,0,81
https://olx.in/,0,tranco,olx.in,in,15,6,1,0,3.4566,2.585,0,0,1,0,0,1,0.0,0,1,0,0,0,7455
https://ovscdns.net/,0,tranco,ovscdns.net,net,20,11,1,0,3.5087,3.0958,0,0,1,0,0,1,0.0,0,1,0,0,0,3383
https://technorail.com/,0,tranco,technorail.com,com,23,14,1,0,3.8492,3.5216,0,0,1,0,0,1,0.0,0,1,0,0,0,10639
https://tvguide.com/,0,tranco,tvguide.com,com,20,11,1,0,3.8464,3.4594,0,0,1,0,0,1,0.0,0,1,0,0,0,11551
https://cnbc.com/,0,tranco,cnbc.com,com,17,8,1,0,3.4104,2.4056,0,0,1,0,0,1,0.0,0,1,0,0,0,10522
https://siteground.eu/,0,tranco,siteground.eu,eu,22,13,1,0,3.7544,3.3927,0,0,1,0,0,1,0.0,0,1,0,0,0,-1
https://thejakartapost.com/,0,tranco,thejakartapost.com,com,27,18,1,0,3.6764,3.5305,0,0,1,0,0,1,0.0,0,1,0,0,0,10103
https://fornex.com/,0,tranco,fornex.com,com,19,10,1,0,3.7871,3.1219,0,0,1,0,0,1,0.0,0,1,0,0,0,9834
https://vk.team/,0,tranco,vk.team,team,16,7,1,0,3.4056,2.8074,0,0,1,0,0,1,0.0,0,1,0,0,0,-1
https://az24.vn/,0,tranco,az24.vn,vn,16,7,1,0,3.5778,2.8074,0,0,1,0,2,1,0.125,0,1,0,0,0,-1
https://ytrmpzkr.com/,1,phishtank,ytrmpzkr.com,com,21,12,1,0,3.6538,3.2516,0,0,1,0,0,1,0.0,0,1,0,0,0,84
http://55i.de1.mytemp.website/,1,phishtank,mytemp.website,website,30,22,1,0,3.7899,3.516,0,2,3,0,3,1,0.1,0,0,0,0,0,928
https://yadro.com/,0,tranco,yadro.com,com,18,9,1,0,3.6835,2.9477,0,0,1,0,0,1,0.0,0,1,0,0,0,8344
https://pari-betting.com/,0,tranco,pari-betting.com,com,25,16,1,0,3.9737,3.75,0,0,1,1,0,1,0.0,0,1,0,0,0,655
http://allegro.9239h9459.shop/,1,phishtank,9239h9459.shop,shop,30,22,1,0,3.9899,3.7322,0,1,2,0,8,1,0.2667,0,0,0,0,0,-1
https://warthunder.com/,0,tranco,warthunder.com,com,23,14,1,0,3.9362,3.6645,0,0,1,0,0,1,0.0,0,1,0,0,0,5346
https://telegraph.co.uk/,0,tranco,telegraph.co.uk,co.uk,24,15,1,0,3.8554,3.6402,0,0,2,0,0,1,0.0,0,1,0,0,0,10947
https://bonushotlink.weeblysite.com/,1,phishtank,weeblysite.com,com,36,27,1,0,4.086,3.8842,0,1,2,0,0,1,0.0,0,1,0,1,1,4963
https://awsdns-07.net/,0,tranco,awsdns-07.net,net,22,13,1,0,3.7201,3.3927,0,0,1,1,2,1,0.0909,0,1,0,0,0,5752
https://casadelmarbg.com/w_included/tc.html?id=c51ipBIbXOL3yjbD,1,phishtank,casadelmarbg.com,com,63,16,19,19,4.8759,3.4528,0,0,2,0,3,3,0.0476,0,1,0,0,0,6299
https://serasapremium.cmail20.com/t/d-e-jhtlwi-iidulukitu-hy/,1,phishtank,cmail20.com,com,61,25,28,0,4.3487,3.6537,0,1,2,4,2,1,0.0328,0,1,0,0,0,7014
https://minhngoc.net/,0,tranco,minhngoc.net,net,21,12,1,0,3.6178,3.1887,0,0,1,0,0,1,0.0,0,1,0,0,0,6997
https://docs.google.com/presentation/d/e/2PACX-1vQG4tQ8LpPaFsZKjxIjgAdCJ2uXEI69ewePKyO3r9iB4sVVKhAexJ56_5ScdgK6vxf5KwpRW1XoZ9dR/pub?start=false&loop=false&delayms=3000&slide=id.p,1,phishtank,google.com,com,178,15,108,46,5.5394,2.9736,0,1,3,1,21,9,0.118,0,1,0,0,0,10537
https://tuoitre.vn/,0,tranco,tuoitre.vn,vn,19,10,1,0,3.5766,3.1219,0,0,1,0,0,1,0.0,0,1,0,0,0,-1
https://lystit.com/,0,tranco,lystit.com,com,19,10,1,0,3.4714,3.1219,0,0,1,0,0,1,0.0,0,1,0,0,0,5762
https://laracasts.com/,0,tranco,laracasts.com,com,22,13,1,0,3.504,3.027,0,0,1,0,0,1,0.0,0,1,0,0,0,4876
https://escortsandbabes.com.au/,0,tranco,escortsandbabes.com.au,com.au,31,22,1,0,3.9134,3.5726,0,0,2,0,0,1,0.0,0,1,0,0,0,-1
https://xn--00010-vp4dze3g8a8gsid.weebly.com/,1,phishtank,weebly.com,com,45,36,1,0,4.686,4.4613,0,1,2,3,9,1,0.2,0,1,0,0,0,7420
https://l.ead.me/bfRa4S,1,phishtank,ead.me,me,23,8,7,0,3.969,2.5,0,1,2,0,1,1,0.0435,0,1,0,0,0,3928
https://adaptaresudest.com/?email=redacted@abuse.ionos.com,1,phishtank,adaptaresudest.com,com,58,18,1,30,4.1811,3.4613,0,0,3,0,0,4,0.0,1,1,0,0,0,693
https://authid1-posteo-webmail-anmeldung-oauth2onepass-wgerrwerw.weebly.com/,1,phishtank,weebly.com,com,76,67,1,0,4.431,4.309,0,1,2,5,2,1,0.0263,0,1,0,1,1,7420
https://filmibeat.com/,0,tranco,filmibeat.com,com,22,13,1,0,3.8454,3.3927,0,0,1,0,0,1,0.0,0,1,0,0,0,4425
https://monday.com/,0,tranco,monday.com,com,19,10,1,0,3.6819,2.9219,0,0,1,0,0,1,0.0,0,1,0,0,0,11326
https://avsxappcaptiveportal.com/,0,tranco,avsxappcaptiveportal.com,com,33,24,1,0,3.8212,3.585,0,0,1,0,0,1,0.0,0,1,0,0,0,1175
https://docs.google.com/presentation/d/e/2PACX-1vRRY_5Lkya4ZoCF3ZLSddZWed9ZSkrF_gw0bqilBkNzJSBxXahIbjvhKBBbPmsnR0NVgbS398sFbQJK/pub?start=false&amp;loop=false&amp;delayms=3000,1,phishtank,google.com,com,175,15,108,43,5.5683,2.9736,0,1,2,1,15,9,0.0857,0,1,0,0,0,10537
https://new.express.adobe.com/webpage/pqk9odxuVGFvR,1,phishtank,adobe.com,com,51,21,22,0,4.5396,3.5945,0,2,3,0,1,1,0.0196,0,1,0,0,0,14492
https://newcastle.edu.au/,0,tranco,newcastle.edu.au,edu.au,25,16,1,0,3.7533,3.3278,0,0,2,0,0,1,0.0,0,1,0,0,0,-1
https://whecloud.com/,0,tranco,whecloud.com,com,21,12,1,0,3.7849,3.2516,0,0,1,0,0,1,0.0,0,1,0,0,0,3217
https://megaphone.fm/,0,tranco,megaphone.fm,fm,21,12,1,0,3.6897,3.2516,0,0,1,0,0,1,0.0,0,1,0,0,0,3876
https://myattvmcenter.pory.app/,1,phishtank,pory.app,app,31,22,1,0,3.7811,3.4817,0,1,2,0,0,1,0.0,0,1,0,0,0,-1
https://id.govfcvq.autos/,1,phishtank,govfcvq.autos,autos,25,16,1,0,3.9435,3.625,0,1,2,0,0,1,0.0,0,1,0,0,0,82
https://qrco.de/bgbiRy,1,phishtank,qrco.de,de,22,7,7,0,4.0615,2.8074,0,0,1,0,0,1,0.0,0,1,0,0,0,-1
https://sites.google.com/view/mensajeronbcr111,1,phishtank,google.com,com,46,16,22,0,4.2384,3.2028,0,1,2,0,3,1,0.0652,0,1,0,0,0,10537
https://microsoft-int.com/,0,tranco,microsoft-int.com,com,26,17,1,0,3.7193,3.3372,0,0,1,1,0,1,0.0,0,1,0,1,1,8979
https://xueqiu.com/,0,tranco,xueqiu.com,com,19,10,1,0,3.7871,3.1219,0,0,1,0,0,1,0.0,0,1,0,0,0,9205
https://domappcheckomeg28.web.app/,1,phishtank,web.app,app,34,25,1,0,4.0545,3.7337,0,1,2,0,2,1,0.0588,0,1,0,0,0,-1
https://serpro.gov.br/,0,tranco,serpro.gov.br,gov.br,22,13,1,0,3.5726,3.027,0,0,2,0,0,1,0.0,0,1,0,0,0,11525
https://trzro-iostart.wixstudio.com/us-en,1,phishtank,wixstudio.com,com,41,27,6,0,4.0948,3.6619,0,1,2,2,0,1,0.0,0,1,0,0,0,-1
https://bradesco.analiseempresanet.click/,1,phishtank,analiseempresanet.click,click,41,32,1,0,4.0435,3.7775,0,1,2,0,0,1,0.0,0,1,0,0,0,13
https://rmrp.ru/,0,tranco,rmrp.ru,ru,16,7,1,0,3.1556,2.1281,0,0,1,0,0,1,0.0,0,1,0,0,0,2091
https://www.dropbox.com/scl/fi/qdv5iebowqij0shbsszjy/Bt-Internet.papert?dl=0&rlkey=zjuo19vckz4u6jfeblbvqjpm8&st=626p6ss1,1,phishtank,dropbox.com,com,120,15,48,48,5.1148,3.1396,0,1,3,1,13,7,0.1083,0,1,0,0,0,11347
https://6.accessbenefitscenter.com/journey?s=f226230a-85dc-4bb3-9711-bb9dfa6ce9fe#back,1,phishtank,accessbenefitscenter.com,com,86,26,8,38,4.8153,3.5326,0,1,2,4,18,4,0.2093,0,1,0,0,0,281
https://mycloud.com/,0,tranco,mycloud.com,com,20,11,1,0,3.6842,2.914,0,0,1,0,0,1,0.0,0,1,0,0,0,10239
http://allegrolokalnie.aukcja843325.icu/oferta/chlodnia-magazynowa-skrzynia-izolowana-370205215-cm-agregat-400v/42701?fbclid=iwy2xjawq3jtllehrua2flbqixmabicmlketfqvznkzldwqwftu1y0snzsc3j0ywzhchbfawqqmjiymdm5mtc4odiwmdg5mgabhmye5iotkggkdawu1-jli1-3m4oim-uwuwvt5dbxwclykmplqsaujs3amuq3_aem_wj5kkqxdx7johghdgtfwsw,1,phishtank,aukcja843325.icu,icu,310,32,78,192,5.0812,4.0,0,1,2,10,43,3,0.1387,0,0,0,0,0,115
https://holodisks.com/,0,tranco,holodisks.com,com,22,13,1,0,3.6292,3.1808,0,0,1,0,0,1,0.0,0,1,0,0,0,239
https://planningcenteronline.com/,0,tranco,planningcenteronline.com,com,33,24,1,0,3.8391,3.4073,0,0,1,0,0,1,0.0,0,1,0,0,0,7361
https://hrc.org/,0,tranco,hrc.org,org,16,7,1,0,3.3278,2.5216,0,0,1,0,0,1,0.0,0,1,0,0,0,10745
https://q-r.to/bfPN9a,1,phishtank,q-r.to,to,21,6,7,0,3.9395,2.585,0,0,1,1,1,1,0.0476,0,1,0,0,0,5285
https://att-com-screen-105545.weeblysite.com/,1,phishtank,weeblysite.com,com,45,36,1,0,4.3142,4.0969,0,1,2,3,6,1,0.1333,0,1,0,0,0,4963
https://lsapp.eu/,0,tranco,lsapp.eu,eu,17,8,1,0,3.2928,2.75,0,0,1,0,0,1,0.0,0,1,0,0,0,-1
https://gamisco.com/,0,tranco,gamisco.com,com,20,11,1,0,3.5842,2.914,0,0,1,0,0,1,0.0,0,1,0,0,0,207
https://l.ead.me/bfIy5P,1,phishtank,ead.me,me,23,8,7,0,4.056,2.5,0,1,2,0,1,1,0.0435,0,1,0,0,0,3928
https://bookme.com/btwebmail,1,phishtank,bookme.com,com,28,10,10,0,3.8868,2.6464,0,0,1,0,0,1,0.0,0,1,0,0,0,8921
https://apis.google.com/additnow/l?applicationid=180181176205&amp;__ls=ogb&amp;__lu=https%3A%2F%2Fmensagem.acessoseguro.link/%2Fdesco,1,phishtank,google.com,com,133,15,11,98,4.9268,3.3232,0,1,4,0,16,13,0.1203,0,1,0,0,0,10537
https://ionos2.lovestoblog.com/,1,phishtank,lovestoblog.com,com,31,22,1,0,3.8647,3.4817,0,1,2,0,1,1,0.0323,0,1,0,0,0,2168
https://liongard.com/,0,tranco,liongard.com,com,21,12,1,0,3.9754,3.4183,0,0,1,0,0,1,0.0,0,1,0,0,0,4284
https://www.hyyywl.com/?FcnIHIvy7Djx&amp;type=jrepoint,1,phishtank,hyyywl.com,com,54,14,1,30,4.6741,2.7534,0,1,2,0,1,5,0.0185,0,1,0,0,0,5752
https://ct.gov/,0,tranco,ct.gov,gov,15,6,1,0,3.2729,2.585,0,0,1,0,0,1,0.0,0,1,0,0,0,9127
https://videonow.ru/,0,tranco,videonow.ru,ru,20,11,1,0,3.8842,3.2776,0,0,1,0,0,1,0.0,0,1,0,0,0,6756
https://www.miricanvas.com/v2/design2/v/a3f075bf-2fa8-479f-91c0-13a0ee8c924e,1,phishtank,miricanvas.com,com,76,18,50,0,4.7525,3.3502,0,1,2,4,21,1,0.2763,0,1,0,0,0,2918
https://mangapicgallery.com/,0,tranco,mangapicgallery.com,com,28,19,1,0,4.0391,3.5766,0,0,1,0,0,1,0.0,0,1,0,0,0,5580
https://qrco.de/bfJMgL,1,phishtank,qrco.de,de,22,7,7,0,4.1524,2.8074,0,0,1,0,0,1,0.0,0,1,0,0,0,-1
https://kunlunle.com/,0,tranco,kunlunle.com,com,21,12,1,0,3.7849,3.085,0,0,1,0,0,1,0.0,0,1,0,0,0,4380
https://l.ead.me/bfHdaz,1,phishtank,ead.me,me,23,8,7,0,3.882,2.5,0,1,2,0,0,1,0.0,0,1,0,0,0,3928
https://zdnscloud.cn/,0,tranco,zdnscloud.cn,cn,21,12,1,0,3.6897,3.085,0,0,1,0,0,1,0.0,0,1,0,0,0,5822
https://co.govsdxw.autos/,1,phishtank,govsdxw.autos,autos,25,16,1,0,3.8031,3.4528,0,1,2,0,0,1,0.0,0,1,0,0,0,83
https://lawson.co.jp/,0,tranco,lawson.co.jp,co.jp,21,12,1,0,3.6897,3.2516,0,0,2,0,0,1,0.0,0,1,0,0,0,-1
https://rcgpxk.cn/,1,phishtank,rcgpxk.cn,cn,18,9,1,0,3.5724,2.9477,0,0,1,0,0,1,0.0,0,1,0,0,0,-1
https://slackb.com/,0,tranco,slackb.com,com,19,10,1,0,3.6819,3.1219,0,0,1,0,0,1,0.0,0,1,0,0,0,3165
https://spbtv.media/,0,tranco,spbtv.media,media,20,11,1,0,3.6464,3.4594,0,0,1,0,0,1,0.0,0,1,0,0,0,-1
http://allegrolokalnie.smart-63823.cfd/oferta/myjka-cisnieniowa-karcher-k7-full-control-plus-z-osprzetem-i-na-gwarancji,1,phishtank,smart-63823.cfd,cfd,119,31,81,0,4.5759,4.2202,0,1,2,12,6,1,0.0504,0,0,0,0,0,83
https://pixiv.net/,0,tranco,pixiv.net,net,18,9,1,0,3.4194,2.9477,0,0,1,0,0,1,0.0,0,1,0,0,0,6946
https://mailpi-ocgrgr.com/MOpFFQ1dAU8/,1,phishtank,mailpi-ocgrgr.com,com,38,17,13,0,4.4912,3.3816,0,0,1,1,2,1,0.0526,0,1,0,0,0,109
https://earn.fm/,0,tranco,earn.fm,fm,16,7,1,0,3.5778,2.8074,0,0,1,0,0,1,0.0,0,1,0,0,0,1392
https://mjedge.net/,0,tranco,mjedge.net,net,19,10,1,0,3.4972,2.8464,0,0,1,0,0,1,0.0,0,1,0,0,0,1044
http://trentino.edu.pe/,1,phishtank,trentino.edu.pe,edu.pe,23,15,1,0,3.5014,3.1899,0,0,2,0,0,1,0.0,0,0,0,0,0,-1
https://manageappupdateuservgdv.ender-zone.com/?yyy,1,phishtank,ender-zone.com,com,51,38,1,3,4.2747,3.8854,0,1,2,1,0,2,0.0,0,1,0,1,1,2192
http://ambernamesweb.com/,1,phishtank,ambernamesweb.com,com,25,17,1,0,3.8333,3.2928,0,0,1,0,0,1,0.0,0,0,0,0,0,1154
https://linktr.ee/xfinitiyy,1,phishtank,linktr.ee,ee,27,9,10,0,3.764,2.9477,0,0,1,0,0,1,0.0,0,1,0,0,0,3787
https://diceempire-ba357.firebaseapp.com/,1,phishtank,firebaseapp.com,com,41,32,1,0,4.1899,3.8789,0,1,2,1,3,1,0.0732,0,1,0,0,0,5027
https://qrco.de/bfN9ix,1,phishtank,qrco.de,de,22,7,7,0,4.1524,2.8074,0,0,1,0,1,1,0.0455,0,1,0,0,0,-1
https://rituals.com/,0,tranco,rituals.com,com,20,11,1,0,3.7464,3.4594,0,0,1,0,0,1,0.0,0,1,0,0,0,10562
https://docs.google.com/presentation/d/e/2PACX-1vTEjODm0syvsh2R0Fl43wf1jYcaO5ZaV0jcpXSl6IpJ0XmXrsBWWq5-vQ_uKrbq2pVM29PWPI4VE8wp/pub?start=false&amp;loop=false&amp;delayms=3000,1,phishtank,google.com,com,175,15,108,43,5.5524,2.9736,0,1,2,2,22,9,0.1257,0,1,0,0,0,10537
https://rnote.com/,0,tranco,rnote.com,com,18,9,1,0,3.5305,2.9477,0,0,1,0,0,1,0.0,0,1,0,0,0,8622
https://tubemogul.com/,0,tranco,tubemogul.com,com,22,13,1,0,3.7544,3.2389,0,0,1,0,0,1,0.0,0,1,0,0,0,7237
https://scanned.page/p/R1x0KV,1,phishtank,scanned.page,page,29,12,9,0,4.0733,3.085,0,0,1,0,2,1,0.069,0,1,0,0,0,-1
https://qrcodeveloper.com/code/B39gvypK0-Oi8xtD/,1,phishtank,qrcodeveloper.com,com,48,17,23,0,4.5876,3.2928,0,0,1,1,4,1,0.0833,0,1,0,0,0,1152
https://autoscout24.be/,0,tranco,autoscout24.be,be,23,14,1,0,3.7081,3.3788,0,0,1,0,2,1,0.087,0,1,0,0,0,-1
https://ihead.ru/,0,tranco,ihead.ru,ru,17,8,1,0,3.5725,3.0,0,0,1,0,0,1,0.0,0,1,0,0,0,6926
https://href.li/https://performancelocal.com/wp-admin/,1,phishtank,href.li,li,54,7,39,0,4.168,2.8074,0,0,2,1,0,2,0.0,0,1,0,0,0,-1
https://susercontent.com/,0,tranco,susercontent.com,com,25,16,1,0,3.6235,3.25,0,0,1,0,0,1,0.0,0,1,0,0,0,1465
https://appcues.net/,0,tranco,appcues.net,net,20,11,1,0,3.4087,3.0958,0,0,1,0,0,1,0.0,0,1,0,0,0,3703
https://t-mobile.bhvao.shop/pay,1,phishtank,bhvao.shop,shop,31,19,4,0,3.9292,3.6819,0,1,2,1,0,1,0.0,0,1,0,0,0,-1
https://mathtag.com/,0,tranco,mathtag.com,com,20,11,1,0,3.3842,2.914,0,0,1,0,0,1,0.0,0,1,0,0,0,-1
https://ny.gov/,0,tranco,ny.gov,gov,15,6,1,0,3.4566,2.585,0,0,1,0,0,1,0.0,0,1,0,0,0,8708
https://pcloud.com/,0,tranco,pcloud.com,com,19,10,1,0,3.5766,2.9219,0,0,1,0,0,1,0.0,0,1,0,0,0,6796
http://dravoni-gld-zarqumi-r1x3hp74.pages.dev/,1,phishtank,pages.dev,dev,46,38,1,0,4.599,4.4316,0,1,2,3,4,1,0.087,0,0,0,0,0,-1
https://workspace-drive-login.com/,1,phishtank,workspace-drive-login.com,com,34,25,1,0,4.3372,4.0537,0,0,1,2,0,1,0.0,0,1,0,1,1,16
https://kaiserpermanente.org/,0,tranco,kaiserpermanente.org,org,29,20,1,0,3.8144,3.4842,0,0,1,0,0,1,0.0,0,1,0,0,0,10898
https://s13.view.sfmc-marketing.com/view_email.aspx?qs=44e14a92e7c206e6abef1decd042127d40e91fc1e39d1a1f429a46eb18d728da3fc9bb9562162f9cc17619fe14a0f36bda868a58ff8f7105f70d980ebbf660e5,1,phishtank,sfmc-marketing.com,com,183,27,16,131,4.7739,4.1064,0,2,4,1,78,3,0.4262,0,1,0,0,0,3019
https://appstarts-exudus.wixstudio.com/us-en,1,phishtank,wixstudio.com,com,44,30,6,0,4.0815,3.8566,0,1,2,2,0,1,0.0,0,1,0,0,0,-1
https://klarnacdn.net/,0,tranco,klarnacdn.net,net,22,13,1,0,3.7201,3.1808,0,0,1,0,0,1,0.0,0,1,0,0,0,4279
https://9to5google.com/,0,tranco,9to5google.com,com,23,14,1,0,3.6753,3.0931,0,0,1,0,2,1,0.087,0,1,0,0,0,6382
https://docs.google.com/presentation/d/e/2PACX-1vQmOg5XZdPssyqYb71EEAE06-VUBU0T7hwOUTn82TbpQShS1l20FhKanOtrEDx-9B2G9WHotUW7LNpZ/pub?start=false&amp;loop=false&amp;delayms=3000,1,phishtank,google.com,com,175,15,108,43,5.5812,2.9736,0,1,2,3,22,9,0.1257,0,1,0,0,0,10537
https://oyorooms.com/,0,tranco,oyorooms.com,com,21,12,1,0,3.3273,2.4508,0,0,1,0,0,1,0.0,0,1,0,0,0,4740
https://emc.com/,0,tranco,emc.com,com,16,7,1,0,3.3278,2.2359,0,0,1,0,0,1,0.0,0,1,0,0,0,12514
https://gzip.org/,0,tranco,gzip.org,org,17,8,1,0,3.4548,2.75,0,0,1,0,0,1,0.0,0,1,0,0,0,10625
https://packetsdk.net/,0,tranco,packetsdk.net,net,22,13,1,0,3.516,3.2389,0,0,1,0,0,1,0.0,0,1,0,0,0,-1
https://otidapi.com/,0,tranco,otidapi.com,com,20,11,1,0,3.5464,3.0958,0,0,1,0,0,1,0.0,0,1,0,0,0,1468
https://tapology.com/,0,tranco,tapology.com,com,21,12,1,0,3.6178,3.1887,0,0,1,0,0,1,0.0,0,1,0,0,0,7834
https://master.cz/,0,tranco,master.cz,cz,18,9,1,0,3.5305,3.1699,0,0,1,0,0,1,0.0,0,1,0,0,0,10400
https://ccc.de/,0,tranco,ccc.de,de,15,6,1,0,3.1396,1.7925,0,0,1,0,0,1,0.0,0,1,0,0,0,-1
https://iherb.com/,0,tranco,iherb.com,com,18,9,1,0,3.6835,3.1699,0,0,1,0,0,1,0.0,0,1,0,0,0,10585
https://xserver.jp/,0,tranco,xserver.jp,jp,19,10,1,0,3.4714,2.9219,0,0,1,0,0,1,0.0,0,1,0,0,0,7296
https://cdnhwcljk104.com/,0,tranco,cdnhwcljk104.com,com,25,16,1,0,4.1035,3.7028,0,0,1,0,3,1,0.12,0,1,0,0,0,1616
https://platform-en-live.wixstudio.com/en-us,1,phishtank,wixstudio.com,com,44,30,6,0,4.3565,4.1899,0,1,2,3,0,1,0.0,0,1,0,0,0,-1
https://nouvelobs.com/,0,tranco,nouvelobs.com,com,22,13,1,0,3.8454,3.3347,0,0,1,0,0,1,0.0,0,1,0,0,0,10411
https://strmd.st/,0,tranco,strmd.st,st,17,8,1,0,3.0575,2.5,0,0,1,0,0,1,0.0,0,1,0,0,0,46
https://tasteofhome.com/,0,tranco,tasteofhome.com,com,24,15,1,0,3.5221,3.1899,0,0,1,0,0,1,0.0,0,1,0,0,0,10694
https://newskymeshmember.weebly.com/,1,phishtank,weebly.com,com,36,27,1,0,3.9194,3.5138,0,1,2,0,0,1,0.0,0,1,0,0,0,7420
https://q-r.to/bgapSE,1,phishtank,q-r.to,to,21,6,7,0,3.8442,2.585,0,0,1,1,0,1,0.0,0,1,0,0,0,5285
https://frs2c.com/,0,tranco,frs2c.com,com,18,9,1,0,3.5724,2.9477,0,0,1,0,1,1,0.0556,0,1,0,0,0,2296
https://share-eu1.hsforms.com/2KlxKnlQCRj-krrhIktwg8g2ev97b,1,phishtank,hsforms.com,com,59,21,30,0,4.929,3.5945,0,1,2,2,6,1,0.1017,0,1,0,0,0,4690
